Workbook

Sheet 1.1.9
A1: Table 1.1.9 mean heating degree days in Great Britain, [note 1][note 2][note 3][note 4]
A2: This worksheet contains one table
A3: Some cells refer to notes which can be found on the notes worksheet
A4: Freeze panes are active on this sheet, to turn off freeze panes select 'view' then 'freeze panes' then 'unfreeze panes' or use [Alt W, F]
A5: [x] is used to indicate data not available
A6: Column1 | B6: January | C6: February | D6: March | E6: April | F6: May | G6: June | H6: July | I6: August | J6: September | K6: October | L6: November | M6: December | N6: Total heating degree days | O6: Year
A7: Long-term mean 1991-2020 | B7: 10.591253 | C7: 10.331654 | D7: 8.7443241 | E7: 6.6107303 | F7: 3.8731422 | G7: 1.7088802 | H7: 0.61067221 | I7: 0.67392994 | J7: 1.9294969 | K7: 4.6426107 | L7: 7.9338589 | M7: 10.331529 | N7: 2060.8495 | O7: 5.6422985
A8: 2002 | B8: 9.4550417 | C8: 8.2790041 | D8: 7.8466091 | E8: 6.1168275 | F8: 3.6002924 | G8: 1.3671053 | H8: 0.63602623 | I8: 0.085639505 | J8: 1.2452144 | K8: 5.2310036 | L8: 6.7108434 | M8: 9.542275 | N8: 1823.3153 | O8: 4.9953845
A9: 2003 | B9: 10.583783 | C9: 11.061627 | D9: 7.6807725 | E9: 5.619732 | F9: 3.6498821 | G9: 0.26655458 | H9: 0.039558573 | I9: 0.26349746 | J9: 1.5473197 | K9: 6.0769336 | L9: 7.1494594 | M9: 10.467832 | N9: 1948.8476 | O9: 5.3393084
A10: 2004 | B10: 10.009567 | C10: 9.9152096 | D10: 8.8604549 | E10: 5.942711 | F10: 3.4151526 | G10: 1.0315926 | H10: 0.67715053 | I10: 0.21989247 | J10: 1.2194097 | K10: 4.9349599 | L10: 7.4830386 | M10: 9.7566091 | N10: 1931.931 | O10: 5.2785
A11: 2005 | B11: 9.1392716 | C11: 10.952184 | D11: 8.2363158 | E11: 6.6824914 | F11: 4.3252553 | G11: 1.2577341 | H11: 0.26786866 | I11: 0.31190475 | J11: 1.2117619 | K11: 2.5557041 | L11: 9.061693 | M11: 10.67147 | N11: 1953.8131 | O11: 5.3529125
A12: 2006 | B12: 10.98 | C12: 11.332143 | D12: 10.506545 | E12: 7.0039035 | F12: 3.6689209 | G12: 0.64526316 | H12: 0.0045540797 | I12: 0.25625354 | J12: 0.25546784 | K12: 2.7219864 | L12: 7.4257531 | M12: 9.1236323 | N12: 1932.3303 | O12: 5.2940556
A13: 2007 | B13: 8.5841778 | C13: 9.4508459 | D13: 8.3802207 | E13: 4.3097214 | F13: 3.6543294 | G13: 0.91665147 | H13: 0.53709677 | I13: 0.51813364 | J13: 2.1388849 | K13: 4.5029954 | L13: 7.9624286 | M13: 10.463863 | N13: 1860.3196 | O13: 5.096766
A14: 2008 | B14: 9.1267281 | C14: 10.135878 | D14: 9.4043779 | E14: 7.5553175 | F14: 2.5526882 | G14: 1.5995948 | H14: 0.4502195 | I14: 0.22311828 | J14: 1.9839683 | K14: 5.7529685 | L14: 8.5224603 | M14: 11.780031 | N14: 2101.7748 | O14: 5.742554
A15: 2009 | B15: 12.200998 | C15: 11.143793 | D15: 8.5715054 | E15: 5.7938095 | F15: 3.5778034 | G15: 1.5675397 | H15: 0.24101382 | I15: 0.20721966 | J15: 1.463254 | K15: 4.0167435 | L15: 7.0784921 | M15: 12.414593 | N15: 2067.2452 | O15: 5.6636856
A16: 2010 | B16: 14.004992 | C16: 12.74983 | D16: 9.4020737 | E16: 6.6230159 | F16: 4.9456221 | G16: 0.96150794 | H16: 0.055453149 | I16: 0.65192012 | J16: 1.7657143 | K16: 5.1019969 | L16: 10.121032 | M16: 15.7702 | N16: 2489.0333 | O16: 6.8192694
A17: 2011 | B17: 11.644009 | C17: 9.1534014 | D17: 8.7389401 | E17: 3.8340476 | F17: 3.2774962 | G17: 1.8910317 | H17: 0.50176651 | I17: 0.81459293 | J17: 1.0246825 | K17: 3.4271889 | L17: 5.9681746 | M17: 9.5788018 | N17: 1815.3 | O17: 4.9734247
A18: 2012 | B18: 10.03126 | C18: 11.111412 | D18: 7.0460829 | E18: 8.1605556 | F18: 4.2368664 | G18: 2.1284127 | H18: 0.84485407 | I18: 0.25745008 | J18: 2.5852381 | K18: 5.988172 | L18: 8.8489683 | M18: 10.66467 | N18: 2185.0762 | O18: 5.9701535
A19: 2013 | B19: 11.574424 | C19: 12.118622 | D19: 12.547312 | E19: 8.0898413 | F19: 4.9482335 | G19: 1.6752381 | H19: 0.1234255 | I19: 0.1140553 | J19: 1.9122222 | K19: 3.0975422 | L19: 9.1303175 | M19: 9.1036866 | N19: 2250.319 | O19: 6.1652577
... A29: 2023 | B29: 10.244086 | C29: 8.8522109 | D29: 8.5230415 | E29: 6.8684921 | F29: 2.9149002 | G29: 0.59984127 | H29: 0.26228879 | I29: 0.41789555 | J29: 0.57984127 | K29: 3.6403994 | L29: 7.9692063 | M29: 8.5650538 | N29: 1799.981 | O29: 4.9314547
A30: 2024 | B30: 10.496851 | C30: 7.8528736 | D30: 7.6412442 | E30: 6.0338889 | F30: 1.7907066 | G30: 1.7500794 | H30: [x] | I30: [x] | J30: [x] | K30: [x] | L30: [x] | M30: [x] | N30: [x] | O30: [x]

Sheet Degree-days
B3: Annual Heat Demand (kWh/a) | C3: 7527
B5: Mean Heating Days 1991 to 2020 Source: DUKES
B6: Month | C6: Jan | D6: Feb | E6: Mar | F6: Apr | G6: May | H6: Jun | I6: Jul | J6: Aug | K6: Sep | L6: Oct | M6: Nov | N6: Dec | O6: Total
B7: Mean Degree-Days (k.days) | C7: =Table_1.1.8_Mean_heating_degree_days_in_Great_Britain[[#This Row],[January]] -> 10.591253 | D7: =Table_1.1.8_Mean_heating_degree_days_in_Great_Britain[[#This Row],[February]] -> 10.331654 | E7: =Table_1.1.8_Mean_heating_degree_days_in_Great_Britain[[#This Row],[March]] -> 8.7443241 | F7: =Table_1.1.8_Mean_heating_degree_days_in_Great_Britain[[#This Row],[April]] -> 6.6107303 | G7: =Table_1.1.8_Mean_heating_degree_days_in_Great_Britain[[#This Row],[May]] -> 3.8731422 | H7: =Table_1.1.8_Mean_heating_degree_days_in_Great_Britain[[#This Row],[June]] -> 1.7088802 | I7: =Table_1.1.8_Mean_heating_degree_days_in_Great_Britain[[#This Row],[July]] -> 0.61067221 | J7: =Table_1.1.8_Mean_heating_degree_days_in_Great_Britain[[#This Row],[August]] -> 0.67392994 | K7: =Table_1.1.8_Mean_heating_degree_days_in_Great_Britain[[#This Row],[September]] -> 1.9294969 | L7: =Table_1.1.8_Mean_heating_degree_days_in_Great_Britain[[#This Row],[October]] -> 4.6426107 | M7: =Table_1.1.8_Mean_heating_degree_days_in_Great_Britain[[#This Row],[November]] -> 7.9338589 | N7: =Table_1.1.8_Mean_heating_degree_days_in_Great_Britain[[#This Row],[December]] -> 10.331529
B8: Days per month | C8: 31 | D8: 28 | E8: 31 | F8: 30 | G8: 31 | H8: 30 | I8: 31 | J8: 31 | K8: 30 | L8: 31 | M8: 30 | N8: 31 | O8: =SUM(C8:N8) -> 365
B9: Degree-days per month | C9: =C7*C8 -> 328.32885 | D9: =D7*D8 -> 289.28633 | E9: =E7*E8 -> 271.07405 | F9: =F7*F8 -> 198.32191 | G9: =G7*G8 -> 120.06741 | H9: =H7*H8 -> 51.266406 | I9: =I7*I8 -> 18.930839 | J9: =J7*J8 -> 20.891828 | ... N9: =N7*N8 -> 320.2774 | O9: =SUM(C9:N9) -> 2058.2666
B10: % annual degree-days | C10: =C9/$O$9 -> 0.15951716 | D10: =D9/$O$9 -> 0.14054852 | E10: =E9/$O$9 -> 0.13170016 | F10: =F9/$O$9 -> 0.096353849 | G10: =G9/$O$9 -> 0.058334235 | H10: =H9/$O$9 -> 0.024907563 | I10: =I9/$O$9 -> 0.0091974667 | J10: =J9/$O$9 -> 0.010150205 | ... N10: =N9/$O$9 -> 0.1556054 | O10: =SUM(C10:N10) -> 1
B11: Monthly heat demand (kWh/month) | C11: =$C$3*C10 -> 1200.6857 | D11: =$C$3*D10 -> 1057.9087 | E11: =$C$3*E10 -> 991.30712 | F11: =$C$3*F10 -> 725.25542 | G11: =$C$3*G10 -> 439.08178 | H11: =$C$3*H10 -> 187.47923 | I11: =$C$3*I10 -> 69.229332 | J11: =$C$3*J10 -> 76.400593 | ... N11: =$C$3*N10 -> 1171.2418 | O11: =SUM(C11:N11) -> 7527
B12: kWh/h when heating called | C12: =C11/'Heat System Daily Operation'!AH10 -> 3.5107768 | D12: =D11/'Heat System Daily Operation'!AI10 -> 3.4347685 | E12: =E11/'Heat System Daily Operation'!AJ10 -> 2.9591257 | F12: =F11/'Heat System Daily Operation'!AK10 -> 2.1331042 | G12: =G11/'Heat System Daily Operation'!AL10 -> 1.3106919 | H12: =H11/'Heat System Daily Operation'!AM10 -> 0.57508966 | I12: =I11/'Heat System Daily Operation'!AN10 -> 0.19836485 | J12: =J11/'Heat System Daily Operation'!AO10 -> 0.22806147 | ... N12: =N11/'Heat System Daily Operation'!AS10 -> 3.3559938
C13: =C11/(C8*24) -> 1.6138248
B14: Period | C14: Winter (Dec to Feb) | D14: Spring/Autumn (Mar to May, Sep to Nov) | E14: Summer (Jun to Aug) | F14: Check Sum | H14: Source
B15: =B7 -> Mean Degree-Days (k.days) | C15: =AVERAGE(C7,D7,N7) -> 10.418146 | D15: =AVERAGE(E7,F7,G7,K7,L7,M7) -> 5.6223605 | E15: =AVERAGE(H7,I7,J7) -> 0.99782745
B16: % Annual Degree-days | C16: =C10+D10+N10 -> 0.45567108 | D16: =SUM(E10:G10)+SUM(K10:M10) -> 0.50007368 | E16: =SUM(H10:J10) -> 0.044255235 | F16: =SUM(C16:E16) -> 1
B17: Number of Days | C17: =N8+C8+D8 -> 90 | D17: =SUM(E8:G8)+SUM(K8:M8) -> 183 | E17: =SUM(H8:J8) -> 92 | F17: =SUM(C17:E17) -> 365
B18: kWh for period | C18: =C11+D11+N11 -> 3429.8362 | D18: =SUM(E11:G11)+SUM(K11:M11) -> 3764.0546 | E18: =SUM(H11:J11) -> 333.10915 | F18: =SUM(C18:E18) -> 7527 | G18: =IF(F18=C3, TRUE,FALSE) -> TRUE
B19: =B12 -> kWh/h when heating called | C19: =C18/('Heat System Daily Operation'!AH10+'Heat System Daily Operation'!AI10+'Heat System Daily Operation'!AS10) -> 3.4332695 | D19: =D18/('Heat System Daily Operation'!AJ10+'Heat System Daily Operation'!AK10+'Heat System Daily Operation'!AL10+'Heat System Daily Operation'!AP10+'Heat System Daily Operation'!AQ10+'Heat System Daily Operation'!AR10) -> 1.8717328 | E19: =E18/SUM('Heat System Daily Operation'!AM10:AO10) -> 0.32981104
B21: Average Air Temperature (°C) | C21: =AVERAGE(8.79,8.42,8.98) -> 8.73 | D21: =AVERAGE(11.73,15,18.37,20.22,15.81,11.47) -> 15.433333 | E21: =AVERAGE(21.57,23.89,23.4) -> 22.953333 | H21: Met Office (1990 - 2020)
B22: HP CoP @ Supply Temp Applies to ASHP and WSHP
B23: 55°C | C23: 2.9 | D23: 3.3 | E23: 3.4
B24: 45°C | C24: 3.5 | D24: 4 | E24: 4.2
B25: 35°C | C25: 4.5 | D25: 5.1 | E25: 5.4
B27: Revised CoPs | C27: ASHP and WSHP, Outlet 35ºC
B28: =B21 -> Average Air Temperature (°C) | C28: 7 | D28: =D21 -> 15.433333 | E28: =E21 -> 22.953333 | F28: Slope | G28: 0.092
B29: Individual ASHP CoP | C29: 4.6 | D29: =$C$29+($G$28*(D21-$C$28)) -> 5.3758667 | E29: =$C$29+($G$28*(E21-$C$28)) -> 6.0677067
B30: Commercial ASHP Qh,Qc | C30: =C29 -> 4.6 | D30: =D29 -> 5.3758667 | E30: =E29 -> 6.0677067
B31: Individual WSHP at W20W35 | C31: 9.5 | D31: =C31 -> 9.5 | E31: =D31 -> 9.5 | F31: Daikin datasheet
B32: Individual WSHP at W10W35 | C32: =(C31-C33)/2+C33 -> 7.12 | D32: =C32 -> 7.12 | E32: =D32 -> 7.12 | F32: Interpolation
B33: Individual WSHP at W0W35 | C33: 4.74 | F33: =F31 -> Daikin datasheet
I56: Performance evaluation of air-source heat pump based on a
I57: pressure drop embedded model
I58: Tim Koopman , Tingting Zhu *, Wilko Rohlfs
I59: 2024

Sheet Heat System Daily Operation
E4: Hour of Day | F4: 1 | G4: 2 | H4: 3 | I4: 4 | J4: 5 | K4: 6 | L4: 7 | M4: 8 | N4: 9 | O4: 10 | P4: 11 | Q4: 12 | R4: 13 | S4: 14 | T4: 15 | U4: 16 | V4: 17 | W4: 18 | X4: 19 | Y4: 20 | Z4: 21 | AA4: 22 | AB4: 23 | AC4: 24
D5: Heating system operating hours | E5: weekend | F5: 0 | G5: 0 | H5: 0 | I5: 0 | J5: 0 | K5: 0 | L5: 1 | M5: 1 | N5: 1 | O5: 1 | P5: 1 | Q5: 1 | R5: 1 | S5: 1 | T5: 1 | U5: 1 | V5: 1 | W5: 1 | X5: 1 | Y5: 1 | Z5: 1 | AA5: 1 | AB5: 0
E6: weekday | F6: 0 | G6: 0 | H6: 0 | I6: 0 | J6: 0 | K6: 0 | L6: 1 | M6: 1 | N6: 0 | O6: 0 | P6: 0 | Q6: 0 | R6: 0 | S6: 0 | T6: 0 | U6: 1 | V6: 1 | W6: 1 | X6: 1 | Y6: 1 | Z6: 1 | AA6: 1 | AB6: 0 | AC6: 0
AD8: Total | AE8: Monthly Total | AH8: Operating Hours per Month
D9: 44927 | E9: =IF(WEEKDAY(D9, 2)<6, "weekday", "weekend") -> weekend | F9: =IF($E9=$E$5,(F$5),(F$6)) -> 0 | G9: =IF($E9=$E$5,(G$5),(G$6)) -> 0 | H9: =IF($E9=$E$5,(H$5),(H$6)) -> 0 | I9: =IF($E9=$E$5,(I$5),(I$6)) -> 0 | J9: =IF($E9=$E$5,(J$5),(J$6)) -> 0 | K9: =IF($E9=$E$5,(K$5),(K$6)) -> 0 | L9: =IF($E9=$E$5,(L$5),(L$6)) -> 1 | M9: =IF($E9=$E$5,(M$5),(M$6)) -> 1 | ... AC9: =IF($E9=$E$5,(AC$5),(AC$6)) -> 0 | AD9: =SUM(F9:AC9) -> 16 | AE9: Jan | AF9: =SUM(AD9:AD39) -> 342 | AH9: {=TRANSPOSE(AE9:AF20)} -> Jan | AI9: Feb | AJ9: Mar | AK9: Apr | AL9: May | AM9: Jun | AN9: Jul | AO9: Aug | AP9: Sep | AQ9: Oct | AR9: Nov | AS9: Dec | AT9: Total
D10: 44928 | E10: =IF(WEEKDAY(D10, 2)<6, "weekday", "weekend") -> weekday | F10: =IF($E10=$E$5,(F$5),(F$6)) -> 0 | G10: =IF($E10=$E$5,(G$5),(G$6)) -> 0 | H10: =IF($E10=$E$5,(H$5),(H$6)) -> 0 | I10: =IF($E10=$E$5,(I$5),(I$6)) -> 0 | J10: =IF($E10=$E$5,(J$5),(J$6)) -> 0 | K10: =IF($E10=$E$5,(K$5),(K$6)) -> 0 | L10: =IF($E10=$E$5,(L$5),(L$6)) -> 1 | M10: =IF($E10=$E$5,(M$5),(M$6)) -> 1 | ... AC10: =IF($E10=$E$5,(AC$5),(AC$6)) -> 0 | AD10: =SUM(F10:AC10) -> 9 | AE10: Feb | AF10: =SUM(AD40:AD67) -> 308 | AH10: 342 | AI10: 308 | AJ10: 335 | AK10: 340 | AL10: 335 | AM10: 326 | AN10: 349 | AO10: 335 | AP10: 333 | AQ10: 342 | AR10: 326 | AS10: 349 | AT10: =SUM(AH10:AS10) -> 4020
D11: 44929 | E11: =IF(WEEKDAY(D11, 2)<6, "weekday", "weekend") -> weekday | F11: =IF($E11=$E$5,(F$5),(F$6)) -> 0 | G11: =IF($E11=$E$5,(G$5),(G$6)) -> 0 | H11: =IF($E11=$E$5,(H$5),(H$6)) -> 0 | I11: =IF($E11=$E$5,(I$5),(I$6)) -> 0 | J11: =IF($E11=$E$5,(J$5),(J$6)) -> 0 | K11: =IF($E11=$E$5,(K$5),(K$6)) -> 0 | L11: =IF($E11=$E$5,(L$5),(L$6)) -> 1 | M11: =IF($E11=$E$5,(M$5),(M$6)) -> 1 | ... AC11: =IF($E11=$E$5,(AC$5),(AC$6)) -> 0 | AD11: =SUM(F11:AC11) -> 9 | AE11: Mar | AF11: =SUM(AD68:AD98) -> 335
D12: 44930 | E12: =IF(WEEKDAY(D12, 2)<6, "weekday", "weekend") -> weekday | F12: =IF($E12=$E$5,(F$5),(F$6)) -> 0 | G12: =IF($E12=$E$5,(G$5),(G$6)) -> 0 | H12: =IF($E12=$E$5,(H$5),(H$6)) -> 0 | I12: =IF($E12=$E$5,(I$5),(I$6)) -> 0 | J12: =IF($E12=$E$5,(J$5),(J$6)) -> 0 | K12: =IF($E12=$E$5,(K$5),(K$6)) -> 0 | L12: =IF($E12=$E$5,(L$5),(L$6)) -> 1 | M12: =IF($E12=$E$5,(M$5),(M$6)) -> 1 | ... AC12: =IF($E12=$E$5,(AC$5),(AC$6)) -> 0 | AD12: =SUM(F12:AC12) -> 9 | AE12: Apr | AF12: =SUM(AD99:AD128) -> 340
D13: 44931 | E13: =IF(WEEKDAY(D13, 2)<6, "weekday", "weekend") -> weekday | F13: =IF($E13=$E$5,(F$5),(F$6)) -> 0 | G13: =IF($E13=$E$5,(G$5),(G$6)) -> 0 | H13: =IF($E13=$E$5,(H$5),(H$6)) -> 0 | I13: =IF($E13=$E$5,(I$5),(I$6)) -> 0 | J13: =IF($E13=$E$5,(J$5),(J$6)) -> 0 | K13: =IF($E13=$E$5,(K$5),(K$6)) -> 0 | L13: =IF($E13=$E$5,(L$5),(L$6)) -> 1 | M13: =IF($E13=$E$5,(M$5),(M$6)) -> 1 | ... AC13: =IF($E13=$E$5,(AC$5),(AC$6)) -> 0 | AD13: =SUM(F13:AC13) -> 9 | AE13: May | AF13: =SUM(AD129:AD159) -> 335
D14: 44932 | E14: =IF(WEEKDAY(D14, 2)<6, "weekday", "weekend") -> weekday | F14: =IF($E14=$E$5,(F$5),(F$6)) -> 0 | G14: =IF($E14=$E$5,(G$5),(G$6)) -> 0 | H14: =IF($E14=$E$5,(H$5),(H$6)) -> 0 | I14: =IF($E14=$E$5,(I$5),(I$6)) -> 0 | J14: =IF($E14=$E$5,(J$5),(J$6)) -> 0 | K14: =IF($E14=$E$5,(K$5),(K$6)) -> 0 | L14: =IF($E14=$E$5,(L$5),(L$6)) -> 1 | M14: =IF($E14=$E$5,(M$5),(M$6)) -> 1 | ... AC14: =IF($E14=$E$5,(AC$5),(AC$6)) -> 0 | AD14: =SUM(F14:AC14) -> 9 | AE14: Jun | AF14: =SUM(AD160:AD189) -> 326
D15: 44933 | E15: =IF(WEEKDAY(D15, 2)<6, "weekday", "weekend") -> weekend | F15: =IF($E15=$E$5,(F$5),(F$6)) -> 0 | G15: =IF($E15=$E$5,(G$5),(G$6)) -> 0 | H15: =IF($E15=$E$5,(H$5),(H$6)) -> 0 | I15: =IF($E15=$E$5,(I$5),(I$6)) -> 0 | J15: =IF($E15=$E$5,(J$5),(J$6)) -> 0 | K15: =IF($E15=$E$5,(K$5),(K$6)) -> 0 | L15: =IF($E15=$E$5,(L$5),(L$6)) -> 1 | M15: =IF($E15=$E$5,(M$5),(M$6)) -> 1 | ... AC15: =IF($E15=$E$5,(AC$5),(AC$6)) -> 0 | AD15: =SUM(F15:AC15) -> 16 | AE15: Jul | AF15: =SUM(AD190:AD220) -> 349
D16: 44934 | E16: =IF(WEEKDAY(D16, 2)<6, "weekday", "weekend") -> weekend | F16: =IF($E16=$E$5,(F$5),(F$6)) -> 0 | G16: =IF($E16=$E$5,(G$5),(G$6)) -> 0 | H16: =IF($E16=$E$5,(H$5),(H$6)) -> 0 | I16: =IF($E16=$E$5,(I$5),(I$6)) -> 0 | J16: =IF($E16=$E$5,(J$5),(J$6)) -> 0 | K16: =IF($E16=$E$5,(K$5),(K$6)) -> 0 | L16: =IF($E16=$E$5,(L$5),(L$6)) -> 1 | M16: =IF($E16=$E$5,(M$5),(M$6)) -> 1 | ... AC16: =IF($E16=$E$5,(AC$5),(AC$6)) -> 0 | AD16: =SUM(F16:AC16) -> 16 | AE16: Aug | AF16: =SUM(AD221:AD251) -> 335
D17: 44935 | E17: =IF(WEEKDAY(D17, 2)<6, "weekday", "weekend") -> weekday | F17: =IF($E17=$E$5,(F$5),(F$6)) -> 0 | G17: =IF($E17=$E$5,(G$5),(G$6)) -> 0 | H17: =IF($E17=$E$5,(H$5),(H$6)) -> 0 | I17: =IF($E17=$E$5,(I$5),(I$6)) -> 0 | J17: =IF($E17=$E$5,(J$5),(J$6)) -> 0 | K17: =IF($E17=$E$5,(K$5),(K$6)) -> 0 | L17: =IF($E17=$E$5,(L$5),(L$6)) -> 1 | M17: =IF($E17=$E$5,(M$5),(M$6)) -> 1 | ... AC17: =IF($E17=$E$5,(AC$5),(AC$6)) -> 0 | AD17: =SUM(F17:AC17) -> 9 | AE17: Sep | AF17: =SUM(AD252:AD281) -> 333
D18: 44936 | E18: =IF(WEEKDAY(D18, 2)<6, "weekday", "weekend") -> weekday | F18: =IF($E18=$E$5,(F$5),(F$6)) -> 0 | G18: =IF($E18=$E$5,(G$5),(G$6)) -> 0 | H18: =IF($E18=$E$5,(H$5),(H$6)) -> 0 | I18: =IF($E18=$E$5,(I$5),(I$6)) -> 0 | J18: =IF($E18=$E$5,(J$5),(J$6)) -> 0 | K18: =IF($E18=$E$5,(K$5),(K$6)) -> 0 | L18: =IF($E18=$E$5,(L$5),(L$6)) -> 1 | M18: =IF($E18=$E$5,(M$5),(M$6)) -> 1 | ... AC18: =IF($E18=$E$5,(AC$5),(AC$6)) -> 0 | AD18: =SUM(F18:AC18) -> 9 | AE18: Oct | AF18: =SUM(AD282:AD312) -> 342
D19: 44937 | E19: =IF(WEEKDAY(D19, 2)<6, "weekday", "weekend") -> weekday | F19: =IF($E19=$E$5,(F$5),(F$6)) -> 0 | G19: =IF($E19=$E$5,(G$5),(G$6)) -> 0 | H19: =IF($E19=$E$5,(H$5),(H$6)) -> 0 | I19: =IF($E19=$E$5,(I$5),(I$6)) -> 0 | J19: =IF($E19=$E$5,(J$5),(J$6)) -> 0 | K19: =IF($E19=$E$5,(K$5),(K$6)) -> 0 | L19: =IF($E19=$E$5,(L$5),(L$6)) -> 1 | M19: =IF($E19=$E$5,(M$5),(M$6)) -> 1 | ... AC19: =IF($E19=$E$5,(AC$5),(AC$6)) -> 0 | AD19: =SUM(F19:AC19) -> 9 | AE19: Nov | AF19: =SUM(AD313:AD342) -> 326
D20: 44938 | E20: =IF(WEEKDAY(D20, 2)<6, "weekday", "weekend") -> weekday | F20: =IF($E20=$E$5,(F$5),(F$6)) -> 0 | G20: =IF($E20=$E$5,(G$5),(G$6)) -> 0 | H20: =IF($E20=$E$5,(H$5),(H$6)) -> 0 | I20: =IF($E20=$E$5,(I$5),(I$6)) -> 0 | J20: =IF($E20=$E$5,(J$5),(J$6)) -> 0 | K20: =IF($E20=$E$5,(K$5),(K$6)) -> 0 | L20: =IF($E20=$E$5,(L$5),(L$6)) -> 1 | M20: =IF($E20=$E$5,(M$5),(M$6)) -> 1 | ... AC20: =IF($E20=$E$5,(AC$5),(AC$6)) -> 0 | AD20: =SUM(F20:AC20) -> 9 | AE20: Dec | AF20: =SUM(AD343:AD373) -> 349
D21: 44939 | E21: =IF(WEEKDAY(D21, 2)<6, "weekday", "weekend") -> weekday | F21: =IF($E21=$E$5,(F$5),(F$6)) -> 0 | G21: =IF($E21=$E$5,(G$5),(G$6)) -> 0 | H21: =IF($E21=$E$5,(H$5),(H$6)) -> 0 | I21: =IF($E21=$E$5,(I$5),(I$6)) -> 0 | J21: =IF($E21=$E$5,(J$5),(J$6)) -> 0 | K21: =IF($E21=$E$5,(K$5),(K$6)) -> 0 | L21: =IF($E21=$E$5,(L$5),(L$6)) -> 1 | M21: =IF($E21=$E$5,(M$5),(M$6)) -> 1 | ... AC21: =IF($E21=$E$5,(AC$5),(AC$6)) -> 0 | AD21: =SUM(F21:AC21) -> 9 | AE21: Total | AF21: =SUM(AF9:AF20) -> 4020
D22: 44940 | E22: =IF(WEEKDAY(D22, 2)<6, "weekday", "weekend") -> weekend | F22: =IF($E22=$E$5,(F$5),(F$6)) -> 0 | G22: =IF($E22=$E$5,(G$5),(G$6)) -> 0 | H22: =IF($E22=$E$5,(H$5),(H$6)) -> 0 | I22: =IF($E22=$E$5,(I$5),(I$6)) -> 0 | J22: =IF($E22=$E$5,(J$5),(J$6)) -> 0 | K22: =IF($E22=$E$5,(K$5),(K$6)) -> 0 | L22: =IF($E22=$E$5,(L$5),(L$6)) -> 1 | M22: =IF($E22=$E$5,(M$5),(M$6)) -> 1 | ... AC22: =IF($E22=$E$5,(AC$5),(AC$6)) -> 0 | AD22: =SUM(F22:AC22) -> 16 | AE22: Check sum | AF22: =SUM(F9:AC373) -> 4020
D23: 44941 | E23: =IF(WEEKDAY(D23, 2)<6, "weekday", "weekend") -> weekend | F23: =IF($E23=$E$5,(F$5),(F$6)) -> 0 | G23: =IF($E23=$E$5,(G$5),(G$6)) -> 0 | H23: =IF($E23=$E$5,(H$5),(H$6)) -> 0 | I23: =IF($E23=$E$5,(I$5),(I$6)) -> 0 | J23: =IF($E23=$E$5,(J$5),(J$6)) -> 0 | K23: =IF($E23=$E$5,(K$5),(K$6)) -> 0 | L23: =IF($E23=$E$5,(L$5),(L$6)) -> 1 | M23: =IF($E23=$E$5,(M$5),(M$6)) -> 1 | ... AC23: =IF($E23=$E$5,(AC$5),(AC$6)) -> 0 | AD23: =SUM(F23:AC23) -> 16 | AE23: Chedk sum | AF23: =AD374 -> 4020
D24: 44942 | E24: =IF(WEEKDAY(D24, 2)<6, "weekday", "weekend") -> weekday | F24: =IF($E24=$E$5,(F$5),(F$6)) -> 0 | G24: =IF($E24=$E$5,(G$5),(G$6)) -> 0 | H24: =IF($E24=$E$5,(H$5),(H$6)) -> 0 | I24: =IF($E24=$E$5,(I$5),(I$6)) -> 0 | J24: =IF($E24=$E$5,(J$5),(J$6)) -> 0 | K24: =IF($E24=$E$5,(K$5),(K$6)) -> 0 | L24: =IF($E24=$E$5,(L$5),(L$6)) -> 1 | M24: =IF($E24=$E$5,(M$5),(M$6)) -> 1 | ... AC24: =IF($E24=$E$5,(AC$5),(AC$6)) -> 0 | AD24: =SUM(F24:AC24) -> 9
D25: 44943 | E25: =IF(WEEKDAY(D25, 2)<6, "weekday", "weekend") -> weekday | F25: =IF($E25=$E$5,(F$5),(F$6)) -> 0 | G25: =IF($E25=$E$5,(G$5),(G$6)) -> 0 | H25: =IF($E25=$E$5,(H$5),(H$6)) -> 0 | I25: =IF($E25=$E$5,(I$5),(I$6)) -> 0 | J25: =IF($E25=$E$5,(J$5),(J$6)) -> 0 | K25: =IF($E25=$E$5,(K$5),(K$6)) -> 0 | L25: =IF($E25=$E$5,(L$5),(L$6)) -> 1 | M25: =IF($E25=$E$5,(M$5),(M$6)) -> 1 | ... AC25: =IF($E25=$E$5,(AC$5),(AC$6)) -> 0 | AD25: =SUM(F25:AC25) -> 9
D26: 44944 | E26: =IF(WEEKDAY(D26, 2)<6, "weekday", "weekend") -> weekday | F26: =IF($E26=$E$5,(F$5),(F$6)) -> 0 | G26: =IF($E26=$E$5,(G$5),(G$6)) -> 0 | H26: =IF($E26=$E$5,(H$5),(H$6)) -> 0 | I26: =IF($E26=$E$5,(I$5),(I$6)) -> 0 | J26: =IF($E26=$E$5,(J$5),(J$6)) -> 0 | K26: =IF($E26=$E$5,(K$5),(K$6)) -> 0 | L26: =IF($E26=$E$5,(L$5),(L$6)) -> 1 | M26: =IF($E26=$E$5,(M$5),(M$6)) -> 1 | ... AC26: =IF($E26=$E$5,(AC$5),(AC$6)) -> 0 | AD26: =SUM(F26:AC26) -> 9
D27: 44945 | E27: =IF(WEEKDAY(D27, 2)<6, "weekday", "weekend") -> weekday | F27: =IF($E27=$E$5,(F$5),(F$6)) -> 0 | G27: =IF($E27=$E$5,(G$5),(G$6)) -> 0 | H27: =IF($E27=$E$5,(H$5),(H$6)) -> 0 | I27: =IF($E27=$E$5,(I$5),(I$6)) -> 0 | J27: =IF($E27=$E$5,(J$5),(J$6)) -> 0 | K27: =IF($E27=$E$5,(K$5),(K$6)) -> 0 | L27: =IF($E27=$E$5,(L$5),(L$6)) -> 1 | M27: =IF($E27=$E$5,(M$5),(M$6)) -> 1 | ... AC27: =IF($E27=$E$5,(AC$5),(AC$6)) -> 0 | AD27: =SUM(F27:AC27) -> 9
D28: 44946 | E28: =IF(WEEKDAY(D28, 2)<6, "weekday", "weekend") -> weekday | F28: =IF($E28=$E$5,(F$5),(F$6)) -> 0 | G28: =IF($E28=$E$5,(G$5),(G$6)) -> 0 | H28: =IF($E28=$E$5,(H$5),(H$6)) -> 0 | I28: =IF($E28=$E$5,(I$5),(I$6)) -> 0 | J28: =IF($E28=$E$5,(J$5),(J$6)) -> 0 | K28: =IF($E28=$E$5,(K$5),(K$6)) -> 0 | L28: =IF($E28=$E$5,(L$5),(L$6)) -> 1 | M28: =IF($E28=$E$5,(M$5),(M$6)) -> 1 | ... AC28: =IF($E28=$E$5,(AC$5),(AC$6)) -> 0 | AD28: =SUM(F28:AC28) -> 9
D29: 44947 | E29: =IF(WEEKDAY(D29, 2)<6, "weekday", "weekend") -> weekend | F29: =IF($E29=$E$5,(F$5),(F$6)) -> 0 | G29: =IF($E29=$E$5,(G$5),(G$6)) -> 0 | H29: =IF($E29=$E$5,(H$5),(H$6)) -> 0 | I29: =IF($E29=$E$5,(I$5),(I$6)) -> 0 | J29: =IF($E29=$E$5,(J$5),(J$6)) -> 0 | K29: =IF($E29=$E$5,(K$5),(K$6)) -> 0 | L29: =IF($E29=$E$5,(L$5),(L$6)) -> 1 | M29: =IF($E29=$E$5,(M$5),(M$6)) -> 1 | ... AC29: =IF($E29=$E$5,(AC$5),(AC$6)) -> 0 | AD29: =SUM(F29:AC29) -> 16
D30: 44948 | E30: =IF(WEEKDAY(D30, 2)<6, "weekday", "weekend") -> weekend | F30: =IF($E30=$E$5,(F$5),(F$6)) -> 0 | G30: =IF($E30=$E$5,(G$5),(G$6)) -> 0 | H30: =IF($E30=$E$5,(H$5),(H$6)) -> 0 | I30: =IF($E30=$E$5,(I$5),(I$6)) -> 0 | J30: =IF($E30=$E$5,(J$5),(J$6)) -> 0 | K30: =IF($E30=$E$5,(K$5),(K$6)) -> 0 | L30: =IF($E30=$E$5,(L$5),(L$6)) -> 1 | M30: =IF($E30=$E$5,(M$5),(M$6)) -> 1 | ... AC30: =IF($E30=$E$5,(AC$5),(AC$6)) -> 0 | AD30: =SUM(F30:AC30) -> 16
D31: 44949 | E31: =IF(WEEKDAY(D31, 2)<6, "weekday", "weekend") -> weekday | F31: =IF($E31=$E$5,(F$5),(F$6)) -> 0 | G31: =IF($E31=$E$5,(G$5),(G$6)) -> 0 | H31: =IF($E31=$E$5,(H$5),(H$6)) -> 0 | I31: =IF($E31=$E$5,(I$5),(I$6)) -> 0 | J31: =IF($E31=$E$5,(J$5),(J$6)) -> 0 | K31: =IF($E31=$E$5,(K$5),(K$6)) -> 0 | L31: =IF($E31=$E$5,(L$5),(L$6)) -> 1 | M31: =IF($E31=$E$5,(M$5),(M$6)) -> 1 | ... AC31: =IF($E31=$E$5,(AC$5),(AC$6)) -> 0 | AD31: =SUM(F31:AC31) -> 9
D32: 44950 | E32: =IF(WEEKDAY(D32, 2)<6, "weekday", "weekend") -> weekday | F32: =IF($E32=$E$5,(F$5),(F$6)) -> 0 | G32: =IF($E32=$E$5,(G$5),(G$6)) -> 0 | H32: =IF($E32=$E$5,(H$5),(H$6)) -> 0 | I32: =IF($E32=$E$5,(I$5),(I$6)) -> 0 | J32: =IF($E32=$E$5,(J$5),(J$6)) -> 0 | K32: =IF($E32=$E$5,(K$5),(K$6)) -> 0 | L32: =IF($E32=$E$5,(L$5),(L$6)) -> 1 | M32: =IF($E32=$E$5,(M$5),(M$6)) -> 1 | ... AC32: =IF($E32=$E$5,(AC$5),(AC$6)) -> 0 | AD32: =SUM(F32:AC32) -> 9
D33: 44951 | E33: =IF(WEEKDAY(D33, 2)<6, "weekday", "weekend") -> weekday | F33: =IF($E33=$E$5,(F$5),(F$6)) -> 0 | G33: =IF($E33=$E$5,(G$5),(G$6)) -> 0 | H33: =IF($E33=$E$5,(H$5),(H$6)) -> 0 | I33: =IF($E33=$E$5,(I$5),(I$6)) -> 0 | J33: =IF($E33=$E$5,(J$5),(J$6)) -> 0 | K33: =IF($E33=$E$5,(K$5),(K$6)) -> 0 | L33: =IF($E33=$E$5,(L$5),(L$6)) -> 1 | M33: =IF($E33=$E$5,(M$5),(M$6)) -> 1 | ... AC33: =IF($E33=$E$5,(AC$5),(AC$6)) -> 0 | AD33: =SUM(F33:AC33) -> 9
D34: 44952 | E34: =IF(WEEKDAY(D34, 2)<6, "weekday", "weekend") -> weekday | F34: =IF($E34=$E$5,(F$5),(F$6)) -> 0 | G34: =IF($E34=$E$5,(G$5),(G$6)) -> 0 | H34: =IF($E34=$E$5,(H$5),(H$6)) -> 0 | I34: =IF($E34=$E$5,(I$5),(I$6)) -> 0 | J34: =IF($E34=$E$5,(J$5),(J$6)) -> 0 | K34: =IF($E34=$E$5,(K$5),(K$6)) -> 0 | L34: =IF($E34=$E$5,(L$5),(L$6)) -> 1 | M34: =IF($E34=$E$5,(M$5),(M$6)) -> 1 | ... AC34: =IF($E34=$E$5,(AC$5),(AC$6)) -> 0 | AD34: =SUM(F34:AC34) -> 9
D35: 44953 | E35: =IF(WEEKDAY(D35, 2)<6, "weekday", "weekend") -> weekday | F35: =IF($E35=$E$5,(F$5),(F$6)) -> 0 | G35: =IF($E35=$E$5,(G$5),(G$6)) -> 0 | H35: =IF($E35=$E$5,(H$5),(H$6)) -> 0 | I35: =IF($E35=$E$5,(I$5),(I$6)) -> 0 | J35: =IF($E35=$E$5,(J$5),(J$6)) -> 0 | K35: =IF($E35=$E$5,(K$5),(K$6)) -> 0 | L35: =IF($E35=$E$5,(L$5),(L$6)) -> 1 | M35: =IF($E35=$E$5,(M$5),(M$6)) -> 1 | ... AC35: =IF($E35=$E$5,(AC$5),(AC$6)) -> 0 | AD35: =SUM(F35:AC35) -> 9
... D373: 45291 | E373: =IF(WEEKDAY(D373, 2)<6, "weekday", "weekend") -> weekend | F373: =IF($E373=$E$5,(F$5),(F$6)) -> 0 | G373: =IF($E373=$E$5,(G$5),(G$6)) -> 0 | H373: =IF($E373=$E$5,(H$5),(H$6)) -> 0 | I373: =IF($E373=$E$5,(I$5),(I$6)) -> 0 | J373: =IF($E373=$E$5,(J$5),(J$6)) -> 0 | K373: =IF($E373=$E$5,(K$5),(K$6)) -> 0 | L373: =IF($E373=$E$5,(L$5),(L$6)) -> 1 | M373: =IF($E373=$E$5,(M$5),(M$6)) -> 1 | ... AC373: =IF($E373=$E$5,(AC$5),(AC$6)) -> 0 | AD373: =SUM(F373:AC373) -> 16
AD374: =SUM(AD9:AD373) -> 4020

Sheet Daily Heat Demand
F3: Hour of Day
F4: 1 | G4: 2 | H4: 3 | I4: 4 | J4: 5 | K4: 6 | L4: 7 | M4: 8 | N4: 9 | O4: 10 | P4: 11 | Q4: 12 | R4: 13 | S4: 14 | T4: 15 | U4: 16 | V4: 17 | W4: 18 | X4: 19 | Y4: 20 | Z4: 21 | AA4: 22 | AB4: 23 | AC4: 24
D5: Heating system operating hours | E5: weekend | F5: 0 | G5: 0 | H5: 0 | I5: 0 | J5: 0 | K5: 0 | L5: 1 | M5: 1 | N5: 1 | O5: 1 | P5: 1 | Q5: 1 | R5: 1 | S5: 1 | T5: 1 | U5: 1 | V5: 1 | W5: 1 | X5: 1 | Y5: 1 | Z5: 1 | AA5: 1 | AB5: 0
E6: weekday | F6: 0 | G6: 0 | H6: 0 | I6: 0 | J6: 0 | K6: 0 | L6: 1 | M6: 1 | N6: 0 | O6: 0 | P6: 0 | Q6: 0 | R6: 0 | S6: 0 | T6: 0 | U6: 1 | V6: 1 | W6: 1 | X6: 1 | Y6: 1 | Z6: 1 | AA6: 1 | AB6: 0 | AC6: 0
AD7: Total | AE7: Month Total | AF7: Check Sum
D8: 44927 | E8: =IF(WEEKDAY(D8, 2)<6, "weekday", "weekend") -> weekend | F8: ='Degree-days'!$C$12*IF($E8=$E$5,(F$5),(F$6)) -> 0 | G8: ='Degree-days'!$C$12*IF($E8=$E$5,(G$5),(G$6)) -> 0 | H8: ='Degree-days'!$C$12*IF($E8=$E$5,(H$5),(H$6)) -> 0 | I8: ='Degree-days'!$C$12*IF($E8=$E$5,(I$5),(I$6)) -> 0 | J8: ='Degree-days'!$C$12*IF($E8=$E$5,(J$5),(J$6)) -> 0 | K8: ='Degree-days'!$C$12*IF($E8=$E$5,(K$5),(K$6)) -> 0 | L8: ='Degree-days'!$C$12*IF($E8=$E$5,(L$5),(L$6)) -> 3.5107768 | M8: ='Degree-days'!$C$12*IF($E8=$E$5,(M$5),(M$6)) -> 3.5107768 | ... AC8: ='Degree-days'!$C$12*IF($E8=$E$5,(AC$5),(AC$6)) -> 0 | AD8: =SUM(F8:AC8) -> 56.172429
D9: 44928 | E9: =IF(WEEKDAY(D9, 2)<6, "weekday", "weekend") -> weekday | F9: ='Degree-days'!$C$12*IF($E9=$E$5,(F$5),(F$6)) -> 0 | G9: ='Degree-days'!$C$12*IF($E9=$E$5,(G$5),(G$6)) -> 0 | H9: ='Degree-days'!$C$12*IF($E9=$E$5,(H$5),(H$6)) -> 0 | I9: ='Degree-days'!$C$12*IF($E9=$E$5,(I$5),(I$6)) -> 0 | J9: ='Degree-days'!$C$12*IF($E9=$E$5,(J$5),(J$6)) -> 0 | K9: ='Degree-days'!$C$12*IF($E9=$E$5,(K$5),(K$6)) -> 0 | L9: ='Degree-days'!$C$12*IF($E9=$E$5,(L$5),(L$6)) -> 3.5107768 | M9: ='Degree-days'!$C$12*IF($E9=$E$5,(M$5),(M$6)) -> 3.5107768 | ... AC9: ='Degree-days'!$C$12*IF($E9=$E$5,(AC$5),(AC$6)) -> 0 | AD9: =SUM(F9:AC9) -> 31.596991
D10: 44929 | E10: =IF(WEEKDAY(D10, 2)<6, "weekday", "weekend") -> weekday | F10: ='Degree-days'!$C$12*IF($E10=$E$5,(F$5),(F$6)) -> 0 | G10: ='Degree-days'!$C$12*IF($E10=$E$5,(G$5),(G$6)) -> 0 | H10: ='Degree-days'!$C$12*IF($E10=$E$5,(H$5),(H$6)) -> 0 | I10: ='Degree-days'!$C$12*IF($E10=$E$5,(I$5),(I$6)) -> 0 | J10: ='Degree-days'!$C$12*IF($E10=$E$5,(J$5),(J$6)) -> 0 | K10: ='Degree-days'!$C$12*IF($E10=$E$5,(K$5),(K$6)) -> 0 | L10: ='Degree-days'!$C$12*IF($E10=$E$5,(L$5),(L$6)) -> 3.5107768 | M10: ='Degree-days'!$C$12*IF($E10=$E$5,(M$5),(M$6)) -> 3.5107768 | ... AC10: ='Degree-days'!$C$12*IF($E10=$E$5,(AC$5),(AC$6)) -> 0 | AD10: =SUM(F10:AC10) -> 31.596991
D11: 44930 | E11: =IF(WEEKDAY(D11, 2)<6, "weekday", "weekend") -> weekday | F11: ='Degree-days'!$C$12*IF($E11=$E$5,(F$5),(F$6)) -> 0 | G11: ='Degree-days'!$C$12*IF($E11=$E$5,(G$5),(G$6)) -> 0 | H11: ='Degree-days'!$C$12*IF($E11=$E$5,(H$5),(H$6)) -> 0 | I11: ='Degree-days'!$C$12*IF($E11=$E$5,(I$5),(I$6)) -> 0 | J11: ='Degree-days'!$C$12*IF($E11=$E$5,(J$5),(J$6)) -> 0 | K11: ='Degree-days'!$C$12*IF($E11=$E$5,(K$5),(K$6)) -> 0 | L11: ='Degree-days'!$C$12*IF($E11=$E$5,(L$5),(L$6)) -> 3.5107768 | M11: ='Degree-days'!$C$12*IF($E11=$E$5,(M$5),(M$6)) -> 3.5107768 | ... AC11: ='Degree-days'!$C$12*IF($E11=$E$5,(AC$5),(AC$6)) -> 0 | AD11: =SUM(F11:AC11) -> 31.596991
D12: 44931 | E12: =IF(WEEKDAY(D12, 2)<6, "weekday", "weekend") -> weekday | F12: ='Degree-days'!$C$12*IF($E12=$E$5,(F$5),(F$6)) -> 0 | G12: ='Degree-days'!$C$12*IF($E12=$E$5,(G$5),(G$6)) -> 0 | H12: ='Degree-days'!$C$12*IF($E12=$E$5,(H$5),(H$6)) -> 0 | I12: ='Degree-days'!$C$12*IF($E12=$E$5,(I$5),(I$6)) -> 0 | J12: ='Degree-days'!$C$12*IF($E12=$E$5,(J$5),(J$6)) -> 0 | K12: ='Degree-days'!$C$12*IF($E12=$E$5,(K$5),(K$6)) -> 0 | L12: ='Degree-days'!$C$12*IF($E12=$E$5,(L$5),(L$6)) -> 3.5107768 | M12: ='Degree-days'!$C$12*IF($E12=$E$5,(M$5),(M$6)) -> 3.5107768 | ... AC12: ='Degree-days'!$C$12*IF($E12=$E$5,(AC$5),(AC$6)) -> 0 | AD12: =SUM(F12:AC12) -> 31.596991
D13: 44932 | E13: =IF(WEEKDAY(D13, 2)<6, "weekday", "weekend") -> weekday | F13: ='Degree-days'!$C$12*IF($E13=$E$5,(F$5),(F$6)) -> 0 | G13: ='Degree-days'!$C$12*IF($E13=$E$5,(G$5),(G$6)) -> 0 | H13: ='Degree-days'!$C$12*IF($E13=$E$5,(H$5),(H$6)) -> 0 | I13: ='Degree-days'!$C$12*IF($E13=$E$5,(I$5),(I$6)) -> 0 | J13: ='Degree-days'!$C$12*IF($E13=$E$5,(J$5),(J$6)) -> 0 | K13: ='Degree-days'!$C$12*IF($E13=$E$5,(K$5),(K$6)) -> 0 | L13: ='Degree-days'!$C$12*IF($E13=$E$5,(L$5),(L$6)) -> 3.5107768 | M13: ='Degree-days'!$C$12*IF($E13=$E$5,(M$5),(M$6)) -> 3.5107768 | ... AC13: ='Degree-days'!$C$12*IF($E13=$E$5,(AC$5),(AC$6)) -> 0 | AD13: =SUM(F13:AC13) -> 31.596991
D14: 44933 | E14: =IF(WEEKDAY(D14, 2)<6, "weekday", "weekend") -> weekend | F14: ='Degree-days'!$C$12*IF($E14=$E$5,(F$5),(F$6)) -> 0 | G14: ='Degree-days'!$C$12*IF($E14=$E$5,(G$5),(G$6)) -> 0 | H14: ='Degree-days'!$C$12*IF($E14=$E$5,(H$5),(H$6)) -> 0 | I14: ='Degree-days'!$C$12*IF($E14=$E$5,(I$5),(I$6)) -> 0 | J14: ='Degree-days'!$C$12*IF($E14=$E$5,(J$5),(J$6)) -> 0 | K14: ='Degree-days'!$C$12*IF($E14=$E$5,(K$5),(K$6)) -> 0 | L14: ='Degree-days'!$C$12*IF($E14=$E$5,(L$5),(L$6)) -> 3.5107768 | M14: ='Degree-days'!$C$12*IF($E14=$E$5,(M$5),(M$6)) -> 3.5107768 | ... AC14: ='Degree-days'!$C$12*IF($E14=$E$5,(AC$5),(AC$6)) -> 0 | AD14: =SUM(F14:AC14) -> 56.172429
D15: 44934 | E15: =IF(WEEKDAY(D15, 2)<6, "weekday", "weekend") -> weekend | F15: ='Degree-days'!$C$12*IF($E15=$E$5,(F$5),(F$6)) -> 0 | G15: ='Degree-days'!$C$12*IF($E15=$E$5,(G$5),(G$6)) -> 0 | H15: ='Degree-days'!$C$12*IF($E15=$E$5,(H$5),(H$6)) -> 0 | I15: ='Degree-days'!$C$12*IF($E15=$E$5,(I$5),(I$6)) -> 0 | J15: ='Degree-days'!$C$12*IF($E15=$E$5,(J$5),(J$6)) -> 0 | K15: ='Degree-days'!$C$12*IF($E15=$E$5,(K$5),(K$6)) -> 0 | L15: ='Degree-days'!$C$12*IF($E15=$E$5,(L$5),(L$6)) -> 3.5107768 | M15: ='Degree-days'!$C$12*IF($E15=$E$5,(M$5),(M$6)) -> 3.5107768 | ... AC15: ='Degree-days'!$C$12*IF($E15=$E$5,(AC$5),(AC$6)) -> 0 | AD15: =SUM(F15:AC15) -> 56.172429
D16: 44935 | E16: =IF(WEEKDAY(D16, 2)<6, "weekday", "weekend") -> weekday | F16: ='Degree-days'!$C$12*IF($E16=$E$5,(F$5),(F$6)) -> 0 | G16: ='Degree-days'!$C$12*IF($E16=$E$5,(G$5),(G$6)) -> 0 | H16: ='Degree-days'!$C$12*IF($E16=$E$5,(H$5),(H$6)) -> 0 | I16: ='Degree-days'!$C$12*IF($E16=$E$5,(I$5),(I$6)) -> 0 | J16: ='Degree-days'!$C$12*IF($E16=$E$5,(J$5),(J$6)) -> 0 | K16: ='Degree-days'!$C$12*IF($E16=$E$5,(K$5),(K$6)) -> 0 | L16: ='Degree-days'!$C$12*IF($E16=$E$5,(L$5),(L$6)) -> 3.5107768 | M16: ='Degree-days'!$C$12*IF($E16=$E$5,(M$5),(M$6)) -> 3.5107768 | ... AC16: ='Degree-days'!$C$12*IF($E16=$E$5,(AC$5),(AC$6)) -> 0 | AD16: =SUM(F16:AC16) -> 31.596991
D17: 44936 | E17: =IF(WEEKDAY(D17, 2)<6, "weekday", "weekend") -> weekday | F17: ='Degree-days'!$C$12*IF($E17=$E$5,(F$5),(F$6)) -> 0 | G17: ='Degree-days'!$C$12*IF($E17=$E$5,(G$5),(G$6)) -> 0 | H17: ='Degree-days'!$C$12*IF($E17=$E$5,(H$5),(H$6)) -> 0 | I17: ='Degree-days'!$C$12*IF($E17=$E$5,(I$5),(I$6)) -> 0 | J17: ='Degree-days'!$C$12*IF($E17=$E$5,(J$5),(J$6)) -> 0 | K17: ='Degree-days'!$C$12*IF($E17=$E$5,(K$5),(K$6)) -> 0 | L17: ='Degree-days'!$C$12*IF($E17=$E$5,(L$5),(L$6)) -> 3.5107768 | M17: ='Degree-days'!$C$12*IF($E17=$E$5,(M$5),(M$6)) -> 3.5107768 | ... AC17: ='Degree-days'!$C$12*IF($E17=$E$5,(AC$5),(AC$6)) -> 0 | AD17: =SUM(F17:AC17) -> 31.596991
D18: 44937 | E18: =IF(WEEKDAY(D18, 2)<6, "weekday", "weekend") -> weekday | F18: ='Degree-days'!$C$12*IF($E18=$E$5,(F$5),(F$6)) -> 0 | G18: ='Degree-days'!$C$12*IF($E18=$E$5,(G$5),(G$6)) -> 0 | H18: ='Degree-days'!$C$12*IF($E18=$E$5,(H$5),(H$6)) -> 0 | I18: ='Degree-days'!$C$12*IF($E18=$E$5,(I$5),(I$6)) -> 0 | J18: ='Degree-days'!$C$12*IF($E18=$E$5,(J$5),(J$6)) -> 0 | K18: ='Degree-days'!$C$12*IF($E18=$E$5,(K$5),(K$6)) -> 0 | L18: ='Degree-days'!$C$12*IF($E18=$E$5,(L$5),(L$6)) -> 3.5107768 | M18: ='Degree-days'!$C$12*IF($E18=$E$5,(M$5),(M$6)) -> 3.5107768 | ... AC18: ='Degree-days'!$C$12*IF($E18=$E$5,(AC$5),(AC$6)) -> 0 | AD18: =SUM(F18:AC18) -> 31.596991
D19: 44938 | E19: =IF(WEEKDAY(D19, 2)<6, "weekday", "weekend") -> weekday | F19: ='Degree-days'!$C$12*IF($E19=$E$5,(F$5),(F$6)) -> 0 | G19: ='Degree-days'!$C$12*IF($E19=$E$5,(G$5),(G$6)) -> 0 | H19: ='Degree-days'!$C$12*IF($E19=$E$5,(H$5),(H$6)) -> 0 | I19: ='Degree-days'!$C$12*IF($E19=$E$5,(I$5),(I$6)) -> 0 | J19: ='Degree-days'!$C$12*IF($E19=$E$5,(J$5),(J$6)) -> 0 | K19: ='Degree-days'!$C$12*IF($E19=$E$5,(K$5),(K$6)) -> 0 | L19: ='Degree-days'!$C$12*IF($E19=$E$5,(L$5),(L$6)) -> 3.5107768 | M19: ='Degree-days'!$C$12*IF($E19=$E$5,(M$5),(M$6)) -> 3.5107768 | ... AC19: ='Degree-days'!$C$12*IF($E19=$E$5,(AC$5),(AC$6)) -> 0 | AD19: =SUM(F19:AC19) -> 31.596991
... D37: 44956 | E37: =IF(WEEKDAY(D37, 2)<6, "weekday", "weekend") -> weekday | F37: ='Degree-days'!$C$12*IF($E37=$E$5,(F$5),(F$6)) -> 0 | G37: ='Degree-days'!$C$12*IF($E37=$E$5,(G$5),(G$6)) -> 0 | H37: ='Degree-days'!$C$12*IF($E37=$E$5,(H$5),(H$6)) -> 0 | I37: ='Degree-days'!$C$12*IF($E37=$E$5,(I$5),(I$6)) -> 0 | J37: ='Degree-days'!$C$12*IF($E37=$E$5,(J$5),(J$6)) -> 0 | K37: ='Degree-days'!$C$12*IF($E37=$E$5,(K$5),(K$6)) -> 0 | L37: ='Degree-days'!$C$12*IF($E37=$E$5,(L$5),(L$6)) -> 3.5107768 | M37: ='Degree-days'!$C$12*IF($E37=$E$5,(M$5),(M$6)) -> 3.5107768 | ... AC37: ='Degree-days'!$C$12*IF($E37=$E$5,(AC$5),(AC$6)) -> 0 | AD37: =SUM(F37:AC37) -> 31.596991
D38: 44957 | E38: =IF(WEEKDAY(D38, 2)<6, "weekday", "weekend") -> weekday | F38: ='Degree-days'!$C$12*IF($E38=$E$5,(F$5),(F$6)) -> 0 | G38: ='Degree-days'!$C$12*IF($E38=$E$5,(G$5),(G$6)) -> 0 | H38: ='Degree-days'!$C$12*IF($E38=$E$5,(H$5),(H$6)) -> 0 | I38: ='Degree-days'!$C$12*IF($E38=$E$5,(I$5),(I$6)) -> 0 | J38: ='Degree-days'!$C$12*IF($E38=$E$5,(J$5),(J$6)) -> 0 | K38: ='Degree-days'!$C$12*IF($E38=$E$5,(K$5),(K$6)) -> 0 | L38: ='Degree-days'!$C$12*IF($E38=$E$5,(L$5),(L$6)) -> 3.5107768 | M38: ='Degree-days'!$C$12*IF($E38=$E$5,(M$5),(M$6)) -> 3.5107768 | ... AC38: ='Degree-days'!$C$12*IF($E38=$E$5,(AC$5),(AC$6)) -> 0 | AD38: =SUM(F38:AC38) -> 31.596991 | AE38: =SUM(AD8:AD38) -> 1200.6857 | AF38: ='Degree-days'!C11 -> 1200.6857
D39: 44958 | E39: =IF(WEEKDAY(D39, 2)<6, "weekday", "weekend") -> weekday | F39: ='Degree-days'!$D$12*IF($E39=$E$5,(F$5),(F$6)) -> 0 | G39: ='Degree-days'!$D$12*IF($E39=$E$5,(G$5),(G$6)) -> 0 | H39: ='Degree-days'!$D$12*IF($E39=$E$5,(H$5),(H$6)) -> 0 | I39: ='Degree-days'!$D$12*IF($E39=$E$5,(I$5),(I$6)) -> 0 | J39: ='Degree-days'!$D$12*IF($E39=$E$5,(J$5),(J$6)) -> 0 | K39: ='Degree-days'!$D$12*IF($E39=$E$5,(K$5),(K$6)) -> 0 | L39: ='Degree-days'!$D$12*IF($E39=$E$5,(L$5),(L$6)) -> 3.4347685 | M39: ='Degree-days'!$D$12*IF($E39=$E$5,(M$5),(M$6)) -> 3.4347685 | ... AC39: ='Degree-days'!$D$12*IF($E39=$E$5,(AC$5),(AC$6)) -> 0 | AD39: =SUM(F39:AC39) -> 30.912917
D40: 44959 | E40: =IF(WEEKDAY(D40, 2)<6, "weekday", "weekend") -> weekday | F40: ='Degree-days'!$D$12*IF($E40=$E$5,(F$5),(F$6)) -> 0 | G40: ='Degree-days'!$D$12*IF($E40=$E$5,(G$5),(G$6)) -> 0 | H40: ='Degree-days'!$D$12*IF($E40=$E$5,(H$5),(H$6)) -> 0 | I40: ='Degree-days'!$D$12*IF($E40=$E$5,(I$5),(I$6)) -> 0 | J40: ='Degree-days'!$D$12*IF($E40=$E$5,(J$5),(J$6)) -> 0 | K40: ='Degree-days'!$D$12*IF($E40=$E$5,(K$5),(K$6)) -> 0 | L40: ='Degree-days'!$D$12*IF($E40=$E$5,(L$5),(L$6)) -> 3.4347685 | M40: ='Degree-days'!$D$12*IF($E40=$E$5,(M$5),(M$6)) -> 3.4347685 | ... AC40: ='Degree-days'!$D$12*IF($E40=$E$5,(AC$5),(AC$6)) -> 0 | AD40: =SUM(F40:AC40) -> 30.912917
D41: 44960 | E41: =IF(WEEKDAY(D41, 2)<6, "weekday", "weekend") -> weekday | F41: ='Degree-days'!$D$12*IF($E41=$E$5,(F$5),(F$6)) -> 0 | G41: ='Degree-days'!$D$12*IF($E41=$E$5,(G$5),(G$6)) -> 0 | H41: ='Degree-days'!$D$12*IF($E41=$E$5,(H$5),(H$6)) -> 0 | I41: ='Degree-days'!$D$12*IF($E41=$E$5,(I$5),(I$6)) -> 0 | J41: ='Degree-days'!$D$12*IF($E41=$E$5,(J$5),(J$6)) -> 0 | K41: ='Degree-days'!$D$12*IF($E41=$E$5,(K$5),(K$6)) -> 0 | L41: ='Degree-days'!$D$12*IF($E41=$E$5,(L$5),(L$6)) -> 3.4347685 | M41: ='Degree-days'!$D$12*IF($E41=$E$5,(M$5),(M$6)) -> 3.4347685 | ... AC41: ='Degree-days'!$D$12*IF($E41=$E$5,(AC$5),(AC$6)) -> 0 | AD41: =SUM(F41:AC41) -> 30.912917
D42: 44961 | E42: =IF(WEEKDAY(D42, 2)<6, "weekday", "weekend") -> weekend | F42: ='Degree-days'!$D$12*IF($E42=$E$5,(F$5),(F$6)) -> 0 | G42: ='Degree-days'!$D$12*IF($E42=$E$5,(G$5),(G$6)) -> 0 | H42: ='Degree-days'!$D$12*IF($E42=$E$5,(H$5),(H$6)) -> 0 | I42: ='Degree-days'!$D$12*IF($E42=$E$5,(I$5),(I$6)) -> 0 | J42: ='Degree-days'!$D$12*IF($E42=$E$5,(J$5),(J$6)) -> 0 | K42: ='Degree-days'!$D$12*IF($E42=$E$5,(K$5),(K$6)) -> 0 | L42: ='Degree-days'!$D$12*IF($E42=$E$5,(L$5),(L$6)) -> 3.4347685 | M42: ='Degree-days'!$D$12*IF($E42=$E$5,(M$5),(M$6)) -> 3.4347685 | ... AC42: ='Degree-days'!$D$12*IF($E42=$E$5,(AC$5),(AC$6)) -> 0 | AD42: =SUM(F42:AC42) -> 54.956296
D43: 44962 | E43: =IF(WEEKDAY(D43, 2)<6, "weekday", "weekend") -> weekend | F43: ='Degree-days'!$D$12*IF($E43=$E$5,(F$5),(F$6)) -> 0 | G43: ='Degree-days'!$D$12*IF($E43=$E$5,(G$5),(G$6)) -> 0 | H43: ='Degree-days'!$D$12*IF($E43=$E$5,(H$5),(H$6)) -> 0 | I43: ='Degree-days'!$D$12*IF($E43=$E$5,(I$5),(I$6)) -> 0 | J43: ='Degree-days'!$D$12*IF($E43=$E$5,(J$5),(J$6)) -> 0 | K43: ='Degree-days'!$D$12*IF($E43=$E$5,(K$5),(K$6)) -> 0 | L43: ='Degree-days'!$D$12*IF($E43=$E$5,(L$5),(L$6)) -> 3.4347685 | M43: ='Degree-days'!$D$12*IF($E43=$E$5,(M$5),(M$6)) -> 3.4347685 | ... AC43: ='Degree-days'!$D$12*IF($E43=$E$5,(AC$5),(AC$6)) -> 0 | AD43: =SUM(F43:AC43) -> 54.956296
D44: 44963 | E44: =IF(WEEKDAY(D44, 2)<6, "weekday", "weekend") -> weekday | F44: ='Degree-days'!$D$12*IF($E44=$E$5,(F$5),(F$6)) -> 0 | G44: ='Degree-days'!$D$12*IF($E44=$E$5,(G$5),(G$6)) -> 0 | H44: ='Degree-days'!$D$12*IF($E44=$E$5,(H$5),(H$6)) -> 0 | I44: ='Degree-days'!$D$12*IF($E44=$E$5,(I$5),(I$6)) -> 0 | J44: ='Degree-days'!$D$12*IF($E44=$E$5,(J$5),(J$6)) -> 0 | K44: ='Degree-days'!$D$12*IF($E44=$E$5,(K$5),(K$6)) -> 0 | L44: ='Degree-days'!$D$12*IF($E44=$E$5,(L$5),(L$6)) -> 3.4347685 | M44: ='Degree-days'!$D$12*IF($E44=$E$5,(M$5),(M$6)) -> 3.4347685 | ... AC44: ='Degree-days'!$D$12*IF($E44=$E$5,(AC$5),(AC$6)) -> 0 | AD44: =SUM(F44:AC44) -> 30.912917
D45: 44964 | E45: =IF(WEEKDAY(D45, 2)<6, "weekday", "weekend") -> weekday | F45: ='Degree-days'!$D$12*IF($E45=$E$5,(F$5),(F$6)) -> 0 | G45: ='Degree-days'!$D$12*IF($E45=$E$5,(G$5),(G$6)) -> 0 | H45: ='Degree-days'!$D$12*IF($E45=$E$5,(H$5),(H$6)) -> 0 | I45: ='Degree-days'!$D$12*IF($E45=$E$5,(I$5),(I$6)) -> 0 | J45: ='Degree-days'!$D$12*IF($E45=$E$5,(J$5),(J$6)) -> 0 | K45: ='Degree-days'!$D$12*IF($E45=$E$5,(K$5),(K$6)) -> 0 | L45: ='Degree-days'!$D$12*IF($E45=$E$5,(L$5),(L$6)) -> 3.4347685 | M45: ='Degree-days'!$D$12*IF($E45=$E$5,(M$5),(M$6)) -> 3.4347685 | ... AC45: ='Degree-days'!$D$12*IF($E45=$E$5,(AC$5),(AC$6)) -> 0 | AD45: =SUM(F45:AC45) -> 30.912917
D46: 44965 | E46: =IF(WEEKDAY(D46, 2)<6, "weekday", "weekend") -> weekday | F46: ='Degree-days'!$D$12*IF($E46=$E$5,(F$5),(F$6)) -> 0 | G46: ='Degree-days'!$D$12*IF($E46=$E$5,(G$5),(G$6)) -> 0 | H46: ='Degree-days'!$D$12*IF($E46=$E$5,(H$5),(H$6)) -> 0 | I46: ='Degree-days'!$D$12*IF($E46=$E$5,(I$5),(I$6)) -> 0 | J46: ='Degree-days'!$D$12*IF($E46=$E$5,(J$5),(J$6)) -> 0 | K46: ='Degree-days'!$D$12*IF($E46=$E$5,(K$5),(K$6)) -> 0 | L46: ='Degree-days'!$D$12*IF($E46=$E$5,(L$5),(L$6)) -> 3.4347685 | M46: ='Degree-days'!$D$12*IF($E46=$E$5,(M$5),(M$6)) -> 3.4347685 | ... AC46: ='Degree-days'!$D$12*IF($E46=$E$5,(AC$5),(AC$6)) -> 0 | AD46: =SUM(F46:AC46) -> 30.912917
D47: 44966 | E47: =IF(WEEKDAY(D47, 2)<6, "weekday", "weekend") -> weekday | F47: ='Degree-days'!$D$12*IF($E47=$E$5,(F$5),(F$6)) -> 0 | G47: ='Degree-days'!$D$12*IF($E47=$E$5,(G$5),(G$6)) -> 0 | H47: ='Degree-days'!$D$12*IF($E47=$E$5,(H$5),(H$6)) -> 0 | I47: ='Degree-days'!$D$12*IF($E47=$E$5,(I$5),(I$6)) -> 0 | J47: ='Degree-days'!$D$12*IF($E47=$E$5,(J$5),(J$6)) -> 0 | K47: ='Degree-days'!$D$12*IF($E47=$E$5,(K$5),(K$6)) -> 0 | L47: ='Degree-days'!$D$12*IF($E47=$E$5,(L$5),(L$6)) -> 3.4347685 | M47: ='Degree-days'!$D$12*IF($E47=$E$5,(M$5),(M$6)) -> 3.4347685 | ... AC47: ='Degree-days'!$D$12*IF($E47=$E$5,(AC$5),(AC$6)) -> 0 | AD47: =SUM(F47:AC47) -> 30.912917
D48: 44967 | E48: =IF(WEEKDAY(D48, 2)<6, "weekday", "weekend") -> weekday | F48: ='Degree-days'!$D$12*IF($E48=$E$5,(F$5),(F$6)) -> 0 | G48: ='Degree-days'!$D$12*IF($E48=$E$5,(G$5),(G$6)) -> 0 | H48: ='Degree-days'!$D$12*IF($E48=$E$5,(H$5),(H$6)) -> 0 | I48: ='Degree-days'!$D$12*IF($E48=$E$5,(I$5),(I$6)) -> 0 | J48: ='Degree-days'!$D$12*IF($E48=$E$5,(J$5),(J$6)) -> 0 | K48: ='Degree-days'!$D$12*IF($E48=$E$5,(K$5),(K$6)) -> 0 | L48: ='Degree-days'!$D$12*IF($E48=$E$5,(L$5),(L$6)) -> 3.4347685 | M48: ='Degree-days'!$D$12*IF($E48=$E$5,(M$5),(M$6)) -> 3.4347685 | ... AC48: ='Degree-days'!$D$12*IF($E48=$E$5,(AC$5),(AC$6)) -> 0 | AD48: =SUM(F48:AC48) -> 30.912917
D49: 44968 | E49: =IF(WEEKDAY(D49, 2)<6, "weekday", "weekend") -> weekend | F49: ='Degree-days'!$D$12*IF($E49=$E$5,(F$5),(F$6)) -> 0 | G49: ='Degree-days'!$D$12*IF($E49=$E$5,(G$5),(G$6)) -> 0 | H49: ='Degree-days'!$D$12*IF($E49=$E$5,(H$5),(H$6)) -> 0 | I49: ='Degree-days'!$D$12*IF($E49=$E$5,(I$5),(I$6)) -> 0 | J49: ='Degree-days'!$D$12*IF($E49=$E$5,(J$5),(J$6)) -> 0 | K49: ='Degree-days'!$D$12*IF($E49=$E$5,(K$5),(K$6)) -> 0 | L49: ='Degree-days'!$D$12*IF($E49=$E$5,(L$5),(L$6)) -> 3.4347685 | M49: ='Degree-days'!$D$12*IF($E49=$E$5,(M$5),(M$6)) -> 3.4347685 | ... AC49: ='Degree-days'!$D$12*IF($E49=$E$5,(AC$5),(AC$6)) -> 0 | AD49: =SUM(F49:AC49) -> 54.956296
D50: 44969 | E50: =IF(WEEKDAY(D50, 2)<6, "weekday", "weekend") -> weekend | F50: ='Degree-days'!$D$12*IF($E50=$E$5,(F$5),(F$6)) -> 0 | G50: ='Degree-days'!$D$12*IF($E50=$E$5,(G$5),(G$6)) -> 0 | H50: ='Degree-days'!$D$12*IF($E50=$E$5,(H$5),(H$6)) -> 0 | I50: ='Degree-days'!$D$12*IF($E50=$E$5,(I$5),(I$6)) -> 0 | J50: ='Degree-days'!$D$12*IF($E50=$E$5,(J$5),(J$6)) -> 0 | K50: ='Degree-days'!$D$12*IF($E50=$E$5,(K$5),(K$6)) -> 0 | L50: ='Degree-days'!$D$12*IF($E50=$E$5,(L$5),(L$6)) -> 3.4347685 | M50: ='Degree-days'!$D$12*IF($E50=$E$5,(M$5),(M$6)) -> 3.4347685 | ... AC50: ='Degree-days'!$D$12*IF($E50=$E$5,(AC$5),(AC$6)) -> 0 | AD50: =SUM(F50:AC50) -> 54.956296
... D65: 44984 | E65: =IF(WEEKDAY(D65, 2)<6, "weekday", "weekend") -> weekday | F65: ='Degree-days'!$D$12*IF($E65=$E$5,(F$5),(F$6)) -> 0 | G65: ='Degree-days'!$D$12*IF($E65=$E$5,(G$5),(G$6)) -> 0 | H65: ='Degree-days'!$D$12*IF($E65=$E$5,(H$5),(H$6)) -> 0 | I65: ='Degree-days'!$D$12*IF($E65=$E$5,(I$5),(I$6)) -> 0 | J65: ='Degree-days'!$D$12*IF($E65=$E$5,(J$5),(J$6)) -> 0 | K65: ='Degree-days'!$D$12*IF($E65=$E$5,(K$5),(K$6)) -> 0 | L65: ='Degree-days'!$D$12*IF($E65=$E$5,(L$5),(L$6)) -> 3.4347685 | M65: ='Degree-days'!$D$12*IF($E65=$E$5,(M$5),(M$6)) -> 3.4347685 | ... AC65: ='Degree-days'!$D$12*IF($E65=$E$5,(AC$5),(AC$6)) -> 0 | AD65: =SUM(F65:AC65) -> 30.912917
D66: 44985 | E66: =IF(WEEKDAY(D66, 2)<6, "weekday", "weekend") -> weekday | F66: ='Degree-days'!$D$12*IF($E66=$E$5,(F$5),(F$6)) -> 0 | G66: ='Degree-days'!$D$12*IF($E66=$E$5,(G$5),(G$6)) -> 0 | H66: ='Degree-days'!$D$12*IF($E66=$E$5,(H$5),(H$6)) -> 0 | I66: ='Degree-days'!$D$12*IF($E66=$E$5,(I$5),(I$6)) -> 0 | J66: ='Degree-days'!$D$12*IF($E66=$E$5,(J$5),(J$6)) -> 0 | K66: ='Degree-days'!$D$12*IF($E66=$E$5,(K$5),(K$6)) -> 0 | L66: ='Degree-days'!$D$12*IF($E66=$E$5,(L$5),(L$6)) -> 3.4347685 | M66: ='Degree-days'!$D$12*IF($E66=$E$5,(M$5),(M$6)) -> 3.4347685 | ... AC66: ='Degree-days'!$D$12*IF($E66=$E$5,(AC$5),(AC$6)) -> 0 | AD66: =SUM(F66:AC66) -> 30.912917 | AE66: =SUM(AD39:AD66) -> 1057.9087 | AF66: ='Degree-days'!D11 -> 1057.9087
D67: 44986 | E67: =IF(WEEKDAY(D67, 2)<6, "weekday", "weekend") -> weekday | F67: ='Degree-days'!$E$12*IF($E67=$E$5,(F$5),(F$6)) -> 0 | G67: ='Degree-days'!$E$12*IF($E67=$E$5,(G$5),(G$6)) -> 0 | H67: ='Degree-days'!$E$12*IF($E67=$E$5,(H$5),(H$6)) -> 0 | I67: ='Degree-days'!$E$12*IF($E67=$E$5,(I$5),(I$6)) -> 0 | J67: ='Degree-days'!$E$12*IF($E67=$E$5,(J$5),(J$6)) -> 0 | K67: ='Degree-days'!$E$12*IF($E67=$E$5,(K$5),(K$6)) -> 0 | L67: ='Degree-days'!$E$12*IF($E67=$E$5,(L$5),(L$6)) -> 2.9591257 | M67: ='Degree-days'!$E$12*IF($E67=$E$5,(M$5),(M$6)) -> 2.9591257 | ... AC67: ='Degree-days'!$E$12*IF($E67=$E$5,(AC$5),(AC$6)) -> 0 | AD67: =SUM(F67:AC67) -> 26.632132
D68: 44987 | E68: =IF(WEEKDAY(D68, 2)<6, "weekday", "weekend") -> weekday | F68: ='Degree-days'!$E$12*IF($E68=$E$5,(F$5),(F$6)) -> 0 | G68: ='Degree-days'!$E$12*IF($E68=$E$5,(G$5),(G$6)) -> 0 | H68: ='Degree-days'!$E$12*IF($E68=$E$5,(H$5),(H$6)) -> 0 | I68: ='Degree-days'!$E$12*IF($E68=$E$5,(I$5),(I$6)) -> 0 | J68: ='Degree-days'!$E$12*IF($E68=$E$5,(J$5),(J$6)) -> 0 | K68: ='Degree-days'!$E$12*IF($E68=$E$5,(K$5),(K$6)) -> 0 | L68: ='Degree-days'!$E$12*IF($E68=$E$5,(L$5),(L$6)) -> 2.9591257 | M68: ='Degree-days'!$E$12*IF($E68=$E$5,(M$5),(M$6)) -> 2.9591257 | ... AC68: ='Degree-days'!$E$12*IF($E68=$E$5,(AC$5),(AC$6)) -> 0 | AD68: =SUM(F68:AC68) -> 26.632132
D69: 44988 | E69: =IF(WEEKDAY(D69, 2)<6, "weekday", "weekend") -> weekday | F69: ='Degree-days'!$E$12*IF($E69=$E$5,(F$5),(F$6)) -> 0 | G69: ='Degree-days'!$E$12*IF($E69=$E$5,(G$5),(G$6)) -> 0 | H69: ='Degree-days'!$E$12*IF($E69=$E$5,(H$5),(H$6)) -> 0 | I69: ='Degree-days'!$E$12*IF($E69=$E$5,(I$5),(I$6)) -> 0 | J69: ='Degree-days'!$E$12*IF($E69=$E$5,(J$5),(J$6)) -> 0 | K69: ='Degree-days'!$E$12*IF($E69=$E$5,(K$5),(K$6)) -> 0 | L69: ='Degree-days'!$E$12*IF($E69=$E$5,(L$5),(L$6)) -> 2.9591257 | M69: ='Degree-days'!$E$12*IF($E69=$E$5,(M$5),(M$6)) -> 2.9591257 | ... AC69: ='Degree-days'!$E$12*IF($E69=$E$5,(AC$5),(AC$6)) -> 0 | AD69: =SUM(F69:AC69) -> 26.632132
D70: 44989 | E70: =IF(WEEKDAY(D70, 2)<6, "weekday", "weekend") -> weekend | F70: ='Degree-days'!$E$12*IF($E70=$E$5,(F$5),(F$6)) -> 0 | G70: ='Degree-days'!$E$12*IF($E70=$E$5,(G$5),(G$6)) -> 0 | H70: ='Degree-days'!$E$12*IF($E70=$E$5,(H$5),(H$6)) -> 0 | I70: ='Degree-days'!$E$12*IF($E70=$E$5,(I$5),(I$6)) -> 0 | J70: ='Degree-days'!$E$12*IF($E70=$E$5,(J$5),(J$6)) -> 0 | K70: ='Degree-days'!$E$12*IF($E70=$E$5,(K$5),(K$6)) -> 0 | L70: ='Degree-days'!$E$12*IF($E70=$E$5,(L$5),(L$6)) -> 2.9591257 | M70: ='Degree-days'!$E$12*IF($E70=$E$5,(M$5),(M$6)) -> 2.9591257 | ... AC70: ='Degree-days'!$E$12*IF($E70=$E$5,(AC$5),(AC$6)) -> 0 | AD70: =SUM(F70:AC70) -> 47.346012
D71: 44990 | E71: =IF(WEEKDAY(D71, 2)<6, "weekday", "weekend") -> weekend | F71: ='Degree-days'!$E$12*IF($E71=$E$5,(F$5),(F$6)) -> 0 | G71: ='Degree-days'!$E$12*IF($E71=$E$5,(G$5),(G$6)) -> 0 | H71: ='Degree-days'!$E$12*IF($E71=$E$5,(H$5),(H$6)) -> 0 | I71: ='Degree-days'!$E$12*IF($E71=$E$5,(I$5),(I$6)) -> 0 | J71: ='Degree-days'!$E$12*IF($E71=$E$5,(J$5),(J$6)) -> 0 | K71: ='Degree-days'!$E$12*IF($E71=$E$5,(K$5),(K$6)) -> 0 | L71: ='Degree-days'!$E$12*IF($E71=$E$5,(L$5),(L$6)) -> 2.9591257 | M71: ='Degree-days'!$E$12*IF($E71=$E$5,(M$5),(M$6)) -> 2.9591257 | ... AC71: ='Degree-days'!$E$12*IF($E71=$E$5,(AC$5),(AC$6)) -> 0 | AD71: =SUM(F71:AC71) -> 47.346012
D72: 44991 | E72: =IF(WEEKDAY(D72, 2)<6, "weekday", "weekend") -> weekday | F72: ='Degree-days'!$E$12*IF($E72=$E$5,(F$5),(F$6)) -> 0 | G72: ='Degree-days'!$E$12*IF($E72=$E$5,(G$5),(G$6)) -> 0 | H72: ='Degree-days'!$E$12*IF($E72=$E$5,(H$5),(H$6)) -> 0 | I72: ='Degree-days'!$E$12*IF($E72=$E$5,(I$5),(I$6)) -> 0 | J72: ='Degree-days'!$E$12*IF($E72=$E$5,(J$5),(J$6)) -> 0 | K72: ='Degree-days'!$E$12*IF($E72=$E$5,(K$5),(K$6)) -> 0 | L72: ='Degree-days'!$E$12*IF($E72=$E$5,(L$5),(L$6)) -> 2.9591257 | M72: ='Degree-days'!$E$12*IF($E72=$E$5,(M$5),(M$6)) -> 2.9591257 | ... AC72: ='Degree-days'!$E$12*IF($E72=$E$5,(AC$5),(AC$6)) -> 0 | AD72: =SUM(F72:AC72) -> 26.632132
D73: 44992 | E73: =IF(WEEKDAY(D73, 2)<6, "weekday", "weekend") -> weekday | F73: ='Degree-days'!$E$12*IF($E73=$E$5,(F$5),(F$6)) -> 0 | G73: ='Degree-days'!$E$12*IF($E73=$E$5,(G$5),(G$6)) -> 0 | H73: ='Degree-days'!$E$12*IF($E73=$E$5,(H$5),(H$6)) -> 0 | I73: ='Degree-days'!$E$12*IF($E73=$E$5,(I$5),(I$6)) -> 0 | J73: ='Degree-days'!$E$12*IF($E73=$E$5,(J$5),(J$6)) -> 0 | K73: ='Degree-days'!$E$12*IF($E73=$E$5,(K$5),(K$6)) -> 0 | L73: ='Degree-days'!$E$12*IF($E73=$E$5,(L$5),(L$6)) -> 2.9591257 | M73: ='Degree-days'!$E$12*IF($E73=$E$5,(M$5),(M$6)) -> 2.9591257 | ... AC73: ='Degree-days'!$E$12*IF($E73=$E$5,(AC$5),(AC$6)) -> 0 | AD73: =SUM(F73:AC73) -> 26.632132
D74: 44993 | E74: =IF(WEEKDAY(D74, 2)<6, "weekday", "weekend") -> weekday | F74: ='Degree-days'!$E$12*IF($E74=$E$5,(F$5),(F$6)) -> 0 | G74: ='Degree-days'!$E$12*IF($E74=$E$5,(G$5),(G$6)) -> 0 | H74: ='Degree-days'!$E$12*IF($E74=$E$5,(H$5),(H$6)) -> 0 | I74: ='Degree-days'!$E$12*IF($E74=$E$5,(I$5),(I$6)) -> 0 | J74: ='Degree-days'!$E$12*IF($E74=$E$5,(J$5),(J$6)) -> 0 | K74: ='Degree-days'!$E$12*IF($E74=$E$5,(K$5),(K$6)) -> 0 | L74: ='Degree-days'!$E$12*IF($E74=$E$5,(L$5),(L$6)) -> 2.9591257 | M74: ='Degree-days'!$E$12*IF($E74=$E$5,(M$5),(M$6)) -> 2.9591257 | ... AC74: ='Degree-days'!$E$12*IF($E74=$E$5,(AC$5),(AC$6)) -> 0 | AD74: =SUM(F74:AC74) -> 26.632132
D75: 44994 | E75: =IF(WEEKDAY(D75, 2)<6, "weekday", "weekend") -> weekday | F75: ='Degree-days'!$E$12*IF($E75=$E$5,(F$5),(F$6)) -> 0 | G75: ='Degree-days'!$E$12*IF($E75=$E$5,(G$5),(G$6)) -> 0 | H75: ='Degree-days'!$E$12*IF($E75=$E$5,(H$5),(H$6)) -> 0 | I75: ='Degree-days'!$E$12*IF($E75=$E$5,(I$5),(I$6)) -> 0 | J75: ='Degree-days'!$E$12*IF($E75=$E$5,(J$5),(J$6)) -> 0 | K75: ='Degree-days'!$E$12*IF($E75=$E$5,(K$5),(K$6)) -> 0 | L75: ='Degree-days'!$E$12*IF($E75=$E$5,(L$5),(L$6)) -> 2.9591257 | M75: ='Degree-days'!$E$12*IF($E75=$E$5,(M$5),(M$6)) -> 2.9591257 | ... AC75: ='Degree-days'!$E$12*IF($E75=$E$5,(AC$5),(AC$6)) -> 0 | AD75: =SUM(F75:AC75) -> 26.632132
D76: 44995 | E76: =IF(WEEKDAY(D76, 2)<6, "weekday", "weekend") -> weekday | F76: ='Degree-days'!$E$12*IF($E76=$E$5,(F$5),(F$6)) -> 0 | G76: ='Degree-days'!$E$12*IF($E76=$E$5,(G$5),(G$6)) -> 0 | H76: ='Degree-days'!$E$12*IF($E76=$E$5,(H$5),(H$6)) -> 0 | I76: ='Degree-days'!$E$12*IF($E76=$E$5,(I$5),(I$6)) -> 0 | J76: ='Degree-days'!$E$12*IF($E76=$E$5,(J$5),(J$6)) -> 0 | K76: ='Degree-days'!$E$12*IF($E76=$E$5,(K$5),(K$6)) -> 0 | L76: ='Degree-days'!$E$12*IF($E76=$E$5,(L$5),(L$6)) -> 2.9591257 | M76: ='Degree-days'!$E$12*IF($E76=$E$5,(M$5),(M$6)) -> 2.9591257 | ... AC76: ='Degree-days'!$E$12*IF($E76=$E$5,(AC$5),(AC$6)) -> 0 | AD76: =SUM(F76:AC76) -> 26.632132
D77: 44996 | E77: =IF(WEEKDAY(D77, 2)<6, "weekday", "weekend") -> weekend | F77: ='Degree-days'!$E$12*IF($E77=$E$5,(F$5),(F$6)) -> 0 | G77: ='Degree-days'!$E$12*IF($E77=$E$5,(G$5),(G$6)) -> 0 | H77: ='Degree-days'!$E$12*IF($E77=$E$5,(H$5),(H$6)) -> 0 | I77: ='Degree-days'!$E$12*IF($E77=$E$5,(I$5),(I$6)) -> 0 | J77: ='Degree-days'!$E$12*IF($E77=$E$5,(J$5),(J$6)) -> 0 | K77: ='Degree-days'!$E$12*IF($E77=$E$5,(K$5),(K$6)) -> 0 | L77: ='Degree-days'!$E$12*IF($E77=$E$5,(L$5),(L$6)) -> 2.9591257 | M77: ='Degree-days'!$E$12*IF($E77=$E$5,(M$5),(M$6)) -> 2.9591257 | ... AC77: ='Degree-days'!$E$12*IF($E77=$E$5,(AC$5),(AC$6)) -> 0 | AD77: =SUM(F77:AC77) -> 47.346012
D78: 44997 | E78: =IF(WEEKDAY(D78, 2)<6, "weekday", "weekend") -> weekend | F78: ='Degree-days'!$E$12*IF($E78=$E$5,(F$5),(F$6)) -> 0 | G78: ='Degree-days'!$E$12*IF($E78=$E$5,(G$5),(G$6)) -> 0 | H78: ='Degree-days'!$E$12*IF($E78=$E$5,(H$5),(H$6)) -> 0 | I78: ='Degree-days'!$E$12*IF($E78=$E$5,(I$5),(I$6)) -> 0 | J78: ='Degree-days'!$E$12*IF($E78=$E$5,(J$5),(J$6)) -> 0 | K78: ='Degree-days'!$E$12*IF($E78=$E$5,(K$5),(K$6)) -> 0 | L78: ='Degree-days'!$E$12*IF($E78=$E$5,(L$5),(L$6)) -> 2.9591257 | M78: ='Degree-days'!$E$12*IF($E78=$E$5,(M$5),(M$6)) -> 2.9591257 | ... AC78: ='Degree-days'!$E$12*IF($E78=$E$5,(AC$5),(AC$6)) -> 0 | AD78: =SUM(F78:AC78) -> 47.346012
... D96: 45015 | E96: =IF(WEEKDAY(D96, 2)<6, "weekday", "weekend") -> weekday | F96: ='Degree-days'!$E$12*IF($E96=$E$5,(F$5),(F$6)) -> 0 | G96: ='Degree-days'!$E$12*IF($E96=$E$5,(G$5),(G$6)) -> 0 | H96: ='Degree-days'!$E$12*IF($E96=$E$5,(H$5),(H$6)) -> 0 | I96: ='Degree-days'!$E$12*IF($E96=$E$5,(I$5),(I$6)) -> 0 | J96: ='Degree-days'!$E$12*IF($E96=$E$5,(J$5),(J$6)) -> 0 | K96: ='Degree-days'!$E$12*IF($E96=$E$5,(K$5),(K$6)) -> 0 | L96: ='Degree-days'!$E$12*IF($E96=$E$5,(L$5),(L$6)) -> 2.9591257 | M96: ='Degree-days'!$E$12*IF($E96=$E$5,(M$5),(M$6)) -> 2.9591257 | ... AC96: ='Degree-days'!$E$12*IF($E96=$E$5,(AC$5),(AC$6)) -> 0 | AD96: =SUM(F96:AC96) -> 26.632132
D97: 45016 | E97: =IF(WEEKDAY(D97, 2)<6, "weekday", "weekend") -> weekday | F97: ='Degree-days'!$E$12*IF($E97=$E$5,(F$5),(F$6)) -> 0 | G97: ='Degree-days'!$E$12*IF($E97=$E$5,(G$5),(G$6)) -> 0 | H97: ='Degree-days'!$E$12*IF($E97=$E$5,(H$5),(H$6)) -> 0 | I97: ='Degree-days'!$E$12*IF($E97=$E$5,(I$5),(I$6)) -> 0 | J97: ='Degree-days'!$E$12*IF($E97=$E$5,(J$5),(J$6)) -> 0 | K97: ='Degree-days'!$E$12*IF($E97=$E$5,(K$5),(K$6)) -> 0 | L97: ='Degree-days'!$E$12*IF($E97=$E$5,(L$5),(L$6)) -> 2.9591257 | M97: ='Degree-days'!$E$12*IF($E97=$E$5,(M$5),(M$6)) -> 2.9591257 | ... AC97: ='Degree-days'!$E$12*IF($E97=$E$5,(AC$5),(AC$6)) -> 0 | AD97: =SUM(F97:AC97) -> 26.632132 | AE97: =SUM(AD67:AD97) -> 991.30712 | AF97: ='Degree-days'!E11 -> 991.30712
D98: 45017 | E98: =IF(WEEKDAY(D98, 2)<6, "weekday", "weekend") -> weekend | F98: ='Degree-days'!$F$12*IF($E98=$E$5,(F$5),(F$6)) -> 0 | G98: ='Degree-days'!$F$12*IF($E98=$E$5,(G$5),(G$6)) -> 0 | H98: ='Degree-days'!$F$12*IF($E98=$E$5,(H$5),(H$6)) -> 0 | I98: ='Degree-days'!$F$12*IF($E98=$E$5,(I$5),(I$6)) -> 0 | J98: ='Degree-days'!$F$12*IF($E98=$E$5,(J$5),(J$6)) -> 0 | K98: ='Degree-days'!$F$12*IF($E98=$E$5,(K$5),(K$6)) -> 0 | L98: ='Degree-days'!$F$12*IF($E98=$E$5,(L$5),(L$6)) -> 2.1331042 | M98: ='Degree-days'!$F$12*IF($E98=$E$5,(M$5),(M$6)) -> 2.1331042 | ... AC98: ='Degree-days'!$F$12*IF($E98=$E$5,(AC$5),(AC$6)) -> 0 | AD98: =SUM(F98:AC98) -> 34.129667
D99: 45018 | E99: =IF(WEEKDAY(D99, 2)<6, "weekday", "weekend") -> weekend | F99: ='Degree-days'!$F$12*IF($E99=$E$5,(F$5),(F$6)) -> 0 | G99: ='Degree-days'!$F$12*IF($E99=$E$5,(G$5),(G$6)) -> 0 | H99: ='Degree-days'!$F$12*IF($E99=$E$5,(H$5),(H$6)) -> 0 | I99: ='Degree-days'!$F$12*IF($E99=$E$5,(I$5),(I$6)) -> 0 | J99: ='Degree-days'!$F$12*IF($E99=$E$5,(J$5),(J$6)) -> 0 | K99: ='Degree-days'!$F$12*IF($E99=$E$5,(K$5),(K$6)) -> 0 | L99: ='Degree-days'!$F$12*IF($E99=$E$5,(L$5),(L$6)) -> 2.1331042 | M99: ='Degree-days'!$F$12*IF($E99=$E$5,(M$5),(M$6)) -> 2.1331042 | ... AC99: ='Degree-days'!$F$12*IF($E99=$E$5,(AC$5),(AC$6)) -> 0 | AD99: =SUM(F99:AC99) -> 34.129667
D100: 45019 | E100: =IF(WEEKDAY(D100, 2)<6, "weekday", "weekend") -> weekday | F100: ='Degree-days'!$F$12*IF($E100=$E$5,(F$5),(F$6)) -> 0 | G100: ='Degree-days'!$F$12*IF($E100=$E$5,(G$5),(G$6)) -> 0 | H100: ='Degree-days'!$F$12*IF($E100=$E$5,(H$5),(H$6)) -> 0 | I100: ='Degree-days'!$F$12*IF($E100=$E$5,(I$5),(I$6)) -> 0 | J100: ='Degree-days'!$F$12*IF($E100=$E$5,(J$5),(J$6)) -> 0 | K100: ='Degree-days'!$F$12*IF($E100=$E$5,(K$5),(K$6)) -> 0 | L100: ='Degree-days'!$F$12*IF($E100=$E$5,(L$5),(L$6)) -> 2.1331042 | M100: ='Degree-days'!$F$12*IF($E100=$E$5,(M$5),(M$6)) -> 2.1331042 | ... AC100: ='Degree-days'!$F$12*IF($E100=$E$5,(AC$5),(AC$6)) -> 0 | AD100: =SUM(F100:AC100) -> 19.197938
D101: 45020 | E101: =IF(WEEKDAY(D101, 2)<6, "weekday", "weekend") -> weekday | F101: ='Degree-days'!$F$12*IF($E101=$E$5,(F$5),(F$6)) -> 0 | G101: ='Degree-days'!$F$12*IF($E101=$E$5,(G$5),(G$6)) -> 0 | H101: ='Degree-days'!$F$12*IF($E101=$E$5,(H$5),(H$6)) -> 0 | I101: ='Degree-days'!$F$12*IF($E101=$E$5,(I$5),(I$6)) -> 0 | J101: ='Degree-days'!$F$12*IF($E101=$E$5,(J$5),(J$6)) -> 0 | K101: ='Degree-days'!$F$12*IF($E101=$E$5,(K$5),(K$6)) -> 0 | L101: ='Degree-days'!$F$12*IF($E101=$E$5,(L$5),(L$6)) -> 2.1331042 | M101: ='Degree-days'!$F$12*IF($E101=$E$5,(M$5),(M$6)) -> 2.1331042 | ... AC101: ='Degree-days'!$F$12*IF($E101=$E$5,(AC$5),(AC$6)) -> 0 | AD101: =SUM(F101:AC101) -> 19.197938
D102: 45021 | E102: =IF(WEEKDAY(D102, 2)<6, "weekday", "weekend") -> weekday | F102: ='Degree-days'!$F$12*IF($E102=$E$5,(F$5),(F$6)) -> 0 | G102: ='Degree-days'!$F$12*IF($E102=$E$5,(G$5),(G$6)) -> 0 | H102: ='Degree-days'!$F$12*IF($E102=$E$5,(H$5),(H$6)) -> 0 | I102: ='Degree-days'!$F$12*IF($E102=$E$5,(I$5),(I$6)) -> 0 | J102: ='Degree-days'!$F$12*IF($E102=$E$5,(J$5),(J$6)) -> 0 | K102: ='Degree-days'!$F$12*IF($E102=$E$5,(K$5),(K$6)) -> 0 | L102: ='Degree-days'!$F$12*IF($E102=$E$5,(L$5),(L$6)) -> 2.1331042 | M102: ='Degree-days'!$F$12*IF($E102=$E$5,(M$5),(M$6)) -> 2.1331042 | ... AC102: ='Degree-days'!$F$12*IF($E102=$E$5,(AC$5),(AC$6)) -> 0 | AD102: =SUM(F102:AC102) -> 19.197938
D103: 45022 | E103: =IF(WEEKDAY(D103, 2)<6, "weekday", "weekend") -> weekday | F103: ='Degree-days'!$F$12*IF($E103=$E$5,(F$5),(F$6)) -> 0 | G103: ='Degree-days'!$F$12*IF($E103=$E$5,(G$5),(G$6)) -> 0 | H103: ='Degree-days'!$F$12*IF($E103=$E$5,(H$5),(H$6)) -> 0 | I103: ='Degree-days'!$F$12*IF($E103=$E$5,(I$5),(I$6)) -> 0 | J103: ='Degree-days'!$F$12*IF($E103=$E$5,(J$5),(J$6)) -> 0 | K103: ='Degree-days'!$F$12*IF($E103=$E$5,(K$5),(K$6)) -> 0 | L103: ='Degree-days'!$F$12*IF($E103=$E$5,(L$5),(L$6)) -> 2.1331042 | M103: ='Degree-days'!$F$12*IF($E103=$E$5,(M$5),(M$6)) -> 2.1331042 | ... AC103: ='Degree-days'!$F$12*IF($E103=$E$5,(AC$5),(AC$6)) -> 0 | AD103: =SUM(F103:AC103) -> 19.197938
D104: 45023 | E104: =IF(WEEKDAY(D104, 2)<6, "weekday", "weekend") -> weekday | F104: ='Degree-days'!$F$12*IF($E104=$E$5,(F$5),(F$6)) -> 0 | G104: ='Degree-days'!$F$12*IF($E104=$E$5,(G$5),(G$6)) -> 0 | H104: ='Degree-days'!$F$12*IF($E104=$E$5,(H$5),(H$6)) -> 0 | I104: ='Degree-days'!$F$12*IF($E104=$E$5,(I$5),(I$6)) -> 0 | J104: ='Degree-days'!$F$12*IF($E104=$E$5,(J$5),(J$6)) -> 0 | K104: ='Degree-days'!$F$12*IF($E104=$E$5,(K$5),(K$6)) -> 0 | L104: ='Degree-days'!$F$12*IF($E104=$E$5,(L$5),(L$6)) -> 2.1331042 | M104: ='Degree-days'!$F$12*IF($E104=$E$5,(M$5),(M$6)) -> 2.1331042 | ... AC104: ='Degree-days'!$F$12*IF($E104=$E$5,(AC$5),(AC$6)) -> 0 | AD104: =SUM(F104:AC104) -> 19.197938
D105: 45024 | E105: =IF(WEEKDAY(D105, 2)<6, "weekday", "weekend") -> weekend | F105: ='Degree-days'!$F$12*IF($E105=$E$5,(F$5),(F$6)) -> 0 | G105: ='Degree-days'!$F$12*IF($E105=$E$5,(G$5),(G$6)) -> 0 | H105: ='Degree-days'!$F$12*IF($E105=$E$5,(H$5),(H$6)) -> 0 | I105: ='Degree-days'!$F$12*IF($E105=$E$5,(I$5),(I$6)) -> 0 | J105: ='Degree-days'!$F$12*IF($E105=$E$5,(J$5),(J$6)) -> 0 | K105: ='Degree-days'!$F$12*IF($E105=$E$5,(K$5),(K$6)) -> 0 | L105: ='Degree-days'!$F$12*IF($E105=$E$5,(L$5),(L$6)) -> 2.1331042 | M105: ='Degree-days'!$F$12*IF($E105=$E$5,(M$5),(M$6)) -> 2.1331042 | ... AC105: ='Degree-days'!$F$12*IF($E105=$E$5,(AC$5),(AC$6)) -> 0 | AD105: =SUM(F105:AC105) -> 34.129667
D106: 45025 | E106: =IF(WEEKDAY(D106, 2)<6, "weekday", "weekend") -> weekend | F106: ='Degree-days'!$F$12*IF($E106=$E$5,(F$5),(F$6)) -> 0 | G106: ='Degree-days'!$F$12*IF($E106=$E$5,(G$5),(G$6)) -> 0 | H106: ='Degree-days'!$F$12*IF($E106=$E$5,(H$5),(H$6)) -> 0 | I106: ='Degree-days'!$F$12*IF($E106=$E$5,(I$5),(I$6)) -> 0 | J106: ='Degree-days'!$F$12*IF($E106=$E$5,(J$5),(J$6)) -> 0 | K106: ='Degree-days'!$F$12*IF($E106=$E$5,(K$5),(K$6)) -> 0 | L106: ='Degree-days'!$F$12*IF($E106=$E$5,(L$5),(L$6)) -> 2.1331042 | M106: ='Degree-days'!$F$12*IF($E106=$E$5,(M$5),(M$6)) -> 2.1331042 | ... AC106: ='Degree-days'!$F$12*IF($E106=$E$5,(AC$5),(AC$6)) -> 0 | AD106: =SUM(F106:AC106) -> 34.129667
D107: 45026 | E107: =IF(WEEKDAY(D107, 2)<6, "weekday", "weekend") -> weekday | F107: ='Degree-days'!$F$12*IF($E107=$E$5,(F$5),(F$6)) -> 0 | G107: ='Degree-days'!$F$12*IF($E107=$E$5,(G$5),(G$6)) -> 0 | H107: ='Degree-days'!$F$12*IF($E107=$E$5,(H$5),(H$6)) -> 0 | I107: ='Degree-days'!$F$12*IF($E107=$E$5,(I$5),(I$6)) -> 0 | J107: ='Degree-days'!$F$12*IF($E107=$E$5,(J$5),(J$6)) -> 0 | K107: ='Degree-days'!$F$12*IF($E107=$E$5,(K$5),(K$6)) -> 0 | L107: ='Degree-days'!$F$12*IF($E107=$E$5,(L$5),(L$6)) -> 2.1331042 | M107: ='Degree-days'!$F$12*IF($E107=$E$5,(M$5),(M$6)) -> 2.1331042 | ... AC107: ='Degree-days'!$F$12*IF($E107=$E$5,(AC$5),(AC$6)) -> 0 | AD107: =SUM(F107:AC107) -> 19.197938
D108: 45027 | E108: =IF(WEEKDAY(D108, 2)<6, "weekday", "weekend") -> weekday | F108: ='Degree-days'!$F$12*IF($E108=$E$5,(F$5),(F$6)) -> 0 | G108: ='Degree-days'!$F$12*IF($E108=$E$5,(G$5),(G$6)) -> 0 | H108: ='Degree-days'!$F$12*IF($E108=$E$5,(H$5),(H$6)) -> 0 | I108: ='Degree-days'!$F$12*IF($E108=$E$5,(I$5),(I$6)) -> 0 | J108: ='Degree-days'!$F$12*IF($E108=$E$5,(J$5),(J$6)) -> 0 | K108: ='Degree-days'!$F$12*IF($E108=$E$5,(K$5),(K$6)) -> 0 | L108: ='Degree-days'!$F$12*IF($E108=$E$5,(L$5),(L$6)) -> 2.1331042 | M108: ='Degree-days'!$F$12*IF($E108=$E$5,(M$5),(M$6)) -> 2.1331042 | ... AC108: ='Degree-days'!$F$12*IF($E108=$E$5,(AC$5),(AC$6)) -> 0 | AD108: =SUM(F108:AC108) -> 19.197938
D109: 45028 | E109: =IF(WEEKDAY(D109, 2)<6, "weekday", "weekend") -> weekday | F109: ='Degree-days'!$F$12*IF($E109=$E$5,(F$5),(F$6)) -> 0 | G109: ='Degree-days'!$F$12*IF($E109=$E$5,(G$5),(G$6)) -> 0 | H109: ='Degree-days'!$F$12*IF($E109=$E$5,(H$5),(H$6)) -> 0 | I109: ='Degree-days'!$F$12*IF($E109=$E$5,(I$5),(I$6)) -> 0 | J109: ='Degree-days'!$F$12*IF($E109=$E$5,(J$5),(J$6)) -> 0 | K109: ='Degree-days'!$F$12*IF($E109=$E$5,(K$5),(K$6)) -> 0 | L109: ='Degree-days'!$F$12*IF($E109=$E$5,(L$5),(L$6)) -> 2.1331042 | M109: ='Degree-days'!$F$12*IF($E109=$E$5,(M$5),(M$6)) -> 2.1331042 | ... AC109: ='Degree-days'!$F$12*IF($E109=$E$5,(AC$5),(AC$6)) -> 0 | AD109: =SUM(F109:AC109) -> 19.197938
... D126: 45045 | E126: =IF(WEEKDAY(D126, 2)<6, "weekday", "weekend") -> weekend | F126: ='Degree-days'!$F$12*IF($E126=$E$5,(F$5),(F$6)) -> 0 | G126: ='Degree-days'!$F$12*IF($E126=$E$5,(G$5),(G$6)) -> 0 | H126: ='Degree-days'!$F$12*IF($E126=$E$5,(H$5),(H$6)) -> 0 | I126: ='Degree-days'!$F$12*IF($E126=$E$5,(I$5),(I$6)) -> 0 | J126: ='Degree-days'!$F$12*IF($E126=$E$5,(J$5),(J$6)) -> 0 | K126: ='Degree-days'!$F$12*IF($E126=$E$5,(K$5),(K$6)) -> 0 | L126: ='Degree-days'!$F$12*IF($E126=$E$5,(L$5),(L$6)) -> 2.1331042 | M126: ='Degree-days'!$F$12*IF($E126=$E$5,(M$5),(M$6)) -> 2.1331042 | ... AC126: ='Degree-days'!$F$12*IF($E126=$E$5,(AC$5),(AC$6)) -> 0 | AD126: =SUM(F126:AC126) -> 34.129667
D127: 45046 | E127: =IF(WEEKDAY(D127, 2)<6, "weekday", "weekend") -> weekend | F127: ='Degree-days'!$F$12*IF($E127=$E$5,(F$5),(F$6)) -> 0 | G127: ='Degree-days'!$F$12*IF($E127=$E$5,(G$5),(G$6)) -> 0 | H127: ='Degree-days'!$F$12*IF($E127=$E$5,(H$5),(H$6)) -> 0 | I127: ='Degree-days'!$F$12*IF($E127=$E$5,(I$5),(I$6)) -> 0 | J127: ='Degree-days'!$F$12*IF($E127=$E$5,(J$5),(J$6)) -> 0 | K127: ='Degree-days'!$F$12*IF($E127=$E$5,(K$5),(K$6)) -> 0 | L127: ='Degree-days'!$F$12*IF($E127=$E$5,(L$5),(L$6)) -> 2.1331042 | M127: ='Degree-days'!$F$12*IF($E127=$E$5,(M$5),(M$6)) -> 2.1331042 | ... AC127: ='Degree-days'!$F$12*IF($E127=$E$5,(AC$5),(AC$6)) -> 0 | AD127: =SUM(F127:AC127) -> 34.129667 | AE127: =SUM(AD98:AD127) -> 725.25542 | AF127: ='Degree-days'!F11 -> 725.25542
D128: 45047 | E128: =IF(WEEKDAY(D128, 2)<6, "weekday", "weekend") -> weekday | F128: ='Degree-days'!$G$12*IF($E128=$E$5,(F$5),(F$6)) -> 0 | G128: ='Degree-days'!$G$12*IF($E128=$E$5,(G$5),(G$6)) -> 0 | H128: ='Degree-days'!$G$12*IF($E128=$E$5,(H$5),(H$6)) -> 0 | I128: ='Degree-days'!$G$12*IF($E128=$E$5,(I$5),(I$6)) -> 0 | J128: ='Degree-days'!$G$12*IF($E128=$E$5,(J$5),(J$6)) -> 0 | K128: ='Degree-days'!$G$12*IF($E128=$E$5,(K$5),(K$6)) -> 0 | L128: ='Degree-days'!$G$12*IF($E128=$E$5,(L$5),(L$6)) -> 1.3106919 | M128: ='Degree-days'!$G$12*IF($E128=$E$5,(M$5),(M$6)) -> 1.3106919 | ... AC128: ='Degree-days'!$G$12*IF($E128=$E$5,(AC$5),(AC$6)) -> 0 | AD128: =SUM(F128:AC128) -> 11.796227
D129: 45048 | E129: =IF(WEEKDAY(D129, 2)<6, "weekday", "weekend") -> weekday | F129: ='Degree-days'!$G$12*IF($E129=$E$5,(F$5),(F$6)) -> 0 | G129: ='Degree-days'!$G$12*IF($E129=$E$5,(G$5),(G$6)) -> 0 | H129: ='Degree-days'!$G$12*IF($E129=$E$5,(H$5),(H$6)) -> 0 | I129: ='Degree-days'!$G$12*IF($E129=$E$5,(I$5),(I$6)) -> 0 | J129: ='Degree-days'!$G$12*IF($E129=$E$5,(J$5),(J$6)) -> 0 | K129: ='Degree-days'!$G$12*IF($E129=$E$5,(K$5),(K$6)) -> 0 | L129: ='Degree-days'!$G$12*IF($E129=$E$5,(L$5),(L$6)) -> 1.3106919 | M129: ='Degree-days'!$G$12*IF($E129=$E$5,(M$5),(M$6)) -> 1.3106919 | ... AC129: ='Degree-days'!$G$12*IF($E129=$E$5,(AC$5),(AC$6)) -> 0 | AD129: =SUM(F129:AC129) -> 11.796227
D130: 45049 | E130: =IF(WEEKDAY(D130, 2)<6, "weekday", "weekend") -> weekday | F130: ='Degree-days'!$G$12*IF($E130=$E$5,(F$5),(F$6)) -> 0 | G130: ='Degree-days'!$G$12*IF($E130=$E$5,(G$5),(G$6)) -> 0 | H130: ='Degree-days'!$G$12*IF($E130=$E$5,(H$5),(H$6)) -> 0 | I130: ='Degree-days'!$G$12*IF($E130=$E$5,(I$5),(I$6)) -> 0 | J130: ='Degree-days'!$G$12*IF($E130=$E$5,(J$5),(J$6)) -> 0 | K130: ='Degree-days'!$G$12*IF($E130=$E$5,(K$5),(K$6)) -> 0 | L130: ='Degree-days'!$G$12*IF($E130=$E$5,(L$5),(L$6)) -> 1.3106919 | M130: ='Degree-days'!$G$12*IF($E130=$E$5,(M$5),(M$6)) -> 1.3106919 | ... AC130: ='Degree-days'!$G$12*IF($E130=$E$5,(AC$5),(AC$6)) -> 0 | AD130: =SUM(F130:AC130) -> 11.796227
D131: 45050 | E131: =IF(WEEKDAY(D131, 2)<6, "weekday", "weekend") -> weekday | F131: ='Degree-days'!$G$12*IF($E131=$E$5,(F$5),(F$6)) -> 0 | G131: ='Degree-days'!$G$12*IF($E131=$E$5,(G$5),(G$6)) -> 0 | H131: ='Degree-days'!$G$12*IF($E131=$E$5,(H$5),(H$6)) -> 0 | I131: ='Degree-days'!$G$12*IF($E131=$E$5,(I$5),(I$6)) -> 0 | J131: ='Degree-days'!$G$12*IF($E131=$E$5,(J$5),(J$6)) -> 0 | K131: ='Degree-days'!$G$12*IF($E131=$E$5,(K$5),(K$6)) -> 0 | L131: ='Degree-days'!$G$12*IF($E131=$E$5,(L$5),(L$6)) -> 1.3106919 | M131: ='Degree-days'!$G$12*IF($E131=$E$5,(M$5),(M$6)) -> 1.3106919 | ... AC131: ='Degree-days'!$G$12*IF($E131=$E$5,(AC$5),(AC$6)) -> 0 | AD131: =SUM(F131:AC131) -> 11.796227
D132: 45051 | E132: =IF(WEEKDAY(D132, 2)<6, "weekday", "weekend") -> weekday | F132: ='Degree-days'!$G$12*IF($E132=$E$5,(F$5),(F$6)) -> 0 | G132: ='Degree-days'!$G$12*IF($E132=$E$5,(G$5),(G$6)) -> 0 | H132: ='Degree-days'!$G$12*IF($E132=$E$5,(H$5),(H$6)) -> 0 | I132: ='Degree-days'!$G$12*IF($E132=$E$5,(I$5),(I$6)) -> 0 | J132: ='Degree-days'!$G$12*IF($E132=$E$5,(J$5),(J$6)) -> 0 | K132: ='Degree-days'!$G$12*IF($E132=$E$5,(K$5),(K$6)) -> 0 | L132: ='Degree-days'!$G$12*IF($E132=$E$5,(L$5),(L$6)) -> 1.3106919 | M132: ='Degree-days'!$G$12*IF($E132=$E$5,(M$5),(M$6)) -> 1.3106919 | ... AC132: ='Degree-days'!$G$12*IF($E132=$E$5,(AC$5),(AC$6)) -> 0 | AD132: =SUM(F132:AC132) -> 11.796227
D133: 45052 | E133: =IF(WEEKDAY(D133, 2)<6, "weekday", "weekend") -> weekend | F133: ='Degree-days'!$G$12*IF($E133=$E$5,(F$5),(F$6)) -> 0 | G133: ='Degree-days'!$G$12*IF($E133=$E$5,(G$5),(G$6)) -> 0 | H133: ='Degree-days'!$G$12*IF($E133=$E$5,(H$5),(H$6)) -> 0 | I133: ='Degree-days'!$G$12*IF($E133=$E$5,(I$5),(I$6)) -> 0 | J133: ='Degree-days'!$G$12*IF($E133=$E$5,(J$5),(J$6)) -> 0 | K133: ='Degree-days'!$G$12*IF($E133=$E$5,(K$5),(K$6)) -> 0 | L133: ='Degree-days'!$G$12*IF($E133=$E$5,(L$5),(L$6)) -> 1.3106919 | M133: ='Degree-days'!$G$12*IF($E133=$E$5,(M$5),(M$6)) -> 1.3106919 | ... AC133: ='Degree-days'!$G$12*IF($E133=$E$5,(AC$5),(AC$6)) -> 0 | AD133: =SUM(F133:AC133) -> 20.97107
D134: 45053 | E134: =IF(WEEKDAY(D134, 2)<6, "weekday", "weekend") -> weekend | F134: ='Degree-days'!$G$12*IF($E134=$E$5,(F$5),(F$6)) -> 0 | G134: ='Degree-days'!$G$12*IF($E134=$E$5,(G$5),(G$6)) -> 0 | H134: ='Degree-days'!$G$12*IF($E134=$E$5,(H$5),(H$6)) -> 0 | I134: ='Degree-days'!$G$12*IF($E134=$E$5,(I$5),(I$6)) -> 0 | J134: ='Degree-days'!$G$12*IF($E134=$E$5,(J$5),(J$6)) -> 0 | K134: ='Degree-days'!$G$12*IF($E134=$E$5,(K$5),(K$6)) -> 0 | L134: ='Degree-days'!$G$12*IF($E134=$E$5,(L$5),(L$6)) -> 1.3106919 | M134: ='Degree-days'!$G$12*IF($E134=$E$5,(M$5),(M$6)) -> 1.3106919 | ... AC134: ='Degree-days'!$G$12*IF($E134=$E$5,(AC$5),(AC$6)) -> 0 | AD134: =SUM(F134:AC134) -> 20.97107
D135: 45054 | E135: =IF(WEEKDAY(D135, 2)<6, "weekday", "weekend") -> weekday | F135: ='Degree-days'!$G$12*IF($E135=$E$5,(F$5),(F$6)) -> 0 | G135: ='Degree-days'!$G$12*IF($E135=$E$5,(G$5),(G$6)) -> 0 | H135: ='Degree-days'!$G$12*IF($E135=$E$5,(H$5),(H$6)) -> 0 | I135: ='Degree-days'!$G$12*IF($E135=$E$5,(I$5),(I$6)) -> 0 | J135: ='Degree-days'!$G$12*IF($E135=$E$5,(J$5),(J$6)) -> 0 | K135: ='Degree-days'!$G$12*IF($E135=$E$5,(K$5),(K$6)) -> 0 | L135: ='Degree-days'!$G$12*IF($E135=$E$5,(L$5),(L$6)) -> 1.3106919 | M135: ='Degree-days'!$G$12*IF($E135=$E$5,(M$5),(M$6)) -> 1.3106919 | ... AC135: ='Degree-days'!$G$12*IF($E135=$E$5,(AC$5),(AC$6)) -> 0 | AD135: =SUM(F135:AC135) -> 11.796227
D136: 45055 | E136: =IF(WEEKDAY(D136, 2)<6, "weekday", "weekend") -> weekday | F136: ='Degree-days'!$G$12*IF($E136=$E$5,(F$5),(F$6)) -> 0 | G136: ='Degree-days'!$G$12*IF($E136=$E$5,(G$5),(G$6)) -> 0 | H136: ='Degree-days'!$G$12*IF($E136=$E$5,(H$5),(H$6)) -> 0 | I136: ='Degree-days'!$G$12*IF($E136=$E$5,(I$5),(I$6)) -> 0 | J136: ='Degree-days'!$G$12*IF($E136=$E$5,(J$5),(J$6)) -> 0 | K136: ='Degree-days'!$G$12*IF($E136=$E$5,(K$5),(K$6)) -> 0 | L136: ='Degree-days'!$G$12*IF($E136=$E$5,(L$5),(L$6)) -> 1.3106919 | M136: ='Degree-days'!$G$12*IF($E136=$E$5,(M$5),(M$6)) -> 1.3106919 | ... AC136: ='Degree-days'!$G$12*IF($E136=$E$5,(AC$5),(AC$6)) -> 0 | AD136: =SUM(F136:AC136) -> 11.796227
D137: 45056 | E137: =IF(WEEKDAY(D137, 2)<6, "weekday", "weekend") -> weekday | F137: ='Degree-days'!$G$12*IF($E137=$E$5,(F$5),(F$6)) -> 0 | G137: ='Degree-days'!$G$12*IF($E137=$E$5,(G$5),(G$6)) -> 0 | H137: ='Degree-days'!$G$12*IF($E137=$E$5,(H$5),(H$6)) -> 0 | I137: ='Degree-days'!$G$12*IF($E137=$E$5,(I$5),(I$6)) -> 0 | J137: ='Degree-days'!$G$12*IF($E137=$E$5,(J$5),(J$6)) -> 0 | K137: ='Degree-days'!$G$12*IF($E137=$E$5,(K$5),(K$6)) -> 0 | L137: ='Degree-days'!$G$12*IF($E137=$E$5,(L$5),(L$6)) -> 1.3106919 | M137: ='Degree-days'!$G$12*IF($E137=$E$5,(M$5),(M$6)) -> 1.3106919 | ... AC137: ='Degree-days'!$G$12*IF($E137=$E$5,(AC$5),(AC$6)) -> 0 | AD137: =SUM(F137:AC137) -> 11.796227
D138: 45057 | E138: =IF(WEEKDAY(D138, 2)<6, "weekday", "weekend") -> weekday | F138: ='Degree-days'!$G$12*IF($E138=$E$5,(F$5),(F$6)) -> 0 | G138: ='Degree-days'!$G$12*IF($E138=$E$5,(G$5),(G$6)) -> 0 | H138: ='Degree-days'!$G$12*IF($E138=$E$5,(H$5),(H$6)) -> 0 | I138: ='Degree-days'!$G$12*IF($E138=$E$5,(I$5),(I$6)) -> 0 | J138: ='Degree-days'!$G$12*IF($E138=$E$5,(J$5),(J$6)) -> 0 | K138: ='Degree-days'!$G$12*IF($E138=$E$5,(K$5),(K$6)) -> 0 | L138: ='Degree-days'!$G$12*IF($E138=$E$5,(L$5),(L$6)) -> 1.3106919 | M138: ='Degree-days'!$G$12*IF($E138=$E$5,(M$5),(M$6)) -> 1.3106919 | ... AC138: ='Degree-days'!$G$12*IF($E138=$E$5,(AC$5),(AC$6)) -> 0 | AD138: =SUM(F138:AC138) -> 11.796227
D139: 45058 | E139: =IF(WEEKDAY(D139, 2)<6, "weekday", "weekend") -> weekday | F139: ='Degree-days'!$G$12*IF($E139=$E$5,(F$5),(F$6)) -> 0 | G139: ='Degree-days'!$G$12*IF($E139=$E$5,(G$5),(G$6)) -> 0 | H139: ='Degree-days'!$G$12*IF($E139=$E$5,(H$5),(H$6)) -> 0 | I139: ='Degree-days'!$G$12*IF($E139=$E$5,(I$5),(I$6)) -> 0 | J139: ='Degree-days'!$G$12*IF($E139=$E$5,(J$5),(J$6)) -> 0 | K139: ='Degree-days'!$G$12*IF($E139=$E$5,(K$5),(K$6)) -> 0 | L139: ='Degree-days'!$G$12*IF($E139=$E$5,(L$5),(L$6)) -> 1.3106919 | M139: ='Degree-days'!$G$12*IF($E139=$E$5,(M$5),(M$6)) -> 1.3106919 | ... AC139: ='Degree-days'!$G$12*IF($E139=$E$5,(AC$5),(AC$6)) -> 0 | AD139: =SUM(F139:AC139) -> 11.796227
... D157: 45076 | E157: =IF(WEEKDAY(D157, 2)<6, "weekday", "weekend") -> weekday | F157: ='Degree-days'!$G$12*IF($E157=$E$5,(F$5),(F$6)) -> 0 | G157: ='Degree-days'!$G$12*IF($E157=$E$5,(G$5),(G$6)) -> 0 | H157: ='Degree-days'!$G$12*IF($E157=$E$5,(H$5),(H$6)) -> 0 | I157: ='Degree-days'!$G$12*IF($E157=$E$5,(I$5),(I$6)) -> 0 | J157: ='Degree-days'!$G$12*IF($E157=$E$5,(J$5),(J$6)) -> 0 | K157: ='Degree-days'!$G$12*IF($E157=$E$5,(K$5),(K$6)) -> 0 | L157: ='Degree-days'!$G$12*IF($E157=$E$5,(L$5),(L$6)) -> 1.3106919 | M157: ='Degree-days'!$G$12*IF($E157=$E$5,(M$5),(M$6)) -> 1.3106919 | ... AC157: ='Degree-days'!$G$12*IF($E157=$E$5,(AC$5),(AC$6)) -> 0 | AD157: =SUM(F157:AC157) -> 11.796227
D158: 45077 | E158: =IF(WEEKDAY(D158, 2)<6, "weekday", "weekend") -> weekday | F158: ='Degree-days'!$G$12*IF($E158=$E$5,(F$5),(F$6)) -> 0 | G158: ='Degree-days'!$G$12*IF($E158=$E$5,(G$5),(G$6)) -> 0 | H158: ='Degree-days'!$G$12*IF($E158=$E$5,(H$5),(H$6)) -> 0 | I158: ='Degree-days'!$G$12*IF($E158=$E$5,(I$5),(I$6)) -> 0 | J158: ='Degree-days'!$G$12*IF($E158=$E$5,(J$5),(J$6)) -> 0 | K158: ='Degree-days'!$G$12*IF($E158=$E$5,(K$5),(K$6)) -> 0 | L158: ='Degree-days'!$G$12*IF($E158=$E$5,(L$5),(L$6)) -> 1.3106919 | M158: ='Degree-days'!$G$12*IF($E158=$E$5,(M$5),(M$6)) -> 1.3106919 | ... AC158: ='Degree-days'!$G$12*IF($E158=$E$5,(AC$5),(AC$6)) -> 0 | AD158: =SUM(F158:AC158) -> 11.796227 | AE158: =SUM(AD128:AD158) -> 439.08178 | AF158: ='Degree-days'!G11 -> 439.08178
D159: 45078 | E159: =IF(WEEKDAY(D159, 2)<6, "weekday", "weekend") -> weekday | F159: ='Degree-days'!$H$12*IF($E159=$E$5,(F$5),(F$6)) -> 0 | G159: ='Degree-days'!$H$12*IF($E159=$E$5,(G$5),(G$6)) -> 0 | H159: ='Degree-days'!$H$12*IF($E159=$E$5,(H$5),(H$6)) -> 0 | I159: ='Degree-days'!$H$12*IF($E159=$E$5,(I$5),(I$6)) -> 0 | J159: ='Degree-days'!$H$12*IF($E159=$E$5,(J$5),(J$6)) -> 0 | K159: ='Degree-days'!$H$12*IF($E159=$E$5,(K$5),(K$6)) -> 0 | L159: ='Degree-days'!$H$12*IF($E159=$E$5,(L$5),(L$6)) -> 0.57508966 | M159: ='Degree-days'!$H$12*IF($E159=$E$5,(M$5),(M$6)) -> 0.57508966 | ... AC159: ='Degree-days'!$H$12*IF($E159=$E$5,(AC$5),(AC$6)) -> 0 | AD159: =SUM(F159:AC159) -> 5.1758069
D160: 45079 | E160: =IF(WEEKDAY(D160, 2)<6, "weekday", "weekend") -> weekday | F160: ='Degree-days'!$H$12*IF($E160=$E$5,(F$5),(F$6)) -> 0 | G160: ='Degree-days'!$H$12*IF($E160=$E$5,(G$5),(G$6)) -> 0 | H160: ='Degree-days'!$H$12*IF($E160=$E$5,(H$5),(H$6)) -> 0 | I160: ='Degree-days'!$H$12*IF($E160=$E$5,(I$5),(I$6)) -> 0 | J160: ='Degree-days'!$H$12*IF($E160=$E$5,(J$5),(J$6)) -> 0 | K160: ='Degree-days'!$H$12*IF($E160=$E$5,(K$5),(K$6)) -> 0 | L160: ='Degree-days'!$H$12*IF($E160=$E$5,(L$5),(L$6)) -> 0.57508966 | M160: ='Degree-days'!$H$12*IF($E160=$E$5,(M$5),(M$6)) -> 0.57508966 | ... AC160: ='Degree-days'!$H$12*IF($E160=$E$5,(AC$5),(AC$6)) -> 0 | AD160: =SUM(F160:AC160) -> 5.1758069
D161: 45080 | E161: =IF(WEEKDAY(D161, 2)<6, "weekday", "weekend") -> weekend | F161: ='Degree-days'!$H$12*IF($E161=$E$5,(F$5),(F$6)) -> 0 | G161: ='Degree-days'!$H$12*IF($E161=$E$5,(G$5),(G$6)) -> 0 | H161: ='Degree-days'!$H$12*IF($E161=$E$5,(H$5),(H$6)) -> 0 | I161: ='Degree-days'!$H$12*IF($E161=$E$5,(I$5),(I$6)) -> 0 | J161: ='Degree-days'!$H$12*IF($E161=$E$5,(J$5),(J$6)) -> 0 | K161: ='Degree-days'!$H$12*IF($E161=$E$5,(K$5),(K$6)) -> 0 | L161: ='Degree-days'!$H$12*IF($E161=$E$5,(L$5),(L$6)) -> 0.57508966 | M161: ='Degree-days'!$H$12*IF($E161=$E$5,(M$5),(M$6)) -> 0.57508966 | ... AC161: ='Degree-days'!$H$12*IF($E161=$E$5,(AC$5),(AC$6)) -> 0 | AD161: =SUM(F161:AC161) -> 9.2014346
D162: 45081 | E162: =IF(WEEKDAY(D162, 2)<6, "weekday", "weekend") -> weekend | F162: ='Degree-days'!$H$12*IF($E162=$E$5,(F$5),(F$6)) -> 0 | G162: ='Degree-days'!$H$12*IF($E162=$E$5,(G$5),(G$6)) -> 0 | H162: ='Degree-days'!$H$12*IF($E162=$E$5,(H$5),(H$6)) -> 0 | I162: ='Degree-days'!$H$12*IF($E162=$E$5,(I$5),(I$6)) -> 0 | J162: ='Degree-days'!$H$12*IF($E162=$E$5,(J$5),(J$6)) -> 0 | K162: ='Degree-days'!$H$12*IF($E162=$E$5,(K$5),(K$6)) -> 0 | L162: ='Degree-days'!$H$12*IF($E162=$E$5,(L$5),(L$6)) -> 0.57508966 | M162: ='Degree-days'!$H$12*IF($E162=$E$5,(M$5),(M$6)) -> 0.57508966 | ... AC162: ='Degree-days'!$H$12*IF($E162=$E$5,(AC$5),(AC$6)) -> 0 | AD162: =SUM(F162:AC162) -> 9.2014346
D163: 45082 | E163: =IF(WEEKDAY(D163, 2)<6, "weekday", "weekend") -> weekday | F163: ='Degree-days'!$H$12*IF($E163=$E$5,(F$5),(F$6)) -> 0 | G163: ='Degree-days'!$H$12*IF($E163=$E$5,(G$5),(G$6)) -> 0 | H163: ='Degree-days'!$H$12*IF($E163=$E$5,(H$5),(H$6)) -> 0 | I163: ='Degree-days'!$H$12*IF($E163=$E$5,(I$5),(I$6)) -> 0 | J163: ='Degree-days'!$H$12*IF($E163=$E$5,(J$5),(J$6)) -> 0 | K163: ='Degree-days'!$H$12*IF($E163=$E$5,(K$5),(K$6)) -> 0 | L163: ='Degree-days'!$H$12*IF($E163=$E$5,(L$5),(L$6)) -> 0.57508966 | M163: ='Degree-days'!$H$12*IF($E163=$E$5,(M$5),(M$6)) -> 0.57508966 | ... AC163: ='Degree-days'!$H$12*IF($E163=$E$5,(AC$5),(AC$6)) -> 0 | AD163: =SUM(F163:AC163) -> 5.1758069
D164: 45083 | E164: =IF(WEEKDAY(D164, 2)<6, "weekday", "weekend") -> weekday | F164: ='Degree-days'!$H$12*IF($E164=$E$5,(F$5),(F$6)) -> 0 | G164: ='Degree-days'!$H$12*IF($E164=$E$5,(G$5),(G$6)) -> 0 | H164: ='Degree-days'!$H$12*IF($E164=$E$5,(H$5),(H$6)) -> 0 | I164: ='Degree-days'!$H$12*IF($E164=$E$5,(I$5),(I$6)) -> 0 | J164: ='Degree-days'!$H$12*IF($E164=$E$5,(J$5),(J$6)) -> 0 | K164: ='Degree-days'!$H$12*IF($E164=$E$5,(K$5),(K$6)) -> 0 | L164: ='Degree-days'!$H$12*IF($E164=$E$5,(L$5),(L$6)) -> 0.57508966 | M164: ='Degree-days'!$H$12*IF($E164=$E$5,(M$5),(M$6)) -> 0.57508966 | ... AC164: ='Degree-days'!$H$12*IF($E164=$E$5,(AC$5),(AC$6)) -> 0 | AD164: =SUM(F164:AC164) -> 5.1758069
D165: 45084 | E165: =IF(WEEKDAY(D165, 2)<6, "weekday", "weekend") -> weekday | F165: ='Degree-days'!$H$12*IF($E165=$E$5,(F$5),(F$6)) -> 0 | G165: ='Degree-days'!$H$12*IF($E165=$E$5,(G$5),(G$6)) -> 0 | H165: ='Degree-days'!$H$12*IF($E165=$E$5,(H$5),(H$6)) -> 0 | I165: ='Degree-days'!$H$12*IF($E165=$E$5,(I$5),(I$6)) -> 0 | J165: ='Degree-days'!$H$12*IF($E165=$E$5,(J$5),(J$6)) -> 0 | K165: ='Degree-days'!$H$12*IF($E165=$E$5,(K$5),(K$6)) -> 0 | L165: ='Degree-days'!$H$12*IF($E165=$E$5,(L$5),(L$6)) -> 0.57508966 | M165: ='Degree-days'!$H$12*IF($E165=$E$5,(M$5),(M$6)) -> 0.57508966 | ... AC165: ='Degree-days'!$H$12*IF($E165=$E$5,(AC$5),(AC$6)) -> 0 | AD165: =SUM(F165:AC165) -> 5.1758069
D166: 45085 | E166: =IF(WEEKDAY(D166, 2)<6, "weekday", "weekend") -> weekday | F166: ='Degree-days'!$H$12*IF($E166=$E$5,(F$5),(F$6)) -> 0 | G166: ='Degree-days'!$H$12*IF($E166=$E$5,(G$5),(G$6)) -> 0 | H166: ='Degree-days'!$H$12*IF($E166=$E$5,(H$5),(H$6)) -> 0 | I166: ='Degree-days'!$H$12*IF($E166=$E$5,(I$5),(I$6)) -> 0 | J166: ='Degree-days'!$H$12*IF($E166=$E$5,(J$5),(J$6)) -> 0 | K166: ='Degree-days'!$H$12*IF($E166=$E$5,(K$5),(K$6)) -> 0 | L166: ='Degree-days'!$H$12*IF($E166=$E$5,(L$5),(L$6)) -> 0.57508966 | M166: ='Degree-days'!$H$12*IF($E166=$E$5,(M$5),(M$6)) -> 0.57508966 | ... AC166: ='Degree-days'!$H$12*IF($E166=$E$5,(AC$5),(AC$6)) -> 0 | AD166: =SUM(F166:AC166) -> 5.1758069
D167: 45086 | E167: =IF(WEEKDAY(D167, 2)<6, "weekday", "weekend") -> weekday | F167: ='Degree-days'!$H$12*IF($E167=$E$5,(F$5),(F$6)) -> 0 | G167: ='Degree-days'!$H$12*IF($E167=$E$5,(G$5),(G$6)) -> 0 | H167: ='Degree-days'!$H$12*IF($E167=$E$5,(H$5),(H$6)) -> 0 | I167: ='Degree-days'!$H$12*IF($E167=$E$5,(I$5),(I$6)) -> 0 | J167: ='Degree-days'!$H$12*IF($E167=$E$5,(J$5),(J$6)) -> 0 | K167: ='Degree-days'!$H$12*IF($E167=$E$5,(K$5),(K$6)) -> 0 | L167: ='Degree-days'!$H$12*IF($E167=$E$5,(L$5),(L$6)) -> 0.57508966 | M167: ='Degree-days'!$H$12*IF($E167=$E$5,(M$5),(M$6)) -> 0.57508966 | ... AC167: ='Degree-days'!$H$12*IF($E167=$E$5,(AC$5),(AC$6)) -> 0 | AD167: =SUM(F167:AC167) -> 5.1758069
D168: 45087 | E168: =IF(WEEKDAY(D168, 2)<6, "weekday", "weekend") -> weekend | F168: ='Degree-days'!$H$12*IF($E168=$E$5,(F$5),(F$6)) -> 0 | G168: ='Degree-days'!$H$12*IF($E168=$E$5,(G$5),(G$6)) -> 0 | H168: ='Degree-days'!$H$12*IF($E168=$E$5,(H$5),(H$6)) -> 0 | I168: ='Degree-days'!$H$12*IF($E168=$E$5,(I$5),(I$6)) -> 0 | J168: ='Degree-days'!$H$12*IF($E168=$E$5,(J$5),(J$6)) -> 0 | K168: ='Degree-days'!$H$12*IF($E168=$E$5,(K$5),(K$6)) -> 0 | L168: ='Degree-days'!$H$12*IF($E168=$E$5,(L$5),(L$6)) -> 0.57508966 | M168: ='Degree-days'!$H$12*IF($E168=$E$5,(M$5),(M$6)) -> 0.57508966 | ... AC168: ='Degree-days'!$H$12*IF($E168=$E$5,(AC$5),(AC$6)) -> 0 | AD168: =SUM(F168:AC168) -> 9.2014346
D169: 45088 | E169: =IF(WEEKDAY(D169, 2)<6, "weekday", "weekend") -> weekend | F169: ='Degree-days'!$H$12*IF($E169=$E$5,(F$5),(F$6)) -> 0 | G169: ='Degree-days'!$H$12*IF($E169=$E$5,(G$5),(G$6)) -> 0 | H169: ='Degree-days'!$H$12*IF($E169=$E$5,(H$5),(H$6)) -> 0 | I169: ='Degree-days'!$H$12*IF($E169=$E$5,(I$5),(I$6)) -> 0 | J169: ='Degree-days'!$H$12*IF($E169=$E$5,(J$5),(J$6)) -> 0 | K169: ='Degree-days'!$H$12*IF($E169=$E$5,(K$5),(K$6)) -> 0 | L169: ='Degree-days'!$H$12*IF($E169=$E$5,(L$5),(L$6)) -> 0.57508966 | M169: ='Degree-days'!$H$12*IF($E169=$E$5,(M$5),(M$6)) -> 0.57508966 | ... AC169: ='Degree-days'!$H$12*IF($E169=$E$5,(AC$5),(AC$6)) -> 0 | AD169: =SUM(F169:AC169) -> 9.2014346
D170: 45089 | E170: =IF(WEEKDAY(D170, 2)<6, "weekday", "weekend") -> weekday | F170: ='Degree-days'!$H$12*IF($E170=$E$5,(F$5),(F$6)) -> 0 | G170: ='Degree-days'!$H$12*IF($E170=$E$5,(G$5),(G$6)) -> 0 | H170: ='Degree-days'!$H$12*IF($E170=$E$5,(H$5),(H$6)) -> 0 | I170: ='Degree-days'!$H$12*IF($E170=$E$5,(I$5),(I$6)) -> 0 | J170: ='Degree-days'!$H$12*IF($E170=$E$5,(J$5),(J$6)) -> 0 | K170: ='Degree-days'!$H$12*IF($E170=$E$5,(K$5),(K$6)) -> 0 | L170: ='Degree-days'!$H$12*IF($E170=$E$5,(L$5),(L$6)) -> 0.57508966 | M170: ='Degree-days'!$H$12*IF($E170=$E$5,(M$5),(M$6)) -> 0.57508966 | ... AC170: ='Degree-days'!$H$12*IF($E170=$E$5,(AC$5),(AC$6)) -> 0 | AD170: =SUM(F170:AC170) -> 5.1758069
... D187: 45106 | E187: =IF(WEEKDAY(D187, 2)<6, "weekday", "weekend") -> weekday | F187: ='Degree-days'!$H$12*IF($E187=$E$5,(F$5),(F$6)) -> 0 | G187: ='Degree-days'!$H$12*IF($E187=$E$5,(G$5),(G$6)) -> 0 | H187: ='Degree-days'!$H$12*IF($E187=$E$5,(H$5),(H$6)) -> 0 | I187: ='Degree-days'!$H$12*IF($E187=$E$5,(I$5),(I$6)) -> 0 | J187: ='Degree-days'!$H$12*IF($E187=$E$5,(J$5),(J$6)) -> 0 | K187: ='Degree-days'!$H$12*IF($E187=$E$5,(K$5),(K$6)) -> 0 | L187: ='Degree-days'!$H$12*IF($E187=$E$5,(L$5),(L$6)) -> 0.57508966 | M187: ='Degree-days'!$H$12*IF($E187=$E$5,(M$5),(M$6)) -> 0.57508966 | ... AC187: ='Degree-days'!$H$12*IF($E187=$E$5,(AC$5),(AC$6)) -> 0 | AD187: =SUM(F187:AC187) -> 5.1758069
D188: 45107 | E188: =IF(WEEKDAY(D188, 2)<6, "weekday", "weekend") -> weekday | F188: ='Degree-days'!$H$12*IF($E188=$E$5,(F$5),(F$6)) -> 0 | G188: ='Degree-days'!$H$12*IF($E188=$E$5,(G$5),(G$6)) -> 0 | H188: ='Degree-days'!$H$12*IF($E188=$E$5,(H$5),(H$6)) -> 0 | I188: ='Degree-days'!$H$12*IF($E188=$E$5,(I$5),(I$6)) -> 0 | J188: ='Degree-days'!$H$12*IF($E188=$E$5,(J$5),(J$6)) -> 0 | K188: ='Degree-days'!$H$12*IF($E188=$E$5,(K$5),(K$6)) -> 0 | L188: ='Degree-days'!$H$12*IF($E188=$E$5,(L$5),(L$6)) -> 0.57508966 | M188: ='Degree-days'!$H$12*IF($E188=$E$5,(M$5),(M$6)) -> 0.57508966 | ... AC188: ='Degree-days'!$H$12*IF($E188=$E$5,(AC$5),(AC$6)) -> 0 | AD188: =SUM(F188:AC188) -> 5.1758069 | AE188: =SUM(AD159:AD188) -> 187.47923 | AF188: ='Degree-days'!H11 -> 187.47923
D189: 45108 | E189: =IF(WEEKDAY(D189, 2)<6, "weekday", "weekend") -> weekend | F189: ='Degree-days'!$I$12*IF($E189=$E$5,(F$5),(F$6)) -> 0 | G189: ='Degree-days'!$I$12*IF($E189=$E$5,(G$5),(G$6)) -> 0 | H189: ='Degree-days'!$I$12*IF($E189=$E$5,(H$5),(H$6)) -> 0 | I189: ='Degree-days'!$I$12*IF($E189=$E$5,(I$5),(I$6)) -> 0 | J189: ='Degree-days'!$I$12*IF($E189=$E$5,(J$5),(J$6)) -> 0 | K189: ='Degree-days'!$I$12*IF($E189=$E$5,(K$5),(K$6)) -> 0 | L189: ='Degree-days'!$I$12*IF($E189=$E$5,(L$5),(L$6)) -> 0.19836485 | M189: ='Degree-days'!$I$12*IF($E189=$E$5,(M$5),(M$6)) -> 0.19836485 | ... AC189: ='Degree-days'!$I$12*IF($E189=$E$5,(AC$5),(AC$6)) -> 0 | AD189: =SUM(F189:AC189) -> 3.1738376
D190: 45109 | E190: =IF(WEEKDAY(D190, 2)<6, "weekday", "weekend") -> weekend | F190: ='Degree-days'!$I$12*IF($E190=$E$5,(F$5),(F$6)) -> 0 | G190: ='Degree-days'!$I$12*IF($E190=$E$5,(G$5),(G$6)) -> 0 | H190: ='Degree-days'!$I$12*IF($E190=$E$5,(H$5),(H$6)) -> 0 | I190: ='Degree-days'!$I$12*IF($E190=$E$5,(I$5),(I$6)) -> 0 | J190: ='Degree-days'!$I$12*IF($E190=$E$5,(J$5),(J$6)) -> 0 | K190: ='Degree-days'!$I$12*IF($E190=$E$5,(K$5),(K$6)) -> 0 | L190: ='Degree-days'!$I$12*IF($E190=$E$5,(L$5),(L$6)) -> 0.19836485 | M190: ='Degree-days'!$I$12*IF($E190=$E$5,(M$5),(M$6)) -> 0.19836485 | ... AC190: ='Degree-days'!$I$12*IF($E190=$E$5,(AC$5),(AC$6)) -> 0 | AD190: =SUM(F190:AC190) -> 3.1738376
D191: 45110 | E191: =IF(WEEKDAY(D191, 2)<6, "weekday", "weekend") -> weekday | F191: ='Degree-days'!$I$12*IF($E191=$E$5,(F$5),(F$6)) -> 0 | G191: ='Degree-days'!$I$12*IF($E191=$E$5,(G$5),(G$6)) -> 0 | H191: ='Degree-days'!$I$12*IF($E191=$E$5,(H$5),(H$6)) -> 0 | I191: ='Degree-days'!$I$12*IF($E191=$E$5,(I$5),(I$6)) -> 0 | J191: ='Degree-days'!$I$12*IF($E191=$E$5,(J$5),(J$6)) -> 0 | K191: ='Degree-days'!$I$12*IF($E191=$E$5,(K$5),(K$6)) -> 0 | L191: ='Degree-days'!$I$12*IF($E191=$E$5,(L$5),(L$6)) -> 0.19836485 | M191: ='Degree-days'!$I$12*IF($E191=$E$5,(M$5),(M$6)) -> 0.19836485 | ... AC191: ='Degree-days'!$I$12*IF($E191=$E$5,(AC$5),(AC$6)) -> 0 | AD191: =SUM(F191:AC191) -> 1.7852836
D192: 45111 | E192: =IF(WEEKDAY(D192, 2)<6, "weekday", "weekend") -> weekday | F192: ='Degree-days'!$I$12*IF($E192=$E$5,(F$5),(F$6)) -> 0 | G192: ='Degree-days'!$I$12*IF($E192=$E$5,(G$5),(G$6)) -> 0 | H192: ='Degree-days'!$I$12*IF($E192=$E$5,(H$5),(H$6)) -> 0 | I192: ='Degree-days'!$I$12*IF($E192=$E$5,(I$5),(I$6)) -> 0 | J192: ='Degree-days'!$I$12*IF($E192=$E$5,(J$5),(J$6)) -> 0 | K192: ='Degree-days'!$I$12*IF($E192=$E$5,(K$5),(K$6)) -> 0 | L192: ='Degree-days'!$I$12*IF($E192=$E$5,(L$5),(L$6)) -> 0.19836485 | M192: ='Degree-days'!$I$12*IF($E192=$E$5,(M$5),(M$6)) -> 0.19836485 | ... AC192: ='Degree-days'!$I$12*IF($E192=$E$5,(AC$5),(AC$6)) -> 0 | AD192: =SUM(F192:AC192) -> 1.7852836
D193: 45112 | E193: =IF(WEEKDAY(D193, 2)<6, "weekday", "weekend") -> weekday | F193: ='Degree-days'!$I$12*IF($E193=$E$5,(F$5),(F$6)) -> 0 | G193: ='Degree-days'!$I$12*IF($E193=$E$5,(G$5),(G$6)) -> 0 | H193: ='Degree-days'!$I$12*IF($E193=$E$5,(H$5),(H$6)) -> 0 | I193: ='Degree-days'!$I$12*IF($E193=$E$5,(I$5),(I$6)) -> 0 | J193: ='Degree-days'!$I$12*IF($E193=$E$5,(J$5),(J$6)) -> 0 | K193: ='Degree-days'!$I$12*IF($E193=$E$5,(K$5),(K$6)) -> 0 | L193: ='Degree-days'!$I$12*IF($E193=$E$5,(L$5),(L$6)) -> 0.19836485 | M193: ='Degree-days'!$I$12*IF($E193=$E$5,(M$5),(M$6)) -> 0.19836485 | ... AC193: ='Degree-days'!$I$12*IF($E193=$E$5,(AC$5),(AC$6)) -> 0 | AD193: =SUM(F193:AC193) -> 1.7852836
D194: 45113 | E194: =IF(WEEKDAY(D194, 2)<6, "weekday", "weekend") -> weekday | F194: ='Degree-days'!$I$12*IF($E194=$E$5,(F$5),(F$6)) -> 0 | G194: ='Degree-days'!$I$12*IF($E194=$E$5,(G$5),(G$6)) -> 0 | H194: ='Degree-days'!$I$12*IF($E194=$E$5,(H$5),(H$6)) -> 0 | I194: ='Degree-days'!$I$12*IF($E194=$E$5,(I$5),(I$6)) -> 0 | J194: ='Degree-days'!$I$12*IF($E194=$E$5,(J$5),(J$6)) -> 0 | K194: ='Degree-days'!$I$12*IF($E194=$E$5,(K$5),(K$6)) -> 0 | L194: ='Degree-days'!$I$12*IF($E194=$E$5,(L$5),(L$6)) -> 0.19836485 | M194: ='Degree-days'!$I$12*IF($E194=$E$5,(M$5),(M$6)) -> 0.19836485 | ... AC194: ='Degree-days'!$I$12*IF($E194=$E$5,(AC$5),(AC$6)) -> 0 | AD194: =SUM(F194:AC194) -> 1.7852836
D195: 45114 | E195: =IF(WEEKDAY(D195, 2)<6, "weekday", "weekend") -> weekday | F195: ='Degree-days'!$I$12*IF($E195=$E$5,(F$5),(F$6)) -> 0 | G195: ='Degree-days'!$I$12*IF($E195=$E$5,(G$5),(G$6)) -> 0 | H195: ='Degree-days'!$I$12*IF($E195=$E$5,(H$5),(H$6)) -> 0 | I195: ='Degree-days'!$I$12*IF($E195=$E$5,(I$5),(I$6)) -> 0 | J195: ='Degree-days'!$I$12*IF($E195=$E$5,(J$5),(J$6)) -> 0 | K195: ='Degree-days'!$I$12*IF($E195=$E$5,(K$5),(K$6)) -> 0 | L195: ='Degree-days'!$I$12*IF($E195=$E$5,(L$5),(L$6)) -> 0.19836485 | M195: ='Degree-days'!$I$12*IF($E195=$E$5,(M$5),(M$6)) -> 0.19836485 | ... AC195: ='Degree-days'!$I$12*IF($E195=$E$5,(AC$5),(AC$6)) -> 0 | AD195: =SUM(F195:AC195) -> 1.7852836
D196: 45115 | E196: =IF(WEEKDAY(D196, 2)<6, "weekday", "weekend") -> weekend | F196: ='Degree-days'!$I$12*IF($E196=$E$5,(F$5),(F$6)) -> 0 | G196: ='Degree-days'!$I$12*IF($E196=$E$5,(G$5),(G$6)) -> 0 | H196: ='Degree-days'!$I$12*IF($E196=$E$5,(H$5),(H$6)) -> 0 | I196: ='Degree-days'!$I$12*IF($E196=$E$5,(I$5),(I$6)) -> 0 | J196: ='Degree-days'!$I$12*IF($E196=$E$5,(J$5),(J$6)) -> 0 | K196: ='Degree-days'!$I$12*IF($E196=$E$5,(K$5),(K$6)) -> 0 | L196: ='Degree-days'!$I$12*IF($E196=$E$5,(L$5),(L$6)) -> 0.19836485 | M196: ='Degree-days'!$I$12*IF($E196=$E$5,(M$5),(M$6)) -> 0.19836485 | ... AC196: ='Degree-days'!$I$12*IF($E196=$E$5,(AC$5),(AC$6)) -> 0 | AD196: =SUM(F196:AC196) -> 3.1738376
D197: 45116 | E197: =IF(WEEKDAY(D197, 2)<6, "weekday", "weekend") -> weekend | F197: ='Degree-days'!$I$12*IF($E197=$E$5,(F$5),(F$6)) -> 0 | G197: ='Degree-days'!$I$12*IF($E197=$E$5,(G$5),(G$6)) -> 0 | H197: ='Degree-days'!$I$12*IF($E197=$E$5,(H$5),(H$6)) -> 0 | I197: ='Degree-days'!$I$12*IF($E197=$E$5,(I$5),(I$6)) -> 0 | J197: ='Degree-days'!$I$12*IF($E197=$E$5,(J$5),(J$6)) -> 0 | K197: ='Degree-days'!$I$12*IF($E197=$E$5,(K$5),(K$6)) -> 0 | L197: ='Degree-days'!$I$12*IF($E197=$E$5,(L$5),(L$6)) -> 0.19836485 | M197: ='Degree-days'!$I$12*IF($E197=$E$5,(M$5),(M$6)) -> 0.19836485 | ... AC197: ='Degree-days'!$I$12*IF($E197=$E$5,(AC$5),(AC$6)) -> 0 | AD197: =SUM(F197:AC197) -> 3.1738376
D198: 45117 | E198: =IF(WEEKDAY(D198, 2)<6, "weekday", "weekend") -> weekday | F198: ='Degree-days'!$I$12*IF($E198=$E$5,(F$5),(F$6)) -> 0 | G198: ='Degree-days'!$I$12*IF($E198=$E$5,(G$5),(G$6)) -> 0 | H198: ='Degree-days'!$I$12*IF($E198=$E$5,(H$5),(H$6)) -> 0 | I198: ='Degree-days'!$I$12*IF($E198=$E$5,(I$5),(I$6)) -> 0 | J198: ='Degree-days'!$I$12*IF($E198=$E$5,(J$5),(J$6)) -> 0 | K198: ='Degree-days'!$I$12*IF($E198=$E$5,(K$5),(K$6)) -> 0 | L198: ='Degree-days'!$I$12*IF($E198=$E$5,(L$5),(L$6)) -> 0.19836485 | M198: ='Degree-days'!$I$12*IF($E198=$E$5,(M$5),(M$6)) -> 0.19836485 | ... AC198: ='Degree-days'!$I$12*IF($E198=$E$5,(AC$5),(AC$6)) -> 0 | AD198: =SUM(F198:AC198) -> 1.7852836
D199: 45118 | E199: =IF(WEEKDAY(D199, 2)<6, "weekday", "weekend") -> weekday | F199: ='Degree-days'!$I$12*IF($E199=$E$5,(F$5),(F$6)) -> 0 | G199: ='Degree-days'!$I$12*IF($E199=$E$5,(G$5),(G$6)) -> 0 | H199: ='Degree-days'!$I$12*IF($E199=$E$5,(H$5),(H$6)) -> 0 | I199: ='Degree-days'!$I$12*IF($E199=$E$5,(I$5),(I$6)) -> 0 | J199: ='Degree-days'!$I$12*IF($E199=$E$5,(J$5),(J$6)) -> 0 | K199: ='Degree-days'!$I$12*IF($E199=$E$5,(K$5),(K$6)) -> 0 | L199: ='Degree-days'!$I$12*IF($E199=$E$5,(L$5),(L$6)) -> 0.19836485 | M199: ='Degree-days'!$I$12*IF($E199=$E$5,(M$5),(M$6)) -> 0.19836485 | ... AC199: ='Degree-days'!$I$12*IF($E199=$E$5,(AC$5),(AC$6)) -> 0 | AD199: =SUM(F199:AC199) -> 1.7852836
...

Sheet Daily Heat Demand Matrix (2)
C2: Weekend | G2: Weekday | L2: Weighted
D3: ='Degree-days'!C14 -> Winter (Dec to Feb) | E3: ='Degree-days'!D14 -> Spring/Autumn (Mar to May, Sep to Nov) | F3: ='Degree-days'!E14 -> Summer (Jun to Aug) | H3: =D3 -> Winter (Dec to Feb) | I3: =E3 -> Spring/Autumn (Mar to May, Sep to Nov) | J3: =F3 -> Summer (Jun to Aug) | L3: =D3 -> Winter (Dec to Feb) | M3: =E3 -> Spring/Autumn (Mar to May, Sep to Nov) | N3: =F3 -> Summer (Jun to Aug)
B4: Hour | C4: Boiler Running | D4: ='Degree-days'!C19 -> 3.4332695 | E4: ='Degree-days'!D19 -> 1.8717328 | F4: ='Degree-days'!E19 -> 0.32981104 | H4: =D4 -> 3.4332695 | I4: =E4 -> 1.8717328 | J4: =F4 -> 0.32981104
B6: 1 | C6: {=TRANSPOSE('Daily Heat Demand'!F5:AC5)} -> 0 | D6: =IF(C6=0,0,$D$4) -> 0 | E6: =IF(C6=0,0,$E$4) -> 0 | F6: =IF(C6=0,0,F$4) -> 0 | G6: {=TRANSPOSE('Heat System Daily Operation'!F6:AC6)} -> 0 | H6: =IF(G6=0,0,$H$4) -> 0 | I6: =IF(G6=0,0,$I$4) -> 0 | J6: =IF(G6=0,0,$J$4) -> 0
B7: 2 | C7: 0 | D7: =IF(C7=0,0,$D$4) -> 0 | E7: =IF(C7=0,0,$E$4) -> 0 | F7: =IF(C7=0,0,F$4) -> 0 | G7: 0 | H7: =IF(G7=0,0,$H$4) -> 0 | I7: =IF(G7=0,0,$I$4) -> 0 | J7: =IF(G7=0,0,$J$4) -> 0
B8: 3 | C8: 0 | D8: =IF(C8=0,0,$D$4) -> 0 | E8: =IF(C8=0,0,$E$4) -> 0 | F8: =IF(C8=0,0,F$4) -> 0 | G8: 0 | H8: =IF(G8=0,0,$H$4) -> 0 | I8: =IF(G8=0,0,$I$4) -> 0 | J8: =IF(G8=0,0,$J$4) -> 0
B9: 4 | C9: 0 | D9: =IF(C9=0,0,$D$4) -> 0 | E9: =IF(C9=0,0,$E$4) -> 0 | F9: =IF(C9=0,0,F$4) -> 0 | G9: 0 | H9: =IF(G9=0,0,$H$4) -> 0 | I9: =IF(G9=0,0,$I$4) -> 0 | J9: =IF(G9=0,0,$J$4) -> 0
B10: 5 | C10: 0 | D10: =IF(C10=0,0,$D$4) -> 0 | E10: =IF(C10=0,0,$E$4) -> 0 | F10: =IF(C10=0,0,F$4) -> 0 | G10: 0 | H10: =IF(G10=0,0,$H$4) -> 0 | I10: =IF(G10=0,0,$I$4) -> 0 | J10: =IF(G10=0,0,$J$4) -> 0
B11: 6 | C11: 0 | D11: =IF(C11=0,0,$D$4) -> 0 | E11: =IF(C11=0,0,$E$4) -> 0 | F11: =IF(C11=0,0,F$4) -> 0 | G11: 0 | H11: =IF(G11=0,0,$H$4) -> 0 | I11: =IF(G11=0,0,$I$4) -> 0 | J11: =IF(G11=0,0,$J$4) -> 0
B12: 7 | C12: 1 | D12: =IF(C12=0,0,$D$4) -> 3.4332695 | E12: =IF(C12=0,0,$E$4) -> 1.8717328 | F12: =IF(C12=0,0,F$4) -> 0.32981104 | G12: 1 | H12: =IF(G12=0,0,$H$4) -> 3.4332695 | I12: =IF(G12=0,0,$I$4) -> 1.8717328 | J12: =IF(G12=0,0,$J$4) -> 0.32981104
B13: 8 | C13: 1 | D13: =IF(C13=0,0,$D$4) -> 3.4332695 | E13: =IF(C13=0,0,$E$4) -> 1.8717328 | F13: =IF(C13=0,0,F$4) -> 0.32981104 | G13: 1 | H13: =IF(G13=0,0,$H$4) -> 3.4332695 | I13: =IF(G13=0,0,$I$4) -> 1.8717328 | J13: =IF(G13=0,0,$J$4) -> 0.32981104
B14: 9 | C14: 1 | D14: =IF(C14=0,0,$D$4) -> 3.4332695 | E14: =IF(C14=0,0,$E$4) -> 1.8717328 | F14: =IF(C14=0,0,F$4) -> 0.32981104 | G14: 0 | H14: =IF(G14=0,0,$H$4) -> 0 | I14: =IF(G14=0,0,$I$4) -> 0 | J14: =IF(G14=0,0,$J$4) -> 0
B15: 10 | C15: 1 | D15: =IF(C15=0,0,$D$4) -> 3.4332695 | E15: =IF(C15=0,0,$E$4) -> 1.8717328 | F15: =IF(C15=0,0,F$4) -> 0.32981104 | G15: 0 | H15: =IF(G15=0,0,$H$4) -> 0 | I15: =IF(G15=0,0,$I$4) -> 0 | J15: =IF(G15=0,0,$J$4) -> 0
B16: 11 | C16: 1 | D16: =IF(C16=0,0,$D$4) -> 3.4332695 | E16: =IF(C16=0,0,$E$4) -> 1.8717328 | F16: =IF(C16=0,0,F$4) -> 0.32981104 | G16: 0 | H16: =IF(G16=0,0,$H$4) -> 0 | I16: =IF(G16=0,0,$I$4) -> 0 | J16: =IF(G16=0,0,$J$4) -> 0
B17: 12 | C17: 1 | D17: =IF(C17=0,0,$D$4) -> 3.4332695 | E17: =IF(C17=0,0,$E$4) -> 1.8717328 | F17: =IF(C17=0,0,F$4) -> 0.32981104 | G17: 0 | H17: =IF(G17=0,0,$H$4) -> 0 | I17: =IF(G17=0,0,$I$4) -> 0 | J17: =IF(G17=0,0,$J$4) -> 0
B18: 13 | C18: 1 | D18: =IF(C18=0,0,$D$4) -> 3.4332695 | E18: =IF(C18=0,0,$E$4) -> 1.8717328 | F18: =IF(C18=0,0,F$4) -> 0.32981104 | G18: 0 | H18: =IF(G18=0,0,$H$4) -> 0 | I18: =IF(G18=0,0,$I$4) -> 0 | J18: =IF(G18=0,0,$J$4) -> 0
... B29: 24 | C29: 0 | D29: =IF(C29=0,0,$D$4) -> 0 | E29: =IF(C29=0,0,$E$4) -> 0 | F29: =IF(C29=0,0,F$4) -> 0 | G29: 0 | H29: =IF(G29=0,0,$H$4) -> 0 | I29: =IF(G29=0,0,$I$4) -> 0 | J29: =IF(G29=0,0,$J$4) -> 0

Sheet HomeHeatDemand
F1: Individual Home Heat Demand (kWh) | I1: Total Heat Demand (kWh)
B2: Count | C2: Day | D2: Time | E2: WE/WD | F2: Winter | G2: Spring/Autumn | H2: Summer | I2: =F2 -> Winter | J2: =G2 -> Spring/Autumn | K2: =H2 -> Summer
E3: Total | F3: =SUM(F10:F177) -> 264.36175 | G3: =SUM(G10:G177) -> 144.12342 | H3: =SUM(H10:H177) -> 25.39545 | I3: =SUM(I10:I177) -> 634468.2 | J3: =SUM(J10:J177) -> 345896.22 | K3: =SUM(K10:K177) -> 60949.081
F4: (kW) | I4: (kW)
E5: Max | F5: =MAX(F10:F177) -> 3.4332695 | G5: =MAX(G10:G177) -> 1.8717328 | H5: =MAX(H10:H177) -> 0.32981104 | I5: =MAX(I10:I177) -> 8239.8468 | J5: =MAX(J10:J177) -> 4492.1587 | K5: =MAX(K10:K177) -> 791.54651
E6: Min | F6: =MIN(F10:F177) -> 0 | G6: =MIN(G10:G177) -> 0 | H6: =MIN(H10:H177) -> 0 | I6: =MIN(I10:I177) -> 0 | J6: =MIN(J10:J177) -> 0 | K6: =MIN(K10:K177) -> 0
E7: Average | F7: =AVERAGE(F10:F177) -> 1.5735819 | G7: =AVERAGE(G10:G177) -> 0.85787752 | H7: =AVERAGE(H10:H177) -> 0.1511634 | I7: =AVERAGE(I10:I177) -> 3776.5964 | J7: =AVERAGE(J10:J177) -> 2058.9061 | K7: =AVERAGE(K10:K177) -> 362.79215
E8: Data Centre Total Heat Released = Total Home Demand
E9: No of Homes | F9: 2400 | G9: =G8/G3 -> 0 | H9: =F9 -> 2400
B10: 1 | C10: Wednesday | D10: 0 | E10: weekday | F10: ='Daily Heat Demand Matrix (2)'!H6 -> 0 | G10: ='Daily Heat Demand Matrix (2)'!I6 -> 0 | H10: ='Daily Heat Demand Matrix (2)'!J6 -> 0 | I10: =F10*$F$9 -> 0 | J10: =G10*$F$9 -> 0 | K10: =H10*$F$9 -> 0
B11: 2 | C11: =C10 -> Wednesday | D11: 0.041666667 | E11: weekday | F11: ='Daily Heat Demand Matrix (2)'!H7 -> 0 | G11: ='Daily Heat Demand Matrix (2)'!I7 -> 0 | H11: ='Daily Heat Demand Matrix (2)'!J7 -> 0 | I11: =F11*$F$9 -> 0 | J11: =G11*$F$9 -> 0 | K11: =H11*$F$9 -> 0
B12: 3 | C12: =C11 -> Wednesday | D12: 0.083333333 | E12: weekday | F12: ='Daily Heat Demand Matrix (2)'!H8 -> 0 | G12: ='Daily Heat Demand Matrix (2)'!I8 -> 0 | H12: ='Daily Heat Demand Matrix (2)'!J8 -> 0 | I12: =F12*$F$9 -> 0 | J12: =G12*$F$9 -> 0 | K12: =H12*$F$9 -> 0
B13: 4 | C13: =C12 -> Wednesday | D13: 0.125 | E13: weekday | F13: ='Daily Heat Demand Matrix (2)'!H9 -> 0 | G13: ='Daily Heat Demand Matrix (2)'!I9 -> 0 | H13: ='Daily Heat Demand Matrix (2)'!J9 -> 0 | I13: =F13*$F$9 -> 0 | J13: =G13*$F$9 -> 0 | K13: =H13*$F$9 -> 0
B14: 5 | C14: =C13 -> Wednesday | D14: 0.16666667 | E14: weekday | F14: ='Daily Heat Demand Matrix (2)'!H10 -> 0 | G14: ='Daily Heat Demand Matrix (2)'!I10 -> 0 | H14: ='Daily Heat Demand Matrix (2)'!J10 -> 0 | I14: =F14*$F$9 -> 0 | J14: =G14*$F$9 -> 0 | K14: =H14*$F$9 -> 0
B15: 6 | C15: =C14 -> Wednesday | D15: 0.20833333 | E15: weekday | F15: ='Daily Heat Demand Matrix (2)'!H11 -> 0 | G15: ='Daily Heat Demand Matrix (2)'!I11 -> 0 | H15: ='Daily Heat Demand Matrix (2)'!J11 -> 0 | I15: =F15*$F$9 -> 0 | J15: =G15*$F$9 -> 0 | K15: =H15*$F$9 -> 0
B16: 7 | C16: =C15 -> Wednesday | D16: 0.25 | E16: weekday | F16: ='Daily Heat Demand Matrix (2)'!H12 -> 3.4332695 | G16: ='Daily Heat Demand Matrix (2)'!I12 -> 1.8717328 | H16: ='Daily Heat Demand Matrix (2)'!J12 -> 0.32981104 | I16: =F16*$F$9 -> 8239.8468 | J16: =G16*$F$9 -> 4492.1587 | K16: =H16*$F$9 -> 791.54651
B17: 8 | C17: =C16 -> Wednesday | D17: 0.29166667 | E17: weekday | F17: ='Daily Heat Demand Matrix (2)'!H13 -> 3.4332695 | G17: ='Daily Heat Demand Matrix (2)'!I13 -> 1.8717328 | H17: ='Daily Heat Demand Matrix (2)'!J13 -> 0.32981104 | I17: =F17*$F$9 -> 8239.8468 | J17: =G17*$F$9 -> 4492.1587 | K17: =H17*$F$9 -> 791.54651
B18: 9 | C18: =C17 -> Wednesday | D18: 0.33333333 | E18: weekday | F18: ='Daily Heat Demand Matrix (2)'!H14 -> 0 | G18: ='Daily Heat Demand Matrix (2)'!I14 -> 0 | H18: ='Daily Heat Demand Matrix (2)'!J14 -> 0 | I18: =F18*$F$9 -> 0 | J18: =G18*$F$9 -> 0 | K18: =H18*$F$9 -> 0
B19: 10 | C19: =C18 -> Wednesday | D19: 0.375 | E19: weekday | F19: ='Daily Heat Demand Matrix (2)'!H15 -> 0 | G19: ='Daily Heat Demand Matrix (2)'!I15 -> 0 | H19: ='Daily Heat Demand Matrix (2)'!J15 -> 0 | I19: =F19*$F$9 -> 0 | J19: =G19*$F$9 -> 0 | K19: =H19*$F$9 -> 0
B20: 11 | C20: =C19 -> Wednesday | D20: 0.41666667 | E20: weekday | F20: ='Daily Heat Demand Matrix (2)'!H16 -> 0 | G20: ='Daily Heat Demand Matrix (2)'!I16 -> 0 | H20: ='Daily Heat Demand Matrix (2)'!J16 -> 0 | I20: =F20*$F$9 -> 0 | J20: =G20*$F$9 -> 0 | K20: =H20*$F$9 -> 0
B21: 12 | C21: =C20 -> Wednesday | D21: 0.45833333 | E21: weekday | F21: ='Daily Heat Demand Matrix (2)'!H17 -> 0 | G21: ='Daily Heat Demand Matrix (2)'!I17 -> 0 | H21: ='Daily Heat Demand Matrix (2)'!J17 -> 0 | I21: =F21*$F$9 -> 0 | J21: =G21*$F$9 -> 0 | K21: =H21*$F$9 -> 0
B22: 13 | C22: =C21 -> Wednesday | D22: 0.5 | E22: weekday | F22: ='Daily Heat Demand Matrix (2)'!H18 -> 0 | G22: ='Daily Heat Demand Matrix (2)'!I18 -> 0 | H22: ='Daily Heat Demand Matrix (2)'!J18 -> 0 | I22: =F22*$F$9 -> 0 | J22: =G22*$F$9 -> 0 | K22: =H22*$F$9 -> 0
... B33: 24 | C33: =C32 -> Wednesday | D33: 0.95833333 | E33: weekday | F33: ='Daily Heat Demand Matrix (2)'!H29 -> 0 | G33: ='Daily Heat Demand Matrix (2)'!I29 -> 0 | H33: ='Daily Heat Demand Matrix (2)'!J29 -> 0 | I33: =F33*$F$9 -> 0 | J33: =G33*$F$9 -> 0 | K33: =H33*$F$9 -> 0
B34: 25 | C34: Thursday | D34: 1 | E34: weekday | F34: =F10 -> 0 | G34: =G10 -> 0 | H34: =H10 -> 0 | I34: =F34*$F$9 -> 0 | J34: =G34*$F$9 -> 0 | K34: =H34*$F$9 -> 0
B35: 26 | C35: =C34 -> Thursday | D35: 1.0416667 | E35: weekday | F35: =F11 -> 0 | G35: =G11 -> 0 | H35: =H11 -> 0 | I35: =F35*$F$9 -> 0 | J35: =G35*$F$9 -> 0 | K35: =H35*$F$9 -> 0
B36: 27 | C36: =C35 -> Thursday | D36: 1.0833333 | E36: weekday | F36: =F12 -> 0 | G36: =G12 -> 0 | H36: =H12 -> 0 | I36: =F36*$F$9 -> 0 | J36: =G36*$F$9 -> 0 | K36: =H36*$F$9 -> 0
B37: 28 | C37: =C36 -> Thursday | D37: 1.125 | E37: weekday | F37: =F13 -> 0 | G37: =G13 -> 0 | H37: =H13 -> 0 | I37: =F37*$F$9 -> 0 | J37: =G37*$F$9 -> 0 | K37: =H37*$F$9 -> 0
B38: 29 | C38: =C37 -> Thursday | D38: 1.1666667 | E38: weekday | F38: =F14 -> 0 | G38: =G14 -> 0 | H38: =H14 -> 0 | I38: =F38*$F$9 -> 0 | J38: =G38*$F$9 -> 0 | K38: =H38*$F$9 -> 0
B39: 30 | C39: =C38 -> Thursday | D39: 1.2083333 | E39: weekday | F39: =F15 -> 0 | G39: =G15 -> 0 | H39: =H15 -> 0 | I39: =F39*$F$9 -> 0 | J39: =G39*$F$9 -> 0 | K39: =H39*$F$9 -> 0
B40: 31 | C40: =C39 -> Thursday | D40: 1.25 | E40: weekday | F40: =F16 -> 3.4332695 | G40: =G16 -> 1.8717328 | H40: =H16 -> 0.32981104 | I40: =F40*$F$9 -> 8239.8468 | J40: =G40*$F$9 -> 4492.1587 | K40: =H40*$F$9 -> 791.54651
B41: 32 | C41: =C40 -> Thursday | D41: 1.2916667 | E41: weekday | F41: =F17 -> 3.4332695 | G41: =G17 -> 1.8717328 | H41: =H17 -> 0.32981104 | I41: =F41*$F$9 -> 8239.8468 | J41: =G41*$F$9 -> 4492.1587 | K41: =H41*$F$9 -> 791.54651
B42: 33 | C42: =C41 -> Thursday | D42: 1.3333333 | E42: weekday | F42: =F18 -> 0 | G42: =G18 -> 0 | H42: =H18 -> 0 | I42: =F42*$F$9 -> 0 | J42: =G42*$F$9 -> 0 | K42: =H42*$F$9 -> 0
B43: 34 | C43: =C42 -> Thursday | D43: 1.375 | E43: weekday | F43: =F19 -> 0 | G43: =G19 -> 0 | H43: =H19 -> 0 | I43: =F43*$F$9 -> 0 | J43: =G43*$F$9 -> 0 | K43: =H43*$F$9 -> 0
B44: 35 | C44: =C43 -> Thursday | D44: 1.4166667 | E44: weekday | F44: =F20 -> 0 | G44: =G20 -> 0 | H44: =H20 -> 0 | I44: =F44*$F$9 -> 0 | J44: =G44*$F$9 -> 0 | K44: =H44*$F$9 -> 0
B45: 36 | C45: =C44 -> Thursday | D45: 1.4583333 | E45: weekday | F45: =F21 -> 0 | G45: =G21 -> 0 | H45: =H21 -> 0 | I45: =F45*$F$9 -> 0 | J45: =G45*$F$9 -> 0 | K45: =H45*$F$9 -> 0
B46: 37 | C46: =C45 -> Thursday | D46: 1.5 | E46: weekday | F46: =F22 -> 0 | G46: =G22 -> 0 | H46: =H22 -> 0 | I46: =F46*$F$9 -> 0 | J46: =G46*$F$9 -> 0 | K46: =H46*$F$9 -> 0
... B57: 48 | C57: =C56 -> Thursday | D57: 1.9583333 | E57: weekday | F57: =F33 -> 0 | G57: =G33 -> 0 | H57: =H33 -> 0 | I57: =F57*$F$9 -> 0 | J57: =G57*$F$9 -> 0 | K57: =H57*$F$9 -> 0
B58: 49 | C58: Friday | D58: 2 | E58: weekday | F58: =F34 -> 0 | G58: =G10 -> 0 | H58: =H10 -> 0 | I58: =F58*$F$9 -> 0 | J58: =G58*$F$9 -> 0 | K58: =H58*$F$9 -> 0
B59: 50 | C59: =C58 -> Friday | D59: 2.0416667 | E59: weekday | F59: =F35 -> 0 | G59: =G11 -> 0 | H59: =H11 -> 0 | I59: =F59*$F$9 -> 0 | J59: =G59*$F$9 -> 0 | K59: =H59*$F$9 -> 0
B60: 51 | C60: =C59 -> Friday | D60: 2.0833333 | E60: weekday | F60: =F36 -> 0 | G60: =G12 -> 0 | H60: =H12 -> 0 | I60: =F60*$F$9 -> 0 | J60: =G60*$F$9 -> 0 | K60: =H60*$F$9 -> 0
B61: 52 | C61: =C60 -> Friday | D61: 2.125 | E61: weekday | F61: =F37 -> 0 | G61: =G13 -> 0 | H61: =H13 -> 0 | I61: =F61*$F$9 -> 0 | J61: =G61*$F$9 -> 0 | K61: =H61*$F$9 -> 0
B62: 53 | C62: =C61 -> Friday | D62: 2.1666667 | E62: weekday | F62: =F38 -> 0 | G62: =G14 -> 0 | H62: =H14 -> 0 | I62: =F62*$F$9 -> 0 | J62: =G62*$F$9 -> 0 | K62: =H62*$F$9 -> 0
B63: 54 | C63: =C62 -> Friday | D63: 2.2083333 | E63: weekday | F63: =F39 -> 0 | G63: =G15 -> 0 | H63: =H15 -> 0 | I63: =F63*$F$9 -> 0 | J63: =G63*$F$9 -> 0 | K63: =H63*$F$9 -> 0
B64: 55 | C64: =C63 -> Friday | D64: 2.25 | E64: weekday | F64: =F40 -> 3.4332695 | G64: =G16 -> 1.8717328 | H64: =H16 -> 0.32981104 | I64: =F64*$F$9 -> 8239.8468 | J64: =G64*$F$9 -> 4492.1587 | K64: =H64*$F$9 -> 791.54651
B65: 56 | C65: =C64 -> Friday | D65: 2.2916667 | E65: weekday | F65: =F41 -> 3.4332695 | G65: =G17 -> 1.8717328 | H65: =H17 -> 0.32981104 | I65: =F65*$F$9 -> 8239.8468 | J65: =G65*$F$9 -> 4492.1587 | K65: =H65*$F$9 -> 791.54651
B66: 57 | C66: =C65 -> Friday | D66: 2.3333333 | E66: weekday | F66: =F42 -> 0 | G66: =G18 -> 0 | H66: =H18 -> 0 | I66: =F66*$F$9 -> 0 | J66: =G66*$F$9 -> 0 | K66: =H66*$F$9 -> 0
B67: 58 | C67: =C66 -> Friday | D67: 2.375 | E67: weekday | F67: =F43 -> 0 | G67: =G19 -> 0 | H67: =H19 -> 0 | I67: =F67*$F$9 -> 0 | J67: =G67*$F$9 -> 0 | K67: =H67*$F$9 -> 0
B68: 59 | C68: =C67 -> Friday | D68: 2.4166667 | E68: weekday | F68: =F44 -> 0 | G68: =G20 -> 0 | H68: =H20 -> 0 | I68: =F68*$F$9 -> 0 | J68: =G68*$F$9 -> 0 | K68: =H68*$F$9 -> 0
B69: 60 | C69: =C68 -> Friday | D69: 2.4583333 | E69: weekday | F69: =F45 -> 0 | G69: =G21 -> 0 | H69: =H21 -> 0 | I69: =F69*$F$9 -> 0 | J69: =G69*$F$9 -> 0 | K69: =H69*$F$9 -> 0
B70: 61 | C70: =C69 -> Friday | D70: 2.5 | E70: weekday | F70: =F46 -> 0 | G70: =G22 -> 0 | H70: =H22 -> 0 | I70: =F70*$F$9 -> 0 | J70: =G70*$F$9 -> 0 | K70: =H70*$F$9 -> 0
... B81: 72 | C81: =C80 -> Friday | D81: 2.9583333 | E81: weekday | F81: =F57 -> 0 | G81: =G33 -> 0 | H81: =H33 -> 0 | I81: =F81*$F$9 -> 0 | J81: =G81*$F$9 -> 0 | K81: =H81*$F$9 -> 0
B82: 73 | C82: Saturday | D82: 3 | E82: weekend | F82: ='Daily Heat Demand Matrix (2)'!D6 -> 0 | G82: ='Daily Heat Demand Matrix (2)'!E6 -> 0 | H82: ='Daily Heat Demand Matrix (2)'!F6 -> 0 | I82: =F82*$F$9 -> 0 | J82: =G82*$F$9 -> 0 | K82: =H82*$F$9 -> 0
B83: 74 | C83: =C82 -> Saturday | D83: 3.0416667 | E83: weekend | F83: ='Daily Heat Demand Matrix (2)'!D7 -> 0 | G83: ='Daily Heat Demand Matrix (2)'!E7 -> 0 | H83: ='Daily Heat Demand Matrix (2)'!F7 -> 0 | I83: =F83*$F$9 -> 0 | J83: =G83*$F$9 -> 0 | K83: =H83*$F$9 -> 0
B84: 75 | C84: =C83 -> Saturday | D84: 3.0833333 | E84: weekend | F84: ='Daily Heat Demand Matrix (2)'!D8 -> 0 | G84: ='Daily Heat Demand Matrix (2)'!E8 -> 0 | H84: ='Daily Heat Demand Matrix (2)'!F8 -> 0 | I84: =F84*$F$9 -> 0 | J84: =G84*$F$9 -> 0 | K84: =H84*$F$9 -> 0
B85: 76 | C85: =C84 -> Saturday | D85: 3.125 | E85: weekend | F85: ='Daily Heat Demand Matrix (2)'!D9 -> 0 | G85: ='Daily Heat Demand Matrix (2)'!E9 -> 0 | H85: ='Daily Heat Demand Matrix (2)'!F9 -> 0 | I85: =F85*$F$9 -> 0 | J85: =G85*$F$9 -> 0 | K85: =H85*$F$9 -> 0
B86: 77 | C86: =C85 -> Saturday | D86: 3.1666667 | E86: weekend | F86: ='Daily Heat Demand Matrix (2)'!D10 -> 0 | G86: ='Daily Heat Demand Matrix (2)'!E10 -> 0 | H86: ='Daily Heat Demand Matrix (2)'!F10 -> 0 | I86: =F86*$F$9 -> 0 | J86: =G86*$F$9 -> 0 | K86: =H86*$F$9 -> 0
B87: 78 | C87: =C86 -> Saturday | D87: 3.2083333 | E87: weekend | F87: ='Daily Heat Demand Matrix (2)'!D11 -> 0 | G87: ='Daily Heat Demand Matrix (2)'!E11 -> 0 | H87: ='Daily Heat Demand Matrix (2)'!F11 -> 0 | I87: =F87*$F$9 -> 0 | J87: =G87*$F$9 -> 0 | K87: =H87*$F$9 -> 0
B88: 79 | C88: =C87 -> Saturday | D88: 3.25 | E88: weekend | F88: ='Daily Heat Demand Matrix (2)'!D12 -> 3.4332695 | G88: ='Daily Heat Demand Matrix (2)'!E12 -> 1.8717328 | H88: ='Daily Heat Demand Matrix (2)'!F12 -> 0.32981104 | I88: =F88*$F$9 -> 8239.8468 | J88: =G88*$F$9 -> 4492.1587 | K88: =H88*$F$9 -> 791.54651
B89: 80 | C89: =C88 -> Saturday | D89: 3.2916667 | E89: weekend | F89: ='Daily Heat Demand Matrix (2)'!D13 -> 3.4332695 | G89: ='Daily Heat Demand Matrix (2)'!E13 -> 1.8717328 | H89: ='Daily Heat Demand Matrix (2)'!F13 -> 0.32981104 | I89: =F89*$F$9 -> 8239.8468 | J89: =G89*$F$9 -> 4492.1587 | K89: =H89*$F$9 -> 791.54651
B90: 81 | C90: =C89 -> Saturday | D90: 3.3333333 | E90: weekend | F90: ='Daily Heat Demand Matrix (2)'!D14 -> 3.4332695 | G90: ='Daily Heat Demand Matrix (2)'!E14 -> 1.8717328 | H90: ='Daily Heat Demand Matrix (2)'!F14 -> 0.32981104 | I90: =F90*$F$9 -> 8239.8468 | J90: =G90*$F$9 -> 4492.1587 | K90: =H90*$F$9 -> 791.54651
B91: 82 | C91: =C90 -> Saturday | D91: 3.375 | E91: weekend | F91: ='Daily Heat Demand Matrix (2)'!D15 -> 3.4332695 | G91: ='Daily Heat Demand Matrix (2)'!E15 -> 1.8717328 | H91: ='Daily Heat Demand Matrix (2)'!F15 -> 0.32981104 | I91: =F91*$F$9 -> 8239.8468 | J91: =G91*$F$9 -> 4492.1587 | K91: =H91*$F$9 -> 791.54651
B92: 83 | C92: =C91 -> Saturday | D92: 3.4166667 | E92: weekend | F92: ='Daily Heat Demand Matrix (2)'!D16 -> 3.4332695 | G92: ='Daily Heat Demand Matrix (2)'!E16 -> 1.8717328 | H92: ='Daily Heat Demand Matrix (2)'!F16 -> 0.32981104 | I92: =F92*$F$9 -> 8239.8468 | J92: =G92*$F$9 -> 4492.1587 | K92: =H92*$F$9 -> 791.54651
B93: 84 | C93: =C92 -> Saturday | D93: 3.4583333 | E93: weekend | F93: ='Daily Heat Demand Matrix (2)'!D17 -> 3.4332695 | G93: ='Daily Heat Demand Matrix (2)'!E17 -> 1.8717328 | H93: ='Daily Heat Demand Matrix (2)'!F17 -> 0.32981104 | I93: =F93*$F$9 -> 8239.8468 | J93: =G93*$F$9 -> 4492.1587 | K93: =H93*$F$9 -> 791.54651
B94: 85 | C94: =C93 -> Saturday | D94: 3.5 | E94: weekend | F94: ='Daily Heat Demand Matrix (2)'!D18 -> 3.4332695 | G94: ='Daily Heat Demand Matrix (2)'!E18 -> 1.8717328 | H94: ='Daily Heat Demand Matrix (2)'!F18 -> 0.32981104 | I94: =F94*$F$9 -> 8239.8468 | J94: =G94*$F$9 -> 4492.1587 | K94: =H94*$F$9 -> 791.54651
... B105: 96 | C105: =C104 -> Saturday | D105: 3.9583333 | E105: weekend | F105: ='Daily Heat Demand Matrix (2)'!D29 -> 0 | G105: ='Daily Heat Demand Matrix (2)'!E29 -> 0 | H105: ='Daily Heat Demand Matrix (2)'!F29 -> 0 | I105: =F105*$F$9 -> 0 | J105: =G105*$F$9 -> 0 | K105: =H105*$F$9 -> 0
B106: 97 | C106: Sunday | D106: 4 | E106: weekend | F106: =F82 -> 0 | G106: =G82 -> 0 | H106: =H82 -> 0 | I106: =F106*$F$9 -> 0 | J106: =G106*$F$9 -> 0 | K106: =H106*$F$9 -> 0
B107: 98 | C107: =C106 -> Sunday | D107: 4.0416667 | E107: weekend | F107: =F83 -> 0 | G107: =G83 -> 0 | H107: =H83 -> 0 | I107: =F107*$F$9 -> 0 | J107: =G107*$F$9 -> 0 | K107: =H107*$F$9 -> 0
B108: 99 | C108: =C107 -> Sunday | D108: 4.0833333 | E108: weekend | F108: =F84 -> 0 | G108: =G84 -> 0 | H108: =H84 -> 0 | I108: =F108*$F$9 -> 0 | J108: =G108*$F$9 -> 0 | K108: =H108*$F$9 -> 0
B109: 100 | C109: =C108 -> Sunday | D109: 4.125 | E109: weekend | F109: =F85 -> 0 | G109: =G85 -> 0 | H109: =H85 -> 0 | I109: =F109*$F$9 -> 0 | J109: =G109*$F$9 -> 0 | K109: =H109*$F$9 -> 0
B110: 101 | C110: =C109 -> Sunday | D110: 4.1666667 | E110: weekend | F110: =F86 -> 0 | G110: =G86 -> 0 | H110: =H86 -> 0 | I110: =F110*$F$9 -> 0 | J110: =G110*$F$9 -> 0 | K110: =H110*$F$9 -> 0
B111: 102 | C111: =C110 -> Sunday | D111: 4.2083333 | E111: weekend | F111: =F87 -> 0 | G111: =G87 -> 0 | H111: =H87 -> 0 | I111: =F111*$F$9 -> 0 | J111: =G111*$F$9 -> 0 | K111: =H111*$F$9 -> 0
B112: 103 | C112: =C111 -> Sunday | D112: 4.25 | E112: weekend | F112: =F88 -> 3.4332695 | G112: =G88 -> 1.8717328 | H112: =H88 -> 0.32981104 | I112: =F112*$F$9 -> 8239.8468 | J112: =G112*$F$9 -> 4492.1587 | K112: =H112*$F$9 -> 791.54651
B113: 104 | C113: =C112 -> Sunday | D113: 4.2916667 | E113: weekend | F113: =F89 -> 3.4332695 | G113: =G89 -> 1.8717328 | H113: =H89 -> 0.32981104 | I113: =F113*$F$9 -> 8239.8468 | J113: =G113*$F$9 -> 4492.1587 | K113: =H113*$F$9 -> 791.54651
B114: 105 | C114: =C113 -> Sunday | D114: 4.3333333 | E114: weekend | F114: =F90 -> 3.4332695 | G114: =G90 -> 1.8717328 | H114: =H90 -> 0.32981104 | I114: =F114*$F$9 -> 8239.8468 | J114: =G114*$F$9 -> 4492.1587 | K114: =H114*$F$9 -> 791.54651
B115: 106 | C115: =C114 -> Sunday | D115: 4.375 | E115: weekend | F115: =F91 -> 3.4332695 | G115: =G91 -> 1.8717328 | H115: =H91 -> 0.32981104 | I115: =F115*$F$9 -> 8239.8468 | J115: =G115*$F$9 -> 4492.1587 | K115: =H115*$F$9 -> 791.54651
B116: 107 | C116: =C115 -> Sunday | D116: 4.4166667 | E116: weekend | F116: =F92 -> 3.4332695 | G116: =G92 -> 1.8717328 | H116: =H92 -> 0.32981104 | I116: =F116*$F$9 -> 8239.8468 | J116: =G116*$F$9 -> 4492.1587 | K116: =H116*$F$9 -> 791.54651
B117: 108 | C117: =C116 -> Sunday | D117: 4.4583333 | E117: weekend | F117: =F93 -> 3.4332695 | G117: =G93 -> 1.8717328 | H117: =H93 -> 0.32981104 | I117: =F117*$F$9 -> 8239.8468 | J117: =G117*$F$9 -> 4492.1587 | K117: =H117*$F$9 -> 791.54651
B118: 109 | C118: =C117 -> Sunday | D118: 4.5 | E118: weekend | F118: =F94 -> 3.4332695 | G118: =G94 -> 1.8717328 | H118: =H94 -> 0.32981104 | I118: =F118*$F$9 -> 8239.8468 | J118: =G118*$F$9 -> 4492.1587 | K118: =H118*$F$9 -> 791.54651
... B129: 120 | C129: =C128 -> Sunday | D129: 4.9583333 | E129: weekend | F129: =F105 -> 0 | G129: =G105 -> 0 | H129: =H105 -> 0 | I129: =F129*$F$9 -> 0 | J129: =G129*$F$9 -> 0 | K129: =H129*$F$9 -> 0
B130: 121 | C130: Monday | D130: 5 | E130: weekday | F130: =F10 -> 0 | G130: =G10 -> 0 | H130: =H10 -> 0 | I130: =F130*$F$9 -> 0 | J130: =G130*$F$9 -> 0 | K130: =H130*$F$9 -> 0
B131: 122 | C131: =C130 -> Monday | D131: 5.0416667 | E131: weekday | F131: =F11 -> 0 | G131: =G11 -> 0 | H131: =H11 -> 0 | I131: =F131*$F$9 -> 0 | J131: =G131*$F$9 -> 0 | K131: =H131*$F$9 -> 0
B132: 123 | C132: =C131 -> Monday | D132: 5.0833333 | E132: weekday | F132: =F12 -> 0 | G132: =G12 -> 0 | H132: =H12 -> 0 | I132: =F132*$F$9 -> 0 | J132: =G132*$F$9 -> 0 | K132: =H132*$F$9 -> 0
B133: 124 | C133: =C132 -> Monday | D133: 5.125 | E133: weekday | F133: =F13 -> 0 | G133: =G13 -> 0 | H133: =H13 -> 0 | I133: =F133*$F$9 -> 0 | J133: =G133*$F$9 -> 0 | K133: =H133*$F$9 -> 0
B134: 125 | C134: =C133 -> Monday | D134: 5.1666667 | E134: weekday | F134: =F14 -> 0 | G134: =G14 -> 0 | H134: =H14 -> 0 | I134: =F134*$F$9 -> 0 | J134: =G134*$F$9 -> 0 | K134: =H134*$F$9 -> 0
B135: 126 | C135: =C134 -> Monday | D135: 5.2083333 | E135: weekday | F135: =F15 -> 0 | G135: =G15 -> 0 | H135: =H15 -> 0 | I135: =F135*$F$9 -> 0 | J135: =G135*$F$9 -> 0 | K135: =H135*$F$9 -> 0
B136: 127 | C136: =C135 -> Monday | D136: 5.25 | E136: weekday | F136: =F16 -> 3.4332695 | G136: =G16 -> 1.8717328 | H136: =H16 -> 0.32981104 | I136: =F136*$F$9 -> 8239.8468 | J136: =G136*$F$9 -> 4492.1587 | K136: =H136*$F$9 -> 791.54651
B137: 128 | C137: =C136 -> Monday | D137: 5.2916667 | E137: weekday | F137: =F17 -> 3.4332695 | G137: =G17 -> 1.8717328 | H137: =H17 -> 0.32981104 | I137: =F137*$F$9 -> 8239.8468 | J137: =G137*$F$9 -> 4492.1587 | K137: =H137*$F$9 -> 791.54651
B138: 129 | C138: =C137 -> Monday | D138: 5.3333333 | E138: weekday | F138: =F18 -> 0 | G138: =G18 -> 0 | H138: =H18 -> 0 | I138: =F138*$F$9 -> 0 | J138: =G138*$F$9 -> 0 | K138: =H138*$F$9 -> 0
B139: 130 | C139: =C138 -> Monday | D139: 5.375 | E139: weekday | F139: =F19 -> 0 | G139: =G19 -> 0 | H139: =H19 -> 0 | I139: =F139*$F$9 -> 0 | J139: =G139*$F$9 -> 0 | K139: =H139*$F$9 -> 0
B140: 131 | C140: =C139 -> Monday | D140: 5.4166667 | E140: weekday | F140: =F20 -> 0 | G140: =G20 -> 0 | H140: =H20 -> 0 | I140: =F140*$F$9 -> 0 | J140: =G140*$F$9 -> 0 | K140: =H140*$F$9 -> 0
B141: 132 | C141: =C140 -> Monday | D141: 5.4583333 | E141: weekday | F141: =F21 -> 0 | G141: =G21 -> 0 | H141: =H21 -> 0 | I141: =F141*$F$9 -> 0 | J141: =G141*$F$9 -> 0 | K141: =H141*$F$9 -> 0
B142: 133 | C142: =C141 -> Monday | D142: 5.5 | E142: weekday | F142: =F22 -> 0 | G142: =G22 -> 0 | H142: =H22 -> 0 | I142: =F142*$F$9 -> 0 | J142: =G142*$F$9 -> 0 | K142: =H142*$F$9 -> 0
... B153: 144 | C153: =C152 -> Monday | D153: 5.9583333 | E153: weekday | F153: =F33 -> 0 | G153: =G33 -> 0 | H153: =H33 -> 0 | I153: =F153*$F$9 -> 0 | J153: =G153*$F$9 -> 0 | K153: =H153*$F$9 -> 0
B154: 145 | C154: Tueday | D154: 6 | E154: weekday | F154: =F130 -> 0 | G154: =G10 -> 0 | H154: =H10 -> 0 | I154: =F154*$F$9 -> 0 | J154: =G154*$F$9 -> 0 | K154: =H154*$F$9 -> 0
B155: 146 | C155: =C154 -> Tueday | D155: 6.0416667 | E155: weekday | F155: =F131 -> 0 | G155: =G11 -> 0 | H155: =H11 -> 0 | I155: =F155*$F$9 -> 0 | J155: =G155*$F$9 -> 0 | K155: =H155*$F$9 -> 0
B156: 147 | C156: =C155 -> Tueday | D156: 6.0833333 | E156: weekday | F156: =F132 -> 0 | G156: =G12 -> 0 | H156: =H12 -> 0 | I156: =F156*$F$9 -> 0 | J156: =G156*$F$9 -> 0 | K156: =H156*$F$9 -> 0
B157: 148 | C157: =C156 -> Tueday | D157: 6.125 | E157: weekday | F157: =F133 -> 0 | G157: =G13 -> 0 | H157: =H13 -> 0 | I157: =F157*$F$9 -> 0 | J157: =G157*$F$9 -> 0 | K157: =H157*$F$9 -> 0
B158: 149 | C158: =C157 -> Tueday | D158: 6.1666667 | E158: weekday | F158: =F134 -> 0 | G158: =G14 -> 0 | H158: =H14 -> 0 | I158: =F158*$F$9 -> 0 | J158: =G158*$F$9 -> 0 | K158: =H158*$F$9 -> 0
B159: 150 | C159: =C158 -> Tueday | D159: 6.2083333 | E159: weekday | F159: =F135 -> 0 | G159: =G15 -> 0 | H159: =H15 -> 0 | I159: =F159*$F$9 -> 0 | J159: =G159*$F$9 -> 0 | K159: =H159*$F$9 -> 0
B160: 151 | C160: =C159 -> Tueday | D160: 6.25 | E160: weekday | F160: =F136 -> 3.4332695 | G160: =G16 -> 1.8717328 | H160: =H16 -> 0.32981104 | I160: =F160*$F$9 -> 8239.8468 | J160: =G160*$F$9 -> 4492.1587 | K160: =H160*$F$9 -> 791.54651
...

Sheet HP_Power
A1: Residential Water Source Heat Pump Electricity Consumption, P (kWh)
B2: P = (Qh+ P)/CoP
A3: Notes:
A4: - kWh Input from Simulink output
A5: - Residential space heating system water temperature 35°C
A6: Number of Homes | B6: =HomeHeatDemand!F9 -> 2400
B8: Individual ASHP Power (kWh) | F8: Individual WSHP Power (kWh) | N8: ASHP
G9: Hot Network | J9: Cold Network | N9: Total Power Demand (kWh) | R9: Heat Required (kWh)
A10: Rating Condition | B10: ="A" & 'Degree-days'!C28 & "W35" -> A7W35 | C10: ="A"& ROUND('Degree-days'!D21,1)&"W35" -> A15.4W35 | D10: ="A"& ROUND('Degree-days'!E21,1)&"W35" -> A23W35 | F10: W20W35 | I10: W10W35
B11: Winter | C11: Spring/Autumn | D11: Summer | F11: =B11 -> Winter | G11: =C11 -> Spring/Autumn | H11: =D11 -> Summer | I11: =F11 -> Winter | J11: =G11 -> Spring/Autumn | K11: =H11 -> Summer | N11: =B11 -> Winter | O11: =C11 -> Spring/Autumn | P11: =D11 -> Summer | R11: =N11 -> Winter | S11: =O11 -> Spring/Autumn | T11: =P11 -> Summer
F12: % Demand
A13: CoP | B13: ='Degree-days'!C29 -> 4.6 | C13: ='Degree-days'!D29 -> 5.3758667 | D13: ='Degree-days'!E29 -> 6.0677067 | F13: ='Degree-days'!C31 -> 9.5 | G13: ='Degree-days'!D31 -> 9.5 | H13: ='Degree-days'!E31 -> 9.5 | I13: ='Degree-days'!C32 -> 7.12 | J13: ='Degree-days'!D32 -> 7.12 | K13: ='Degree-days'!E32 -> 7.12 | M13: Max | N13: =MAX(N16:N183) -> 1791.271 | O13: =MAX(O16:O183) -> 835.61572 | P13: =MAX(P16:P183) -> 130.45234 | Q13: Max | R13: =MAX(R16:R183) -> 6448.5757
A14: Total (kWh) | B14: =SUM(B16:B183) -> 57.469946 | C14: =SUM(C16:C183) -> 26.809338 | D14: =SUM(D16:D183) -> 4.1853458 | F14: =SUM(F16:F183) -> 27.827553 | G14: =SUM(G16:G183) -> 15.170887 | H14: =SUM(H16:H183) -> 2.6732053 | I14: =SUM(I16:I183) -> 37.129459 | J14: =SUM(J16:J183) -> 20.242054 | K14: =SUM(K16:K183) -> 3.5667767 | M14: Total | N14: =SUM(N16:N183) -> 137927.87 | O14: =SUM(O16:O183) -> 64342.41 | P14: =SUM(P16:P183) -> 10044.83
A15: Time | B15: (kWh) | C15: (kWh) | D15: (kWh) | F15: =B15 -> (kWh) | G15: =C15 -> (kWh) | H15: =D15 -> (kWh) | I15: =H15 -> (kWh) | J15: =I15 -> (kWh) | K15: =J15 -> (kWh)
A16: 1 | B16: =HomeHeatDemand!F10/$B$13 -> 0 | C16: =HomeHeatDemand!G10/$C$13 -> 0 | D16: =HomeHeatDemand!H10/$D$13 -> 0 | F16: =HomeHeatDemand!F10/$F$13 -> 0 | G16: =HomeHeatDemand!G10/$F$13 -> 0 | H16: =HomeHeatDemand!H10/$F$13 -> 0 | I16: =HomeHeatDemand!F10/$I$13 -> 0 | J16: =HomeHeatDemand!G10/$J$13 -> 0 | K16: =HomeHeatDemand!H10/$K$13 -> 0 | N16: =B16*$B$6 -> 0 | O16: =C16*$B$6 -> 0 | P16: =D16*$B$6 -> 0 | R16: =HomeHeatDemand!I10-HP_Power!N16 -> 0
A17: 2 | B17: =HomeHeatDemand!F11/$B$13 -> 0 | C17: =HomeHeatDemand!G11/$C$13 -> 0 | D17: =HomeHeatDemand!H11/$D$13 -> 0 | F17: =HomeHeatDemand!F11/$F$13 -> 0 | G17: =HomeHeatDemand!G11/$G$13 -> 0 | H17: =HomeHeatDemand!H11/$H$13 -> 0 | I17: =HomeHeatDemand!F11/$I$13 -> 0 | J17: =HomeHeatDemand!G11/$J$13 -> 0 | K17: =HomeHeatDemand!H11/$K$13 -> 0 | N17: =B17*$B$6 -> 0 | O17: =C17*$B$6 -> 0 | P17: =D17*$B$6 -> 0 | R17: =HomeHeatDemand!I11-HP_Power!N17 -> 0
A18: 3 | B18: =HomeHeatDemand!F12/$B$13 -> 0 | C18: =HomeHeatDemand!G12/$C$13 -> 0 | D18: =HomeHeatDemand!H12/$D$13 -> 0 | F18: =HomeHeatDemand!F12/$F$13 -> 0 | G18: =HomeHeatDemand!G12/$G$13 -> 0 | H18: =HomeHeatDemand!H12/$H$13 -> 0 | I18: =HomeHeatDemand!F12/$I$13 -> 0 | J18: =HomeHeatDemand!G12/$J$13 -> 0 | K18: =HomeHeatDemand!H12/$K$13 -> 0 | N18: =B18*$B$6 -> 0 | O18: =C18*$B$6 -> 0 | P18: =D18*$B$6 -> 0 | R18: =HomeHeatDemand!I12-HP_Power!N18 -> 0
A19: 4 | B19: =HomeHeatDemand!F13/$B$13 -> 0 | C19: =HomeHeatDemand!G13/$C$13 -> 0 | D19: =HomeHeatDemand!H13/$D$13 -> 0 | F19: =HomeHeatDemand!F13/$F$13 -> 0 | G19: =HomeHeatDemand!G13/$G$13 -> 0 | H19: =HomeHeatDemand!H13/$H$13 -> 0 | I19: =HomeHeatDemand!F13/$I$13 -> 0 | J19: =HomeHeatDemand!G13/$J$13 -> 0 | K19: =HomeHeatDemand!H13/$K$13 -> 0 | N19: =B19*$B$6 -> 0 | O19: =C19*$B$6 -> 0 | P19: =D19*$B$6 -> 0 | R19: =HomeHeatDemand!I13-HP_Power!N19 -> 0
A20: 5 | B20: =HomeHeatDemand!F14/$B$13 -> 0 | C20: =HomeHeatDemand!G14/$C$13 -> 0 | D20: =HomeHeatDemand!H14/$D$13 -> 0 | F20: =HomeHeatDemand!F14/$F$13 -> 0 | G20: =HomeHeatDemand!G14/$G$13 -> 0 | H20: =HomeHeatDemand!H14/$H$13 -> 0 | I20: =HomeHeatDemand!F14/$I$13 -> 0 | J20: =HomeHeatDemand!G14/$J$13 -> 0 | K20: =HomeHeatDemand!H14/$K$13 -> 0 | N20: =B20*$B$6 -> 0 | O20: =C20*$B$6 -> 0 | P20: =D20*$B$6 -> 0 | R20: =HomeHeatDemand!I14-HP_Power!N20 -> 0
A21: 6 | B21: =HomeHeatDemand!F15/$B$13 -> 0 | C21: =HomeHeatDemand!G15/$C$13 -> 0 | D21: =HomeHeatDemand!H15/$D$13 -> 0 | F21: =HomeHeatDemand!F15/$F$13 -> 0 | G21: =HomeHeatDemand!G15/$G$13 -> 0 | H21: =HomeHeatDemand!H15/$H$13 -> 0 | I21: =HomeHeatDemand!F15/$I$13 -> 0 | J21: =HomeHeatDemand!G15/$J$13 -> 0 | K21: =HomeHeatDemand!H15/$K$13 -> 0 | N21: =B21*$B$6 -> 0 | O21: =C21*$B$6 -> 0 | P21: =D21*$B$6 -> 0 | R21: =HomeHeatDemand!I15-HP_Power!N21 -> 0
A22: 7 | B22: =HomeHeatDemand!F16/$B$13 -> 0.74636293 | C22: =HomeHeatDemand!G16/$C$13 -> 0.34817321 | D22: =HomeHeatDemand!H16/$D$13 -> 0.05435514 | F22: =HomeHeatDemand!F16/$F$13 -> 0.36139679 | G22: =HomeHeatDemand!G16/$G$13 -> 0.1970245 | H22: =HomeHeatDemand!H16/$H$13 -> 0.034716952 | I22: =HomeHeatDemand!F16/$I$13 -> 0.48220077 | J22: =HomeHeatDemand!G16/$J$13 -> 0.26288382 | K22: =HomeHeatDemand!H16/$K$13 -> 0.046321776 | N22: =B22*$B$6 -> 1791.271 | O22: =C22*$B$6 -> 835.61572 | P22: =D22*$B$6 -> 130.45234 | R22: =HomeHeatDemand!I16-HP_Power!N22 -> 6448.5757
A23: 8 | B23: =HomeHeatDemand!F17/$B$13 -> 0.74636293 | C23: =HomeHeatDemand!G17/$C$13 -> 0.34817321 | D23: =HomeHeatDemand!H17/$D$13 -> 0.05435514 | F23: =HomeHeatDemand!F17/$F$13 -> 0.36139679 | G23: =HomeHeatDemand!G17/$G$13 -> 0.1970245 | H23: =HomeHeatDemand!H17/$H$13 -> 0.034716952 | I23: =HomeHeatDemand!F17/$I$13 -> 0.48220077 | J23: =HomeHeatDemand!G17/$J$13 -> 0.26288382 | K23: =HomeHeatDemand!H17/$K$13 -> 0.046321776 | N23: =B23*$B$6 -> 1791.271 | O23: =C23*$B$6 -> 835.61572 | P23: =D23*$B$6 -> 130.45234 | R23: =HomeHeatDemand!I17-HP_Power!N23 -> 6448.5757
A24: 9 | B24: =HomeHeatDemand!F18/$B$13 -> 0 | C24: =HomeHeatDemand!G18/$C$13 -> 0 | D24: =HomeHeatDemand!H18/$D$13 -> 0 | F24: =HomeHeatDemand!F18/$F$13 -> 0 | G24: =HomeHeatDemand!G18/$G$13 -> 0 | H24: =HomeHeatDemand!H18/$H$13 -> 0 | I24: =HomeHeatDemand!F18/$I$13 -> 0 | J24: =HomeHeatDemand!G18/$J$13 -> 0 | K24: =HomeHeatDemand!H18/$K$13 -> 0 | N24: =B24*$B$6 -> 0 | O24: =C24*$B$6 -> 0 | P24: =D24*$B$6 -> 0 | R24: =HomeHeatDemand!I18-HP_Power!N24 -> 0
A25: 10 | B25: =HomeHeatDemand!F19/$B$13 -> 0 | C25: =HomeHeatDemand!G19/$C$13 -> 0 | D25: =HomeHeatDemand!H19/$D$13 -> 0 | F25: =HomeHeatDemand!F19/$F$13 -> 0 | G25: =HomeHeatDemand!G19/$G$13 -> 0 | H25: =HomeHeatDemand!H19/$H$13 -> 0 | I25: =HomeHeatDemand!F19/$I$13 -> 0 | J25: =HomeHeatDemand!G19/$J$13 -> 0 | K25: =HomeHeatDemand!H19/$K$13 -> 0 | N25: =B25*$B$6 -> 0 | O25: =C25*$B$6 -> 0 | P25: =D25*$B$6 -> 0 | R25: =HomeHeatDemand!I19-HP_Power!N25 -> 0
A26: 11 | B26: =HomeHeatDemand!F20/$B$13 -> 0 | C26: =HomeHeatDemand!G20/$C$13 -> 0 | D26: =HomeHeatDemand!H20/$D$13 -> 0 | F26: =HomeHeatDemand!F20/$F$13 -> 0 | G26: =HomeHeatDemand!G20/$G$13 -> 0 | H26: =HomeHeatDemand!H20/$H$13 -> 0 | I26: =HomeHeatDemand!F20/$I$13 -> 0 | J26: =HomeHeatDemand!G20/$J$13 -> 0 | K26: =HomeHeatDemand!H20/$K$13 -> 0 | N26: =B26*$B$6 -> 0 | O26: =C26*$B$6 -> 0 | P26: =D26*$B$6 -> 0 | R26: =HomeHeatDemand!I20-HP_Power!N26 -> 0
A27: 12 | B27: =HomeHeatDemand!F21/$B$13 -> 0 | C27: =HomeHeatDemand!G21/$C$13 -> 0 | D27: =HomeHeatDemand!H21/$D$13 -> 0 | F27: =HomeHeatDemand!F21/$F$13 -> 0 | G27: =HomeHeatDemand!G21/$G$13 -> 0 | H27: =HomeHeatDemand!H21/$H$13 -> 0 | I27: =HomeHeatDemand!F21/$I$13 -> 0 | J27: =HomeHeatDemand!G21/$J$13 -> 0 | K27: =HomeHeatDemand!H21/$K$13 -> 0 | N27: =B27*$B$6 -> 0 | O27: =C27*$B$6 -> 0 | P27: =D27*$B$6 -> 0 | R27: =HomeHeatDemand!I21-HP_Power!N27 -> 0
A28: 13 | B28: =HomeHeatDemand!F22/$B$13 -> 0 | C28: =HomeHeatDemand!G22/$C$13 -> 0 | D28: =HomeHeatDemand!H22/$D$13 -> 0 | F28: =HomeHeatDemand!F22/$F$13 -> 0 | G28: =HomeHeatDemand!G22/$G$13 -> 0 | H28: =HomeHeatDemand!H22/$H$13 -> 0 | I28: =HomeHeatDemand!F22/$I$13 -> 0 | J28: =HomeHeatDemand!G22/$J$13 -> 0 | K28: =HomeHeatDemand!H22/$K$13 -> 0 | N28: =B28*$B$6 -> 0 | O28: =C28*$B$6 -> 0 | P28: =D28*$B$6 -> 0 | R28: =HomeHeatDemand!I22-HP_Power!N28 -> 0
... A183: 168 | B183: =HomeHeatDemand!F177/$B$13 -> 0 | C183: =HomeHeatDemand!G177/$C$13 -> 0 | D183: =HomeHeatDemand!H177/$D$13 -> 0 | F183: =HomeHeatDemand!F177/$F$13 -> 0 | G183: =HomeHeatDemand!G177/$G$13 -> 0 | H183: =HomeHeatDemand!H177/$H$13 -> 0 | I183: =HomeHeatDemand!F177/$I$13 -> 0 | J183: =HomeHeatDemand!G177/$J$13 -> 0 | K183: =HomeHeatDemand!H177/$K$13 -> 0 | N183: =B183*$B$6 -> 0 | O183: =C183*$B$6 -> 0 | P183: =D183*$B$6 -> 0 | R183: =HomeHeatDemand!I177-HP_Power!N183 -> 0

Sheet Four-Weekly Heat & Power Demand
A1: Individual Home Four Weekly Demand (kWh per 672 hours per home)
A3: Simulink Workspace File | C3: HHDW | D3: HHDS_A | E3: HHDS | O3: HPPW | P3: HPPS_A | Q3: HPPS
N4: ='Side Calcs'!A36 -> % Qevap, h | O4: ='Side Calcs'!C36 -> 0.82743339 | P4: ='Side Calcs'!D36 -> 0.6575678 | Q4: ='Side Calcs'!E36 -> 0
N5: ='Side Calcs'!A37 -> % Qevap, c | O5: ='Side Calcs'!C37 -> 0.17256661 | P5: ='Side Calcs'!D37 -> 0.3424322 | Q5: ='Side Calcs'!E37 -> 1
C6: Home Heat Demand (kWh) | F6: Counterfactual Individual ASHP Power | I6: =HP_Power!F8 -> Individual WSHP Power (kWh) | S6: Total MWh per | T6: 2400 | U6: Homes
F7: =HP_Power!B10 -> A7W35 | G7: =HP_Power!C10 -> A15.4W35 | H7: =HP_Power!D10 -> A23W35 | I7: =HP_Power!F10 -> W20W35 | L7: =HP_Power!I10 -> W10W35 | O7: Proportioned across Evaporators
C8: (kWh) | D8: (kWh) | E8: (kWh) | F8: (kWh) | G8: (kWh) | H8: (kWh) | I8: (kWh) | J8: (kWh) | K8: (kWh) | L8: (kWh) | M8: (kWh) | N8: (kWh) | O8: =N8 -> (kWh) | P8: =O8 -> (kWh) | Q8: =P8 -> (kWh) | S8: =F6 -> Counterfactual Individual ASHP Power | V8: WSHP Power | AA8: Network Heat Supplied
B9: Total | C9: =SUM(C11:C682) -> 1057.447 | D9: =SUM(D11:D682) -> 576.4937 | E9: =SUM(E11:E682) -> 101.5818 | F9: =SUM(F11:F682) -> 229.87978 | G9: =SUM(G11:G682) -> 107.23735 | H9: =SUM(H11:H682) -> 16.741383 | I9: =SUM(I11:I682) -> 111.31021 | J9: =SUM(J11:J682) -> 60.683547 | ... Q9: =SUM(Q11:Q682) -> 14.267107 | S9: (MWh) | T9: (MWh) | U9: (MWh) | V9: (MWh) | W9: (MWh) | X9: (MWh) | AA9: =V9 -> (MWh) | AB9: =W9 -> (MWh) | AC9: =X9 -> (MWh)
B10: Hour | C10: =HomeHeatDemand!I2 -> Winter | D10: =HomeHeatDemand!J2 -> Spring/Autumn | E10: =HomeHeatDemand!K2 -> Summer | F10: =C10 -> Winter | G10: =D10 -> Spring/Autumn | H10: =E10 -> Summer | I10: =HP_Power!F11 -> Winter | J10: =HP_Power!G11 -> Spring/Autumn | K10: =HP_Power!H11 -> Summer | L10: =I10 -> Winter | M10: =J10 -> Spring/Autumn | N10: =K10 -> Summer | O10: =L10 -> Winter | P10: =M10 -> Spring/Autumn | Q10: =N10 -> Summer | S10: =C10 -> Winter | T10: =D10 -> Spring/Autumn | U10: =E10 -> Summer | V10: =F10 -> Winter | W10: =G10 -> Spring/Autumn | X10: =H10 -> Summer | AA10: =V10 -> Winter | AB10: =W10 -> Spring/Autumn | AC10: =X10 -> Summer | AD10: Total
A11: 1 | B11: {=_xlfn.SEQUENCE(672)} -> 1 | C11: =HomeHeatDemand!F10 -> 0 | D11: =HomeHeatDemand!G10 -> 0 | E11: =HomeHeatDemand!H10 -> 0 | F11: =HP_Power!B16 -> 0 | G11: =HP_Power!C16 -> 0 | H11: =HP_Power!D16 -> 0 | I11: =HP_Power!F16 -> 0 | J11: =HP_Power!G16 -> 0 | K11: =HP_Power!H16 -> 0 | L11: =HP_Power!I16 -> 0 | M11: =HP_Power!J16 -> 0 | N11: =HP_Power!K16 -> 0 | O11: =$O$4*I11+$O$5*L11 -> 0 | P11: =$P$4*J11+$P$5*M11 -> 0 | Q11: =$Q$4*K11+$Q$5*N11 -> 0 | S11: =F9*$T$6/1000 -> 551.71148 | T11: =G9*$T$6/1000 -> 257.36964 | U11: =H9*$T$6/1000 -> 40.179319 | V11: =O9*$T$6/1000 -> 282.55441 | W11: =P9*$T$6/1000 -> 162.31121 | X11: =Q9*$T$6/1000 -> 34.241057 | Z11: Per 4 weeks | AA11: =C9/1000*$T$6-V11 -> 2255.3184 | AB11: =D9/1000*$T$6-W11 -> 1221.2737 | AC11: =E9/1000*$T$6-X11 -> 209.55527
A12: 2 | B12: 2 | C12: =HomeHeatDemand!F11 -> 0 | D12: =HomeHeatDemand!G11 -> 0 | E12: =HomeHeatDemand!H11 -> 0 | F12: =HP_Power!B17 -> 0 | G12: =HP_Power!C17 -> 0 | H12: =HP_Power!D17 -> 0 | I12: =HP_Power!F17 -> 0 | J12: =HP_Power!G17 -> 0 | K12: =HP_Power!H17 -> 0 | L12: =HP_Power!I17 -> 0 | M12: =HP_Power!J17 -> 0 | N12: =HP_Power!K17 -> 0 | O12: =$O$4*I12+$O$5*L12 -> 0 | P12: =$P$4*J12+$P$5*M12 -> 0 | Q12: =$Q$4*K12+$Q$5*N12 -> 0 | V12: =(S11-V11)/S11 -> 0.48785838 | W12: =(T11-W11)/T11 -> 0.36934594 | X12: =(U11-X11)/U11 -> 0.14779401 | Z12: Per season | AA12: =13/4*AA11 -> 7329.7848 | AB12: =26/4*AB11 -> 7938.2788 | AC12: =13/4*AC11 -> 681.05462 | AD12: =SUM(AA12:AC12) -> 15949.118
A13: 3 | B13: 3 | C13: =HomeHeatDemand!F12 -> 0 | D13: =HomeHeatDemand!G12 -> 0 | E13: =HomeHeatDemand!H12 -> 0 | F13: =HP_Power!B18 -> 0 | G13: =HP_Power!C18 -> 0 | H13: =HP_Power!D18 -> 0 | I13: =HP_Power!F18 -> 0 | J13: =HP_Power!G18 -> 0 | K13: =HP_Power!H18 -> 0 | L13: =HP_Power!I18 -> 0 | M13: =HP_Power!J18 -> 0 | N13: =HP_Power!K18 -> 0 | O13: =$O$4*I13+$O$5*L13 -> 0 | P13: =$P$4*J13+$P$5*M13 -> 0 | Q13: =$Q$4*K13+$Q$5*N13 -> 0 | U13: Large ASHPs | V13: 49.8 | W13: 0 | X13: 0
A14: 4 | B14: 4 | C14: =HomeHeatDemand!F13 -> 0 | D14: =HomeHeatDemand!G13 -> 0 | E14: =HomeHeatDemand!H13 -> 0 | F14: =HP_Power!B19 -> 0 | G14: =HP_Power!C19 -> 0 | H14: =HP_Power!D19 -> 0 | I14: =HP_Power!F19 -> 0 | J14: =HP_Power!G19 -> 0 | K14: =HP_Power!H19 -> 0 | L14: =HP_Power!I19 -> 0 | M14: =HP_Power!J19 -> 0 | N14: =HP_Power!K19 -> 0 | O14: =$O$4*I14+$O$5*L14 -> 0 | P14: =$P$4*J14+$P$5*M14 -> 0 | Q14: =$Q$4*K14+$Q$5*N14 -> 0 | U14: Total | V14: =V13+V11 -> 332.35441 | W14: =W13+W11 -> 162.31121 | X14: =X13+X11 -> 34.241057
A15: 5 | B15: 5 | C15: =HomeHeatDemand!F14 -> 0 | D15: =HomeHeatDemand!G14 -> 0 | E15: =HomeHeatDemand!H14 -> 0 | F15: =HP_Power!B20 -> 0 | G15: =HP_Power!C20 -> 0 | H15: =HP_Power!D20 -> 0 | I15: =HP_Power!F20 -> 0 | J15: =HP_Power!G20 -> 0 | K15: =HP_Power!H20 -> 0 | L15: =HP_Power!I20 -> 0 | M15: =HP_Power!J20 -> 0 | N15: =HP_Power!K20 -> 0 | O15: =$O$4*I15+$O$5*L15 -> 0 | P15: =$P$4*J15+$P$5*M15 -> 0 | Q15: =$Q$4*K15+$Q$5*N15 -> 0 | V15: =(S11-V14)/S11 -> 0.39759381 | W15: =(T11-W14)/T11 -> 0.36934594 | X15: =(U11-X14)/U11 -> 0.14779401
A16: 6 | B16: 6 | C16: =HomeHeatDemand!F15 -> 0 | D16: =HomeHeatDemand!G15 -> 0 | E16: =HomeHeatDemand!H15 -> 0 | F16: =HP_Power!B21 -> 0 | G16: =HP_Power!C21 -> 0 | H16: =HP_Power!D21 -> 0 | I16: =HP_Power!F21 -> 0 | J16: =HP_Power!G21 -> 0 | K16: =HP_Power!H21 -> 0 | L16: =HP_Power!I21 -> 0 | M16: =HP_Power!J21 -> 0 | N16: =HP_Power!K21 -> 0 | O16: =$O$4*I16+$O$5*L16 -> 0 | P16: =$P$4*J16+$P$5*M16 -> 0 | Q16: =$Q$4*K16+$Q$5*N16 -> 0
A17: 7 | B17: 7 | C17: =HomeHeatDemand!F16 -> 3.4332695 | D17: =HomeHeatDemand!G16 -> 1.8717328 | E17: =HomeHeatDemand!H16 -> 0.32981104 | F17: =HP_Power!B22 -> 0.74636293 | G17: =HP_Power!C22 -> 0.34817321 | H17: =HP_Power!D22 -> 0.05435514 | I17: =HP_Power!F22 -> 0.36139679 | J17: =HP_Power!G22 -> 0.1970245 | K17: =HP_Power!H22 -> 0.034716952 | L17: =HP_Power!I22 -> 0.48220077 | M17: =HP_Power!J22 -> 0.26288382 | N17: =HP_Power!K22 -> 0.046321776 | O17: =$O$4*I17+$O$5*L17 -> 0.38224352 | P17: =$P$4*J17+$P$5*M17 -> 0.21957685 | Q17: =$Q$4*K17+$Q$5*N17 -> 0.046321776
A18: 8 | B18: 8 | C18: =HomeHeatDemand!F17 -> 3.4332695 | D18: =HomeHeatDemand!G17 -> 1.8717328 | E18: =HomeHeatDemand!H17 -> 0.32981104 | F18: =HP_Power!B23 -> 0.74636293 | G18: =HP_Power!C23 -> 0.34817321 | H18: =HP_Power!D23 -> 0.05435514 | I18: =HP_Power!F23 -> 0.36139679 | J18: =HP_Power!G23 -> 0.1970245 | K18: =HP_Power!H23 -> 0.034716952 | L18: =HP_Power!I23 -> 0.48220077 | M18: =HP_Power!J23 -> 0.26288382 | N18: =HP_Power!K23 -> 0.046321776 | O18: =$O$4*I18+$O$5*L18 -> 0.38224352 | P18: =$P$4*J18+$P$5*M18 -> 0.21957685 | Q18: =$Q$4*K18+$Q$5*N18 -> 0.046321776
A19: 9 | B19: 9 | C19: =HomeHeatDemand!F18 -> 0 | D19: =HomeHeatDemand!G18 -> 0 | E19: =HomeHeatDemand!H18 -> 0 | F19: =HP_Power!B24 -> 0 | G19: =HP_Power!C24 -> 0 | H19: =HP_Power!D24 -> 0 | I19: =HP_Power!F24 -> 0 | J19: =HP_Power!G24 -> 0 | K19: =HP_Power!H24 -> 0 | L19: =HP_Power!I24 -> 0 | M19: =HP_Power!J24 -> 0 | N19: =HP_Power!K24 -> 0 | O19: =$O$4*I19+$O$5*L19 -> 0 | P19: =$P$4*J19+$P$5*M19 -> 0 | Q19: =$Q$4*K19+$Q$5*N19 -> 0
A20: 10 | B20: 10 | C20: =HomeHeatDemand!F19 -> 0 | D20: =HomeHeatDemand!G19 -> 0 | E20: =HomeHeatDemand!H19 -> 0 | F20: =HP_Power!B25 -> 0 | G20: =HP_Power!C25 -> 0 | H20: =HP_Power!D25 -> 0 | I20: =HP_Power!F25 -> 0 | J20: =HP_Power!G25 -> 0 | K20: =HP_Power!H25 -> 0 | L20: =HP_Power!I25 -> 0 | M20: =HP_Power!J25 -> 0 | N20: =HP_Power!K25 -> 0 | O20: =$O$4*I20+$O$5*L20 -> 0 | P20: =$P$4*J20+$P$5*M20 -> 0 | Q20: =$Q$4*K20+$Q$5*N20 -> 0
A21: 11 | B21: 11 | C21: =HomeHeatDemand!F20 -> 0 | D21: =HomeHeatDemand!G20 -> 0 | E21: =HomeHeatDemand!H20 -> 0 | F21: =HP_Power!B26 -> 0 | G21: =HP_Power!C26 -> 0 | H21: =HP_Power!D26 -> 0 | I21: =HP_Power!F26 -> 0 | J21: =HP_Power!G26 -> 0 | K21: =HP_Power!H26 -> 0 | L21: =HP_Power!I26 -> 0 | M21: =HP_Power!J26 -> 0 | N21: =HP_Power!K26 -> 0 | O21: =$O$4*I21+$O$5*L21 -> 0 | P21: =$P$4*J21+$P$5*M21 -> 0 | Q21: =$Q$4*K21+$Q$5*N21 -> 0 | S21: 551.71148 | T21: 257.36964 | U21: 40.179319 | V21: 267.14451 | W21: 145.64051 | X21: 25.662771
A22: 12 | B22: 12 | C22: =HomeHeatDemand!F21 -> 0 | D22: =HomeHeatDemand!G21 -> 0 | E22: =HomeHeatDemand!H21 -> 0 | F22: =HP_Power!B27 -> 0 | G22: =HP_Power!C27 -> 0 | H22: =HP_Power!D27 -> 0 | I22: =HP_Power!F27 -> 0 | J22: =HP_Power!G27 -> 0 | K22: =HP_Power!H27 -> 0 | L22: =HP_Power!I27 -> 0 | M22: =HP_Power!J27 -> 0 | N22: =HP_Power!K27 -> 0 | O22: =$O$4*I22+$O$5*L22 -> 0 | P22: =$P$4*J22+$P$5*M22 -> 0 | Q22: =$Q$4*K22+$Q$5*N22 -> 0 | V22: 0.51578947 | W22: 0.4341193 | X22: 0.36129404
A23: 13 | B23: 13 | C23: =HomeHeatDemand!F22 -> 0 | D23: =HomeHeatDemand!G22 -> 0 | E23: =HomeHeatDemand!H22 -> 0 | F23: =HP_Power!B28 -> 0 | G23: =HP_Power!C28 -> 0 | H23: =HP_Power!D28 -> 0 | I23: =HP_Power!F28 -> 0 | J23: =HP_Power!G28 -> 0 | K23: =HP_Power!H28 -> 0 | L23: =HP_Power!I28 -> 0 | M23: =HP_Power!J28 -> 0 | N23: =HP_Power!K28 -> 0 | O23: =$O$4*I23+$O$5*L23 -> 0 | P23: =$P$4*J23+$P$5*M23 -> 0 | Q23: =$Q$4*K23+$Q$5*N23 -> 0 | U23: Large ASHPs | V23: 49.8 | W23: 0 | X23: 0
A24: 14 | B24: 14 | C24: =HomeHeatDemand!F23 -> 0 | D24: =HomeHeatDemand!G23 -> 0 | E24: =HomeHeatDemand!H23 -> 0 | F24: =HP_Power!B29 -> 0 | G24: =HP_Power!C29 -> 0 | H24: =HP_Power!D29 -> 0 | I24: =HP_Power!F29 -> 0 | J24: =HP_Power!G29 -> 0 | K24: =HP_Power!H29 -> 0 | L24: =HP_Power!I29 -> 0 | M24: =HP_Power!J29 -> 0 | N24: =HP_Power!K29 -> 0 | O24: =$O$4*I24+$O$5*L24 -> 0 | P24: =$P$4*J24+$P$5*M24 -> 0 | Q24: =$Q$4*K24+$Q$5*N24 -> 0 | U24: Total | V24: 316.94451 | W24: 145.64051 | X24: 25.662771
A25: 15 | B25: 15 | C25: =HomeHeatDemand!F24 -> 0 | D25: =HomeHeatDemand!G24 -> 0 | E25: =HomeHeatDemand!H24 -> 0 | F25: =HP_Power!B30 -> 0 | G25: =HP_Power!C30 -> 0 | H25: =HP_Power!D30 -> 0 | I25: =HP_Power!F30 -> 0 | J25: =HP_Power!G30 -> 0 | K25: =HP_Power!H30 -> 0 | L25: =HP_Power!I30 -> 0 | M25: =HP_Power!J30 -> 0 | N25: =HP_Power!K30 -> 0 | O25: =$O$4*I25+$O$5*L25 -> 0 | P25: =$P$4*J25+$P$5*M25 -> 0 | Q25: =$Q$4*K25+$Q$5*N25 -> 0 | V25: 0.4255249 | W25: 0.4341193 | X25: 0.36129404
A26: 16 | B26: 16 | C26: =HomeHeatDemand!F25 -> 3.4332695 | D26: =HomeHeatDemand!G25 -> 1.8717328 | E26: =HomeHeatDemand!H25 -> 0.32981104 | F26: =HP_Power!B31 -> 0.74636293 | G26: =HP_Power!C31 -> 0.34817321 | H26: =HP_Power!D31 -> 0.05435514 | I26: =HP_Power!F31 -> 0.36139679 | J26: =HP_Power!G31 -> 0.1970245 | K26: =HP_Power!H31 -> 0.034716952 | L26: =HP_Power!I31 -> 0.48220077 | M26: =HP_Power!J31 -> 0.26288382 | N26: =HP_Power!K31 -> 0.046321776 | O26: =$O$4*I26+$O$5*L26 -> 0.38224352 | P26: =$P$4*J26+$P$5*M26 -> 0.21957685 | Q26: =$Q$4*K26+$Q$5*N26 -> 0.046321776
A27: 17 | B27: 17 | C27: =HomeHeatDemand!F26 -> 3.4332695 | D27: =HomeHeatDemand!G26 -> 1.8717328 | E27: =HomeHeatDemand!H26 -> 0.32981104 | F27: =HP_Power!B32 -> 0.74636293 | G27: =HP_Power!C32 -> 0.34817321 | H27: =HP_Power!D32 -> 0.05435514 | I27: =HP_Power!F32 -> 0.36139679 | J27: =HP_Power!G32 -> 0.1970245 | K27: =HP_Power!H32 -> 0.034716952 | L27: =HP_Power!I32 -> 0.48220077 | M27: =HP_Power!J32 -> 0.26288382 | N27: =HP_Power!K32 -> 0.046321776 | O27: =$O$4*I27+$O$5*L27 -> 0.38224352 | P27: =$P$4*J27+$P$5*M27 -> 0.21957685 | Q27: =$Q$4*K27+$Q$5*N27 -> 0.046321776
A28: 18 | B28: 18 | C28: =HomeHeatDemand!F27 -> 3.4332695 | D28: =HomeHeatDemand!G27 -> 1.8717328 | E28: =HomeHeatDemand!H27 -> 0.32981104 | F28: =HP_Power!B33 -> 0.74636293 | G28: =HP_Power!C33 -> 0.34817321 | H28: =HP_Power!D33 -> 0.05435514 | I28: =HP_Power!F33 -> 0.36139679 | J28: =HP_Power!G33 -> 0.1970245 | K28: =HP_Power!H33 -> 0.034716952 | L28: =HP_Power!I33 -> 0.48220077 | M28: =HP_Power!J33 -> 0.26288382 | N28: =HP_Power!K33 -> 0.046321776 | O28: =$O$4*I28+$O$5*L28 -> 0.38224352 | P28: =$P$4*J28+$P$5*M28 -> 0.21957685 | Q28: =$Q$4*K28+$Q$5*N28 -> 0.046321776
A29: 19 | B29: 19 | C29: =HomeHeatDemand!F28 -> 3.4332695 | D29: =HomeHeatDemand!G28 -> 1.8717328 | E29: =HomeHeatDemand!H28 -> 0.32981104 | F29: =HP_Power!B34 -> 0.74636293 | G29: =HP_Power!C34 -> 0.34817321 | H29: =HP_Power!D34 -> 0.05435514 | I29: =HP_Power!F34 -> 0.36139679 | J29: =HP_Power!G34 -> 0.1970245 | K29: =HP_Power!H34 -> 0.034716952 | L29: =HP_Power!I34 -> 0.48220077 | M29: =HP_Power!J34 -> 0.26288382 | N29: =HP_Power!K34 -> 0.046321776 | O29: =$O$4*I29+$O$5*L29 -> 0.38224352 | P29: =$P$4*J29+$P$5*M29 -> 0.21957685 | Q29: =$Q$4*K29+$Q$5*N29 -> 0.046321776
A30: 20 | B30: 20 | C30: =HomeHeatDemand!F29 -> 3.4332695 | D30: =HomeHeatDemand!G29 -> 1.8717328 | E30: =HomeHeatDemand!H29 -> 0.32981104 | F30: =HP_Power!B35 -> 0.74636293 | G30: =HP_Power!C35 -> 0.34817321 | H30: =HP_Power!D35 -> 0.05435514 | I30: =HP_Power!F35 -> 0.36139679 | J30: =HP_Power!G35 -> 0.1970245 | K30: =HP_Power!H35 -> 0.034716952 | L30: =HP_Power!I35 -> 0.48220077 | M30: =HP_Power!J35 -> 0.26288382 | N30: =HP_Power!K35 -> 0.046321776 | O30: =$O$4*I30+$O$5*L30 -> 0.38224352 | P30: =$P$4*J30+$P$5*M30 -> 0.21957685 | Q30: =$Q$4*K30+$Q$5*N30 -> 0.046321776
A31: 21 | B31: 21 | C31: =HomeHeatDemand!F30 -> 3.4332695 | D31: =HomeHeatDemand!G30 -> 1.8717328 | E31: =HomeHeatDemand!H30 -> 0.32981104 | F31: =HP_Power!B36 -> 0.74636293 | G31: =HP_Power!C36 -> 0.34817321 | H31: =HP_Power!D36 -> 0.05435514 | I31: =HP_Power!F36 -> 0.36139679 | J31: =HP_Power!G36 -> 0.1970245 | K31: =HP_Power!H36 -> 0.034716952 | L31: =HP_Power!I36 -> 0.48220077 | M31: =HP_Power!J36 -> 0.26288382 | N31: =HP_Power!K36 -> 0.046321776 | O31: =$O$4*I31+$O$5*L31 -> 0.38224352 | P31: =$P$4*J31+$P$5*M31 -> 0.21957685 | Q31: =$Q$4*K31+$Q$5*N31 -> 0.046321776
A32: 22 | B32: 22 | C32: =HomeHeatDemand!F31 -> 3.4332695 | D32: =HomeHeatDemand!G31 -> 1.8717328 | E32: =HomeHeatDemand!H31 -> 0.32981104 | F32: =HP_Power!B37 -> 0.74636293 | G32: =HP_Power!C37 -> 0.34817321 | H32: =HP_Power!D37 -> 0.05435514 | I32: =HP_Power!F37 -> 0.36139679 | J32: =HP_Power!G37 -> 0.1970245 | K32: =HP_Power!H37 -> 0.034716952 | L32: =HP_Power!I37 -> 0.48220077 | M32: =HP_Power!J37 -> 0.26288382 | N32: =HP_Power!K37 -> 0.046321776 | O32: =$O$4*I32+$O$5*L32 -> 0.38224352 | P32: =$P$4*J32+$P$5*M32 -> 0.21957685 | Q32: =$Q$4*K32+$Q$5*N32 -> 0.046321776
A33: 23 | B33: 23 | C33: =HomeHeatDemand!F32 -> 0 | D33: =HomeHeatDemand!G32 -> 0 | E33: =HomeHeatDemand!H32 -> 0 | F33: =HP_Power!B38 -> 0 | G33: =HP_Power!C38 -> 0 | H33: =HP_Power!D38 -> 0 | I33: =HP_Power!F38 -> 0 | J33: =HP_Power!G38 -> 0 | K33: =HP_Power!H38 -> 0 | L33: =HP_Power!I38 -> 0 | M33: =HP_Power!J38 -> 0 | N33: =HP_Power!K38 -> 0 | O33: =$O$4*I33+$O$5*L33 -> 0 | P33: =$P$4*J33+$P$5*M33 -> 0 | Q33: =$Q$4*K33+$Q$5*N33 -> 0
A34: 24 | B34: 24 | C34: =HomeHeatDemand!F33 -> 0 | D34: =HomeHeatDemand!G33 -> 0 | E34: =HomeHeatDemand!H33 -> 0 | F34: =HP_Power!B39 -> 0 | G34: =HP_Power!C39 -> 0 | H34: =HP_Power!D39 -> 0 | I34: =HP_Power!F39 -> 0 | J34: =HP_Power!G39 -> 0 | K34: =HP_Power!H39 -> 0 | L34: =HP_Power!I39 -> 0 | M34: =HP_Power!J39 -> 0 | N34: =HP_Power!K39 -> 0 | O34: =$O$4*I34+$O$5*L34 -> 0 | P34: =$P$4*J34+$P$5*M34 -> 0 | Q34: =$Q$4*K34+$Q$5*N34 -> 0
A35: 25 | B35: 25 | C35: =HomeHeatDemand!F34 -> 0 | D35: =HomeHeatDemand!G34 -> 0 | E35: =HomeHeatDemand!H34 -> 0 | F35: =HP_Power!B40 -> 0 | G35: =HP_Power!C40 -> 0 | H35: =HP_Power!D40 -> 0 | I35: =HP_Power!F40 -> 0 | J35: =HP_Power!G40 -> 0 | K35: =HP_Power!H40 -> 0 | L35: =HP_Power!I40 -> 0 | M35: =HP_Power!J40 -> 0 | N35: =HP_Power!K40 -> 0 | O35: =$O$4*I35+$O$5*L35 -> 0 | P35: =$P$4*J35+$P$5*M35 -> 0 | Q35: =$Q$4*K35+$Q$5*N35 -> 0
A36: 26 | B36: 26 | C36: =HomeHeatDemand!F35 -> 0 | D36: =HomeHeatDemand!G35 -> 0 | E36: =HomeHeatDemand!H35 -> 0 | F36: =HP_Power!B41 -> 0 | G36: =HP_Power!C41 -> 0 | H36: =HP_Power!D41 -> 0 | I36: =HP_Power!F41 -> 0 | J36: =HP_Power!G41 -> 0 | K36: =HP_Power!H41 -> 0 | L36: =HP_Power!I41 -> 0 | M36: =HP_Power!J41 -> 0 | N36: =HP_Power!K41 -> 0 | O36: =$O$4*I36+$O$5*L36 -> 0 | P36: =$P$4*J36+$P$5*M36 -> 0 | Q36: =$Q$4*K36+$Q$5*N36 -> 0
A37: 27 | B37: 27 | C37: =HomeHeatDemand!F36 -> 0 | D37: =HomeHeatDemand!G36 -> 0 | E37: =HomeHeatDemand!H36 -> 0 | F37: =HP_Power!B42 -> 0 | G37: =HP_Power!C42 -> 0 | H37: =HP_Power!D42 -> 0 | I37: =HP_Power!F42 -> 0 | J37: =HP_Power!G42 -> 0 | K37: =HP_Power!H42 -> 0 | L37: =HP_Power!I42 -> 0 | M37: =HP_Power!J42 -> 0 | N37: =HP_Power!K42 -> 0 | O37: =$O$4*I37+$O$5*L37 -> 0 | P37: =$P$4*J37+$P$5*M37 -> 0 | Q37: =$Q$4*K37+$Q$5*N37 -> 0
... A178: 168 | B178: 168 | C178: =HomeHeatDemand!F177 -> 0 | D178: =HomeHeatDemand!G177 -> 0 | E178: =HomeHeatDemand!H177 -> 0 | F178: =HP_Power!B183 -> 0 | G178: =HP_Power!C183 -> 0 | H178: =HP_Power!D183 -> 0 | I178: =HP_Power!F183 -> 0 | J178: =HP_Power!G183 -> 0 | K178: =HP_Power!H183 -> 0 | L178: =HP_Power!I183 -> 0 | M178: =HP_Power!J183 -> 0 | N178: =HP_Power!K183 -> 0 | O178: =$O$4*I178+$O$5*L178 -> 0 | P178: =$P$4*J178+$P$5*M178 -> 0 | Q178: =$Q$4*K178+$Q$5*N178 -> 0
A179: 1 | B179: 169 | C179: =C11 -> 0 | D179: =D11 -> 0 | E179: =E11 -> 0 | F179: =F11 -> 0 | G179: =G11 -> 0 | H179: =H11 -> 0 | I179: =I11 -> 0 | J179: =J11 -> 0 | ... Q179: =Q11 -> 0
A180: 2 | B180: 170 | C180: =C12 -> 0 | D180: =D12 -> 0 | E180: =E12 -> 0 | F180: =F12 -> 0 | G180: =G12 -> 0 | H180: =H12 -> 0 | I180: =I12 -> 0 | J180: =J12 -> 0 | ... Q180: =Q12 -> 0
A181: 3 | B181: 171 | C181: =C13 -> 0 | D181: =D13 -> 0 | E181: =E13 -> 0 | F181: =F13 -> 0 | G181: =G13 -> 0 | H181: =H13 -> 0 | I181: =I13 -> 0 | J181: =J13 -> 0 | ... Q181: =Q13 -> 0
A182: 4 | B182: 172 | C182: =C14 -> 0 | D182: =D14 -> 0 | E182: =E14 -> 0 | F182: =F14 -> 0 | G182: =G14 -> 0 | H182: =H14 -> 0 | I182: =I14 -> 0 | J182: =J14 -> 0 | ... Q182: =Q14 -> 0
A183: 5 | B183: 173 | C183: =C15 -> 0 | D183: =D15 -> 0 | E183: =E15 -> 0 | F183: =F15 -> 0 | G183: =G15 -> 0 | H183: =H15 -> 0 | I183: =I15 -> 0 | J183: =J15 -> 0 | ... Q183: =Q15 -> 0
A184: 6 | B184: 174 | C184: =C16 -> 0 | D184: =D16 -> 0 | E184: =E16 -> 0 | F184: =F16 -> 0 | G184: =G16 -> 0 | H184: =H16 -> 0 | I184: =I16 -> 0 | J184: =J16 -> 0 | ... Q184: =Q16 -> 0
A185: 7 | B185: 175 | C185: =C17 -> 3.4332695 | D185: =D17 -> 1.8717328 | E185: =E17 -> 0.32981104 | F185: =F17 -> 0.74636293 | G185: =G17 -> 0.34817321 | H185: =H17 -> 0.05435514 | I185: =I17 -> 0.36139679 | J185: =J17 -> 0.1970245 | ... Q185: =Q17 -> 0.046321776
A186: 8 | B186: 176 | C186: =C18 -> 3.4332695 | D186: =D18 -> 1.8717328 | E186: =E18 -> 0.32981104 | F186: =F18 -> 0.74636293 | G186: =G18 -> 0.34817321 | H186: =H18 -> 0.05435514 | I186: =I18 -> 0.36139679 | J186: =J18 -> 0.1970245 | ... Q186: =Q18 -> 0.046321776
A187: 9 | B187: 177 | C187: =C19 -> 0 | D187: =D19 -> 0 | E187: =E19 -> 0 | F187: =F19 -> 0 | G187: =G19 -> 0 | H187: =H19 -> 0 | I187: =I19 -> 0 | J187: =J19 -> 0 | ... Q187: =Q19 -> 0
A188: 10 | B188: 178 | C188: =C20 -> 0 | D188: =D20 -> 0 | E188: =E20 -> 0 | F188: =F20 -> 0 | G188: =G20 -> 0 | H188: =H20 -> 0 | I188: =I20 -> 0 | J188: =J20 -> 0 | ... Q188: =Q20 -> 0
A189: 11 | B189: 179 | C189: =C21 -> 0 | D189: =D21 -> 0 | E189: =E21 -> 0 | F189: =F21 -> 0 | G189: =G21 -> 0 | H189: =H21 -> 0 | I189: =I21 -> 0 | J189: =J21 -> 0 | ... Q189: =Q21 -> 0
A190: 12 | B190: 180 | C190: =C22 -> 0 | D190: =D22 -> 0 | E190: =E22 -> 0 | F190: =F22 -> 0 | G190: =G22 -> 0 | H190: =H22 -> 0 | I190: =I22 -> 0 | J190: =J22 -> 0 | ... Q190: =Q22 -> 0
... A346: 168 | B346: 336 | C346: =C178 -> 0 | D346: =D178 -> 0 | E346: =E178 -> 0 | F346: =F178 -> 0 | G346: =G178 -> 0 | H346: =H178 -> 0 | I346: =I178 -> 0 | J346: =J178 -> 0 | ... Q346: =Q178 -> 0
A347: 1 | B347: 337 | C347: =C11 -> 0 | D347: =D11 -> 0 | E347: =E11 -> 0 | F347: =F11 -> 0 | G347: =G11 -> 0 | H347: =H11 -> 0 | I347: =I11 -> 0 | J347: =J11 -> 0 | ... Q347: =Q11 -> 0
A348: 2 | B348: 338 | C348: =C12 -> 0 | D348: =D12 -> 0 | E348: =E12 -> 0 | F348: =F12 -> 0 | G348: =G12 -> 0 | H348: =H12 -> 0 | I348: =I12 -> 0 | J348: =J12 -> 0 | ... Q348: =Q12 -> 0
A349: 3 | B349: 339 | C349: =C13 -> 0 | D349: =D13 -> 0 | E349: =E13 -> 0 | F349: =F13 -> 0 | G349: =G13 -> 0 | H349: =H13 -> 0 | I349: =I13 -> 0 | J349: =J13 -> 0 | ... Q349: =Q13 -> 0
A350: 4 | B350: 340 | C350: =C14 -> 0 | D350: =D14 -> 0 | E350: =E14 -> 0 | F350: =F14 -> 0 | G350: =G14 -> 0 | H350: =H14 -> 0 | I350: =I14 -> 0 | J350: =J14 -> 0 | ... Q350: =Q14 -> 0
A351: 5 | B351: 341 | C351: =C15 -> 0 | D351: =D15 -> 0 | E351: =E15 -> 0 | F351: =F15 -> 0 | G351: =G15 -> 0 | H351: =H15 -> 0 | I351: =I15 -> 0 | J351: =J15 -> 0 | ... Q351: =Q15 -> 0
A352: 6 | B352: 342 | C352: =C16 -> 0 | D352: =D16 -> 0 | E352: =E16 -> 0 | F352: =F16 -> 0 | G352: =G16 -> 0 | H352: =H16 -> 0 | I352: =I16 -> 0 | J352: =J16 -> 0 | ... Q352: =Q16 -> 0
A353: 7 | B353: 343 | C353: =C17 -> 3.4332695 | D353: =D17 -> 1.8717328 | E353: =E17 -> 0.32981104 | F353: =F17 -> 0.74636293 | G353: =G17 -> 0.34817321 | H353: =H17 -> 0.05435514 | I353: =I17 -> 0.36139679 | J353: =J17 -> 0.1970245 | ... Q353: =Q17 -> 0.046321776
A354: 8 | B354: 344 | C354: =C18 -> 3.4332695 | D354: =D18 -> 1.8717328 | E354: =E18 -> 0.32981104 | F354: =F18 -> 0.74636293 | G354: =G18 -> 0.34817321 | H354: =H18 -> 0.05435514 | I354: =I18 -> 0.36139679 | J354: =J18 -> 0.1970245 | ... Q354: =Q18 -> 0.046321776
A355: 9 | B355: 345 | C355: =C19 -> 0 | D355: =D19 -> 0 | E355: =E19 -> 0 | F355: =F19 -> 0 | G355: =G19 -> 0 | H355: =H19 -> 0 | I355: =I19 -> 0 | J355: =J19 -> 0 | ... Q355: =Q19 -> 0
A356: 10 | B356: 346 | C356: =C20 -> 0 | D356: =D20 -> 0 | E356: =E20 -> 0 | F356: =F20 -> 0 | G356: =G20 -> 0 | H356: =H20 -> 0 | I356: =I20 -> 0 | J356: =J20 -> 0 | ... Q356: =Q20 -> 0
A357: 11 | B357: 347 | C357: =C21 -> 0 | D357: =D21 -> 0 | E357: =E21 -> 0 | F357: =F21 -> 0 | G357: =G21 -> 0 | H357: =H21 -> 0 | I357: =I21 -> 0 | J357: =J21 -> 0 | ... Q357: =Q21 -> 0
A358: 12 | B358: 348 | C358: =C22 -> 0 | D358: =D22 -> 0 | E358: =E22 -> 0 | F358: =F22 -> 0 | G358: =G22 -> 0 | H358: =H22 -> 0 | I358: =I22 -> 0 | J358: =J22 -> 0 | ... Q358: =Q22 -> 0
... A514: 168 | B514: 504 | C514: =C178 -> 0 | D514: =D178 -> 0 | E514: =E178 -> 0 | F514: =F178 -> 0 | G514: =G178 -> 0 | H514: =H178 -> 0 | I514: =I178 -> 0 | J514: =J178 -> 0 | ... Q514: =Q178 -> 0
A515: 1 | B515: 505 | C515: =C11 -> 0 | D515: =D11 -> 0 | E515: =E11 -> 0 | F515: =F11 -> 0 | G515: =G11 -> 0 | H515: =H11 -> 0 | I515: =I11 -> 0 | J515: =J11 -> 0 | ... Q515: =Q11 -> 0
A516: 2 | B516: 506 | C516: =C12 -> 0 | D516: =D12 -> 0 | E516: =E12 -> 0 | F516: =F12 -> 0 | G516: =G12 -> 0 | H516: =H12 -> 0 | I516: =I12 -> 0 | J516: =J12 -> 0 | ... Q516: =Q12 -> 0
A517: 3 | B517: 507 | C517: =C13 -> 0 | D517: =D13 -> 0 | E517: =E13 -> 0 | F517: =F13 -> 0 | G517: =G13 -> 0 | H517: =H13 -> 0 | I517: =I13 -> 0 | J517: =J13 -> 0 | ... Q517: =Q13 -> 0
A518: 4 | B518: 508 | C518: =C14 -> 0 | D518: =D14 -> 0 | E518: =E14 -> 0 | F518: =F14 -> 0 | G518: =G14 -> 0 | H518: =H14 -> 0 | I518: =I14 -> 0 | J518: =J14 -> 0 | ... Q518: =Q14 -> 0
A519: 5 | B519: 509 | C519: =C15 -> 0 | D519: =D15 -> 0 | E519: =E15 -> 0 | F519: =F15 -> 0 | G519: =G15 -> 0 | H519: =H15 -> 0 | I519: =I15 -> 0 | J519: =J15 -> 0 | ... Q519: =Q15 -> 0
A520: 6 | B520: 510 | C520: =C16 -> 0 | D520: =D16 -> 0 | E520: =E16 -> 0 | F520: =F16 -> 0 | G520: =G16 -> 0 | H520: =H16 -> 0 | I520: =I16 -> 0 | J520: =J16 -> 0 | ... Q520: =Q16 -> 0
A521: 7 | B521: 511 | C521: =C17 -> 3.4332695 | D521: =D17 -> 1.8717328 | E521: =E17 -> 0.32981104 | F521: =F17 -> 0.74636293 | G521: =G17 -> 0.34817321 | H521: =H17 -> 0.05435514 | I521: =I17 -> 0.36139679 | J521: =J17 -> 0.1970245 | ... Q521: =Q17 -> 0.046321776
A522: 8 | B522: 512 | C522: =C18 -> 3.4332695 | D522: =D18 -> 1.8717328 | E522: =E18 -> 0.32981104 | F522: =F18 -> 0.74636293 | G522: =G18 -> 0.34817321 | H522: =H18 -> 0.05435514 | I522: =I18 -> 0.36139679 | J522: =J18 -> 0.1970245 | ... Q522: =Q18 -> 0.046321776
A523: 9 | B523: 513 | C523: =C19 -> 0 | D523: =D19 -> 0 | E523: =E19 -> 0 | F523: =F19 -> 0 | G523: =G19 -> 0 | H523: =H19 -> 0 | I523: =I19 -> 0 | J523: =J19 -> 0 | ... Q523: =Q19 -> 0
A524: 10 | B524: 514 | C524: =C20 -> 0 | D524: =D20 -> 0 | E524: =E20 -> 0 | F524: =F20 -> 0 | G524: =G20 -> 0 | H524: =H20 -> 0 | I524: =I20 -> 0 | J524: =J20 -> 0 | ... Q524: =Q20 -> 0
A525: 11 | B525: 515 | C525: =C21 -> 0 | D525: =D21 -> 0 | E525: =E21 -> 0 | F525: =F21 -> 0 | G525: =G21 -> 0 | H525: =H21 -> 0 | I525: =I21 -> 0 | J525: =J21 -> 0 | ... Q525: =Q21 -> 0
A526: 12 | B526: 516 | C526: =C22 -> 0 | D526: =D22 -> 0 | E526: =E22 -> 0 | F526: =F22 -> 0 | G526: =G22 -> 0 | H526: =H22 -> 0 | I526: =I22 -> 0 | J526: =J22 -> 0 | ... Q526: =Q22 -> 0
... A682: 168 | B682: 672 | C682: =C178 -> 0 | D682: =D178 -> 0 | E682: =E178 -> 0 | F682: =F178 -> 0 | G682: =G178 -> 0 | H682: =H178 -> 0 | I682: =I178 -> 0 | J682: =J178 -> 0 | ... Q682: =Q178 -> 0

Sheet No Homes Calcs for Report
F5: Run | G5: Number of Homes | H5: Qh | I5: Qc | J5: Qh + Qc | P5: No Home | Q5: Total kWh
C6: =J10 -> 178853 | I6: (kWh) | J6: (kWh) | N6: {=LINEST(Q6:Q11, P6:P11^{1,2,3})} -> #VALUE! | P6: 2400 | Q6: 3418
C7: 86432 | F7: 1 | G7: 2400 | H7: 3418 | I7: 53567 | J7: =H7+I7 -> 56985 | P7: 2600 | Q7: 1797
D8: =C6-C7 -> 92421 | F8: 2 | G8: 2500 | H8: 2810 | I8: 83622 | J8: =H8+I8 -> 86432
D9: =D8/HomeHeatDemand!F3 -> 349.6005 | F9: 3 | G9: 2600 | H9: 1797 | I9: 125880 | J9: =H9+I9 -> 127677 | P9: 2800 | Q9: 2151
F10: 4 | G10: 2700 | H10: 1534 | I10: 177319 | J10: =H10+I10 -> 178853
F11: 5 | G11: 2800 | H11: 2151 | I11: 170435 | J11: =H11+I11 -> 172586 | P11: 3000 | Q11: 1834
F12: 6 | G12: 2900 | H12: 2142 | I12: 212463 | J12: =H12+I12 -> 214605
F13: 7 | G13: 3000 | H13: 1834 | I13: 275662 | J13: =H13+I13 -> 277496
G14: 3200 | H14: 1518 | I14: 337814 | J14: =H14+I14 -> 339332

Sheet Side Calcs
D2: Net supply
F3: Qh | G3: Qc
C4: Heat | D4: 252665 | F4: 1534 | G4: 117318
C5: Cool | D5: 253140 | F5: 6623 | G5: 637381
D6: =D4-D5 -> -475 | F6: =F4-F5 -> -5089 | G6: =G4-G5 -> -520063
D10: Released | E10: Required | G10: Hot SinkBalance | H10: Cold Sink Balance | J10: Heating | K10: Cooling
C11: Total | D11: 2733703 | E11: =-2326383 -> -2326383 | I11: Qh | J11: 0 | K11: =-1599423 -> -1599423
C12: Cold Sink | D12: 828277 | E12: =-2197463 -> -2197463 | I12: Qc | J12: 1282797 | K12: =-21874 -> -21874
C13: Hot sink | D13: 1905426 | E13: =-128920 -> -128920 | G13: =D13+E13+J11+K11 -> 177083 | H13: =D12+E12+J12+K12 -> -108263
D14: =IF(D12+D13 =D11, TRUE, FALSE) -> TRUE | E14: =IF(E12+E13 =E11, TRUE, FALSE) -> TRUE
D16: Cond | E16: Evap
D17: Released | E17: Required | G17: Hot SinkBalance | H17: Cold Sink Balance | J17: Heating | K17: Cooling
C18: Hot sink | D18: 254176 | E18: =-316900 -> -316900 | G18: =D18+E18+J18+K18 -> -3943 | H18: =D19+E19+J19+K19 -> -37450 | I18: Qh | J18: 92015 | K18: =-33234 -> -33234
C19: Cold Sink | D19: 2479528 | E19: =-2009483 -> -2009483 | I19: Qc | J19: 139523 | K19: =-647018 -> -647018
C20: Total | D20: 2733704 | E20: =-2326383 -> -2326383
D21: =IF(D19+D18 =D20, TRUE, FALSE) -> TRUE | E21: =IF(E19+E18 =E20, TRUE, FALSE) -> TRUE
G23: c_kWh_cool Qc_kWh_heat Qh_kWh_cool Qh_kWh_heat
G24: ___________ ___________ ___________ ___________
C26: ='Four-Weekly Heat & Power Demand'!C9*'Four-Weekly Heat & Power Demand'!T6 -> 2537872.8 | D26: ='Four-Weekly Heat & Power Demand'!F9*'Four-Weekly Heat & Power Demand'!T6 -> 551711.48 | E26: =C26-D26 -> 1986161.3 | G26: -124472 975903.3 -1284384.2 0
A28: Individual WSHP Calculations
A30: Heat Supplied | B30: (per 672 hours) | C30: Winter | D30: Spring/Autumn | E30: Summer
A31: Supplied to Qevap, h | B31: kWh | C31: 1878877 | D31: 734135 | E31: 0
A32: Supplied to Qevap, c | B32: kWh | C32: 391852 | D32: 382305 | E32: 218134
A33: Total heat supplied | B33: kWh | C33: =SUM(C31:C32) -> 2270729 | D33: =SUM(D31:D32) -> 1116440 | E33: =SUM(E31:E32) -> 218134
A34: Source | C34: Apr_26_HHD_winter_v1_0 | D34: Apr_26_HHD_spring_atumun_v1_0 | E34: Apr_26_HHD_summer_v1_0
A35: Proportion
A36: % Qevap, h | C36: =C31/C33 -> 0.82743339 | D36: =D31/D33 -> 0.6575678 | E36: =E31/E33 -> 0
A37: % Qevap, c | C37: =C32/C33 -> 0.17256661 | D37: =D32/D33 -> 0.3424322 | E37: =E32/E33 -> 1

Sheet Simulink Lookup Tables
A1: Hour | B1: ='Four-Weekly Heat & Power Demand'!C3 -> HHDW | C1: ='Four-Weekly Heat & Power Demand'!D3 -> HHDS_A | D1: ='Four-Weekly Heat & Power Demand'!E3 -> HHDS | E1: ='Four-Weekly Heat & Power Demand'!O3 -> HPPW | F1: ='Four-Weekly Heat & Power Demand'!P3 -> HPPS_A | G1: ='Four-Weekly Heat & Power Demand'!Q3 -> HPPS
A2: 1 | B2: ='Four-Weekly Heat & Power Demand'!C11 -> 0 | C2: ='Four-Weekly Heat & Power Demand'!D11 -> 0 | D2: ='Four-Weekly Heat & Power Demand'!E11 -> 0 | E2: ='Four-Weekly Heat & Power Demand'!O11 -> 0 | F2: ='Four-Weekly Heat & Power Demand'!P11 -> 0 | G2: ='Four-Weekly Heat & Power Demand'!Q11 -> 0
A3: 2 | B3: ='Four-Weekly Heat & Power Demand'!C12 -> 0 | C3: ='Four-Weekly Heat & Power Demand'!D12 -> 0 | D3: ='Four-Weekly Heat & Power Demand'!E12 -> 0 | E3: ='Four-Weekly Heat & Power Demand'!O12 -> 0 | F3: ='Four-Weekly Heat & Power Demand'!P12 -> 0 | G3: ='Four-Weekly Heat & Power Demand'!Q12 -> 0
A4: 3 | B4: ='Four-Weekly Heat & Power Demand'!C13 -> 0 | C4: ='Four-Weekly Heat & Power Demand'!D13 -> 0 | D4: ='Four-Weekly Heat & Power Demand'!E13 -> 0 | E4: ='Four-Weekly Heat & Power Demand'!O13 -> 0 | F4: ='Four-Weekly Heat & Power Demand'!P13 -> 0 | G4: ='Four-Weekly Heat & Power Demand'!Q13 -> 0
A5: 4 | B5: ='Four-Weekly Heat & Power Demand'!C14 -> 0 | C5: ='Four-Weekly Heat & Power Demand'!D14 -> 0 | D5: ='Four-Weekly Heat & Power Demand'!E14 -> 0 | E5: ='Four-Weekly Heat & Power Demand'!O14 -> 0 | F5: ='Four-Weekly Heat & Power Demand'!P14 -> 0 | G5: ='Four-Weekly Heat & Power Demand'!Q14 -> 0
A6: 5 | B6: ='Four-Weekly Heat & Power Demand'!C15 -> 0 | C6: ='Four-Weekly Heat & Power Demand'!D15 -> 0 | D6: ='Four-Weekly Heat & Power Demand'!E15 -> 0 | E6: ='Four-Weekly Heat & Power Demand'!O15 -> 0 | F6: ='Four-Weekly Heat & Power Demand'!P15 -> 0 | G6: ='Four-Weekly Heat & Power Demand'!Q15 -> 0
A7: 6 | B7: ='Four-Weekly Heat & Power Demand'!C16 -> 0 | C7: ='Four-Weekly Heat & Power Demand'!D16 -> 0 | D7: ='Four-Weekly Heat & Power Demand'!E16 -> 0 | E7: ='Four-Weekly Heat & Power Demand'!O16 -> 0 | F7: ='Four-Weekly Heat & Power Demand'!P16 -> 0 | G7: ='Four-Weekly Heat & Power Demand'!Q16 -> 0
A8: 7 | B8: ='Four-Weekly Heat & Power Demand'!C17 -> 3.4332695 | C8: ='Four-Weekly Heat & Power Demand'!D17 -> 1.8717328 | D8: ='Four-Weekly Heat & Power Demand'!E17 -> 0.32981104 | E8: ='Four-Weekly Heat & Power Demand'!O17 -> 0.38224352 | F8: ='Four-Weekly Heat & Power Demand'!P17 -> 0.21957685 | G8: ='Four-Weekly Heat & Power Demand'!Q17 -> 0.046321776
A9: 8 | B9: ='Four-Weekly Heat & Power Demand'!C18 -> 3.4332695 | C9: ='Four-Weekly Heat & Power Demand'!D18 -> 1.8717328 | D9: ='Four-Weekly Heat & Power Demand'!E18 -> 0.32981104 | E9: ='Four-Weekly Heat & Power Demand'!O18 -> 0.38224352 | F9: ='Four-Weekly Heat & Power Demand'!P18 -> 0.21957685 | G9: ='Four-Weekly Heat & Power Demand'!Q18 -> 0.046321776
A10: 9 | B10: ='Four-Weekly Heat & Power Demand'!C19 -> 0 | C10: ='Four-Weekly Heat & Power Demand'!D19 -> 0 | D10: ='Four-Weekly Heat & Power Demand'!E19 -> 0 | E10: ='Four-Weekly Heat & Power Demand'!O19 -> 0 | F10: ='Four-Weekly Heat & Power Demand'!P19 -> 0 | G10: ='Four-Weekly Heat & Power Demand'!Q19 -> 0
A11: 10 | B11: ='Four-Weekly Heat & Power Demand'!C20 -> 0 | C11: ='Four-Weekly Heat & Power Demand'!D20 -> 0 | D11: ='Four-Weekly Heat & Power Demand'!E20 -> 0 | E11: ='Four-Weekly Heat & Power Demand'!O20 -> 0 | F11: ='Four-Weekly Heat & Power Demand'!P20 -> 0 | G11: ='Four-Weekly Heat & Power Demand'!Q20 -> 0
A12: 11 | B12: ='Four-Weekly Heat & Power Demand'!C21 -> 0 | C12: ='Four-Weekly Heat & Power Demand'!D21 -> 0 | D12: ='Four-Weekly Heat & Power Demand'!E21 -> 0 | E12: ='Four-Weekly Heat & Power Demand'!O21 -> 0 | F12: ='Four-Weekly Heat & Power Demand'!P21 -> 0 | G12: ='Four-Weekly Heat & Power Demand'!Q21 -> 0
A13: 12 | B13: ='Four-Weekly Heat & Power Demand'!C22 -> 0 | C13: ='Four-Weekly Heat & Power Demand'!D22 -> 0 | D13: ='Four-Weekly Heat & Power Demand'!E22 -> 0 | E13: ='Four-Weekly Heat & Power Demand'!O22 -> 0 | F13: ='Four-Weekly Heat & Power Demand'!P22 -> 0 | G13: ='Four-Weekly Heat & Power Demand'!Q22 -> 0
... A673: 672 | B673: ='Four-Weekly Heat & Power Demand'!C682 -> 0 | C673: ='Four-Weekly Heat & Power Demand'!D682 -> 0 | D673: ='Four-Weekly Heat & Power Demand'!E682 -> 0 | E673: ='Four-Weekly Heat & Power Demand'!O682 -> 0 | F673: ='Four-Weekly Heat & Power Demand'!P682 -> 0 | G673: ='Four-Weekly Heat & Power Demand'!Q682 -> 0

Sheet Annual Heat Demand
F1: Total Per Year
B2: Weeks per season | C2: 13 | D2: 26 | E2: 13 | F2: =SUM(C2:E2) -> 52
C4: ='Four-Weekly Heat & Power Demand'!C10 -> Winter | D4: ='Four-Weekly Heat & Power Demand'!D10 -> Spring/Autumn | E4: ='Four-Weekly Heat & Power Demand'!E10 -> Summer
A5: DC weekly heat release | B5: MWh | C5: ='[1]DC Cooler Heat Released'!$J$3 -> 656.38016 | D5: ='[1]DC Cooler Heat Released'!$K$3 -> 705.63792 | E5: ='[1]DC Cooler Heat Released'!$L$3 -> 756.81867
A6: DC seasonal heat release | B6: MWh | C6: =C5*C2 -> 8532.9421 | D6: =D5*D2 -> 18346.586 | E6: =E5*E2 -> 9838.6427 | F6: =SUM(C6:E6) -> 36718.171
A7: Home seasonal heat supplied | B7: MWh | C7: ='Four-Weekly Heat & Power Demand'!AA12 -> 7329.7848 | D7: ='Four-Weekly Heat & Power Demand'!AB12 -> 7938.2788 | E7: ='Four-Weekly Heat & Power Demand'!AC12 -> 681.05462 | F7: =SUM(C7:E7) -> 15949.118
A8: Unused DC heat | B8: MWh | C8: =C6-C7 -> 1203.1573 | D8: =D6-D7 -> 10408.307 | E8: =E6-E7 -> 9157.5881 | F8: =F6-F7 -> 20769.053
C9: =C8/C6 -> 0.14100146 | D9: =D8/D6 -> 0.56731575 | E9: =E8/E6 -> 0.93077758 | F9: =F8/F6 -> 0.56563418

Sheet Sheet2
