Workbook

Sheet Winter
N1: ºC | O1: K
A2: T0 | B2: K | C2: 273 | M2: T2/T1 | N2: =C8/C6 -> 1.4 | O2: =D6/D8 -> 0.97342193
A3: cp water | B3: kJ/kg.K | C3: 4.18 | M3: LN | N3: =LN(N2) -> 0.33647224 | O3: =LN(O2) -> -0.026937656
A4: Tcond.sat | B4: ºC | C4: 30 | M4: T0 | N4: =N3*$C$2 -> 91.856921 | O4: =O3*$C$2 -> -7.35398
A5: T evap.sat | B5: ºC | C5: 5 | M5: T2-T1 | N5: =C8-C6 -> 8 | O5: =D6-D8 -> -8
A6: Thot sink | B6: ºC | C6: 20 | D6: =C6+$C$2 -> 293 | E6: K | O6: =O5-O4 -> -0.64601999
A7: Tcold sink | B7: ºC | C7: 10 | D7: =C7+$C$2 -> 283 | E7: K | F7: Approach Temp | N7: =E20*C3 -> 315.5625 | O7: =O6*N7 -> -203.85968
A8: Tcond.hot, out | B8: ºC | C8: =C4-F8 -> 28 | D8: =C8+$C$2 -> 301 | E8: K | F8: 2 | G8: K
A9: Thp.hot, out | B9: ºC | C9: =C5+F9 -> 10 | D9: =C9+$C$2 -> 283 | E9: K | F9: 5 | G9: K
A10: Tcond.cold, out | B10: ºC | C10: =C4-F10 -> 25 | D10: =C10+273 -> 298 | E10: K | F10: 5 | G10: K
A11: Thp.cold, out | B11: ºC | C11: =C5+F11 -> 7 | D11: =C11+273 -> 280 | E11: K | F11: 2 | G11: K
D13: Winter
D14: Hot Sink | J14: Cold Sink
D15: Condenser | G15: HP Evaporator | J15: Condenser | M15: HP Evaporator | P15: total Ex dest
D16: Qcond, hot | E16: ṁcond, hot | F16: Edest cond, hot | G16: Qhp, hot | H16: ṁhp, hot | I16: Edest hp, hot | J16: Qcond, cold | K16: ṁcond, cold | L16: Edest cond, cold | M16: Qhp, cold | N16: ṁhp, cold | O16: Edest hp, hot
D17: kW | E17: kg/s | F17: kW | G17: kW | H17: kg/s | I17: kW | J17: kW | K17: kg/s | L17: kW | M17: kW | N17: kg/s | O17: kW
C18: Total | D18: =D692 -> 2286227 | F18: =F692 -> 184618.54 | G18: =G692 -> 1909081 | I18: =I692 -> 99249.453 | J18: =J692 -> 339293.7 | L18: =L692 -> 20368.507 | M18: =M692 -> 346237.44 | O18: =O692 -> 10451.594 | P18: =O18+L18+I18+F18 -> 314688.09
C19: Hours
B20: =D20*0.0125 -> 31.55625 | C20: 1 | D20: 2524.5 | E20: =D20/($C$3*($D$8-$D$6)) -> 75.493421 | F20: =E20*$C$3*((($D$8)-($D$6))-$C$2*LN(($D$8)/($D$6))) -> 203.85968 | G20: 0 | H20: =G20/($C$3*($D$6-$D$9)) -> 0 | I20: =ABS(H20*$C$3*(($D$9-$D$6)-$C$2*(LN($D$9/$D$6)))) -> 0 | J20: 0 | K20: =J20/($C$3*($D$10-$D$7)) -> 0 | L20: =K20*$C$3*(($D$10-$D$7)-$C$2*LN($D$10/$D$7)) -> 0 | M20: 0 | N20: =M20/($C$3*($D$7-$D$11)) -> 0 | O20: =ABS(N20*$C$3*(($D$11-$D$7)-$C$2*LN($D$11/$D$7))) -> 0
C21: 2 | D21: 2376 | E21: =D21/($C$3*($D$8-$D$6)) -> 71.052632 | F21: =E21*$C$3*((($D$8)-($D$6))-$C$2*LN(($D$8)/($D$6))) -> 191.86794 | G21: 0 | H21: =G21/($C$3*($D$6-$D$9)) -> 0 | I21: =ABS(H21*$C$3*(($D$9-$D$6)-$C$2*(LN($D$9/$D$6)))) -> 0 | J21: 0 | K21: =J21/($C$3*($D$10-$D$7)) -> 0 | L21: =K21*$C$3*(($D$10-$D$7)-$C$2*LN($D$10/$D$7)) -> 0 | M21: 0 | N21: =M21/($C$3*($D$7-$D$11)) -> 0 | O21: =ABS(N21*$C$3*(($D$11-$D$7)-$C$2*LN($D$11/$D$7))) -> 0
C22: 3 | D22: 2524.5 | E22: =D22/($C$3*($D$8-$D$6)) -> 75.493421 | F22: =E22*$C$3*((($D$8)-($D$6))-$C$2*LN(($D$8)/($D$6))) -> 203.85968 | G22: 0 | H22: =G22/($C$3*($D$6-$D$9)) -> 0 | I22: =ABS(H22*$C$3*(($D$9-$D$6)-$C$2*(LN($D$9/$D$6)))) -> 0 | J22: 0 | K22: =J22/($C$3*($D$10-$D$7)) -> 0 | L22: =K22*$C$3*(($D$10-$D$7)-$C$2*LN($D$10/$D$7)) -> 0 | M22: 0 | N22: =M22/($C$3*($D$7-$D$11)) -> 0 | O22: =ABS(N22*$C$3*(($D$11-$D$7)-$C$2*LN($D$11/$D$7))) -> 0
C23: 4 | D23: 2673 | E23: =D23/($C$3*($D$8-$D$6)) -> 79.934211 | F23: =E23*$C$3*((($D$8)-($D$6))-$C$2*LN(($D$8)/($D$6))) -> 215.85143 | G23: 0 | H23: =G23/($C$3*($D$6-$D$9)) -> 0 | I23: =ABS(H23*$C$3*(($D$9-$D$6)-$C$2*(LN($D$9/$D$6)))) -> 0 | J23: 0 | K23: =J23/($C$3*($D$10-$D$7)) -> 0 | L23: =K23*$C$3*(($D$10-$D$7)-$C$2*LN($D$10/$D$7)) -> 0 | M23: 0 | N23: =M23/($C$3*($D$7-$D$11)) -> 0 | O23: =ABS(N23*$C$3*(($D$11-$D$7)-$C$2*LN($D$11/$D$7))) -> 0
C24: 5 | D24: 3044.25 | E24: =D24/($C$3*($D$8-$D$6)) -> 91.036184 | F24: =E24*$C$3*((($D$8)-($D$6))-$C$2*LN(($D$8)/($D$6))) -> 245.83079 | G24: 0 | H24: =G24/($C$3*($D$6-$D$9)) -> 0 | I24: =ABS(H24*$C$3*(($D$9-$D$6)-$C$2*(LN($D$9/$D$6)))) -> 0 | J24: 0 | K24: =J24/($C$3*($D$10-$D$7)) -> 0 | L24: =K24*$C$3*(($D$10-$D$7)-$C$2*LN($D$10/$D$7)) -> 0 | M24: 0 | N24: =M24/($C$3*($D$7-$D$11)) -> 0 | O24: =ABS(N24*$C$3*(($D$11-$D$7)-$C$2*LN($D$11/$D$7))) -> 0
C25: 6 | D25: 3267 | E25: =D25/($C$3*($D$8-$D$6)) -> 97.697368 | F25: =E25*$C$3*((($D$8)-($D$6))-$C$2*LN(($D$8)/($D$6))) -> 263.81841 | G25: 0 | H25: =G25/($C$3*($D$6-$D$9)) -> 0 | I25: =ABS(H25*$C$3*(($D$9-$D$6)-$C$2*(LN($D$9/$D$6)))) -> 0 | J25: 0 | K25: =J25/($C$3*($D$10-$D$7)) -> 0 | L25: =K25*$C$3*(($D$10-$D$7)-$C$2*LN($D$10/$D$7)) -> 0 | M25: 0 | N25: =M25/($C$3*($D$7-$D$11)) -> 0 | O25: =ABS(N25*$C$3*(($D$11-$D$7)-$C$2*LN($D$11/$D$7))) -> 0
C26: 7 | D26: 3489.75 | E26: =D26/($C$3*($D$8-$D$6)) -> 104.35855 | F26: =E26*$C$3*((($D$8)-($D$6))-$C$2*LN(($D$8)/($D$6))) -> 281.80603 | G26: 6195.2581 | H26: =G26/($C$3*($D$6-$D$9)) -> 148.21192 | I26: =ABS(H26*$C$3*(($D$9-$D$6)-$C$2*(LN($D$9/$D$6)))) -> 322.07957 | J26: 0 | K26: =J26/($C$3*($D$10-$D$7)) -> 0 | L26: =K26*$C$3*(($D$10-$D$7)-$C$2*LN($D$10/$D$7)) -> 0 | M26: 1127.2042 | N26: =M26/($C$3*($D$7-$D$11)) -> 89.888694 | O26: =ABS(N26*$C$3*(($D$11-$D$7)-$C$2*LN($D$11/$D$7))) -> 34.026015
C27: 8 | D27: 3712.5 | E27: =D27/($C$3*($D$8-$D$6)) -> 111.01974 | F27: =E27*$C$3*((($D$8)-($D$6))-$C$2*LN(($D$8)/($D$6))) -> 299.79365 | G27: 6196.777 | H27: =G27/($C$3*($D$6-$D$9)) -> 148.24825 | I27: =ABS(H27*$C$3*(($D$9-$D$6)-$C$2*(LN($D$9/$D$6)))) -> 322.15853 | J27: 0 | K27: =J27/($C$3*($D$10-$D$7)) -> 0 | L27: =K27*$C$3*(($D$10-$D$7)-$C$2*LN($D$10/$D$7)) -> 0 | M27: 1125.6854 | N27: =M27/($C$3*($D$7-$D$11)) -> 89.767573 | O27: =ABS(N27*$C$3*(($D$11-$D$7)-$C$2*LN($D$11/$D$7))) -> 33.980167
C28: 9 | D28: 3732.6611 | E28: =D28/($C$3*($D$8-$D$6)) -> 111.62264 | F28: =E28*$C$3*((($D$8)-($D$6))-$C$2*LN(($D$8)/($D$6))) -> 301.42171 | G28: 0 | H28: =G28/($C$3*($D$6-$D$9)) -> 0 | I28: =ABS(H28*$C$3*(($D$9-$D$6)-$C$2*(LN($D$9/$D$6)))) -> 0 | J28: 202.58889 | K28: =J28/($C$3*($D$10-$D$7)) -> 3.2310828 | L28: =K28*$C$3*(($D$10-$D$7)-$C$2*LN($D$10/$D$7)) -> 12.161833 | M28: 0 | N28: =M28/($C$3*($D$7-$D$11)) -> 0 | O28: =ABS(N28*$C$3*(($D$11-$D$7)-$C$2*LN($D$11/$D$7))) -> 0
C29: 10 | D29: 3726.13 | E29: =D29/($C$3*($D$8-$D$6)) -> 111.42733 | F29: =E29*$C$3*((($D$8)-($D$6))-$C$2*LN(($D$8)/($D$6))) -> 300.89431 | G29: 0 | H29: =G29/($C$3*($D$6-$D$9)) -> 0 | I29: =ABS(H29*$C$3*(($D$9-$D$6)-$C$2*(LN($D$9/$D$6)))) -> 0 | J29: 431.86998 | K29: =J29/($C$3*($D$10-$D$7)) -> 6.8878785 | L29: =K29*$C$3*(($D$10-$D$7)-$C$2*LN($D$10/$D$7)) -> 25.926055 | M29: 0 | N29: =M29/($C$3*($D$7-$D$11)) -> 0 | O29: =ABS(N29*$C$3*(($D$11-$D$7)-$C$2*LN($D$11/$D$7))) -> 0
C30: 11 | D30: 3719.6339 | E30: =D30/($C$3*($D$8-$D$6)) -> 111.23307 | F30: =E30*$C$3*((($D$8)-($D$6))-$C$2*LN(($D$8)/($D$6))) -> 300.36973 | G30: 0 | H30: =G30/($C$3*($D$6-$D$9)) -> 0 | I30: =ABS(H30*$C$3*(($D$9-$D$6)-$C$2*(LN($D$9/$D$6)))) -> 0 | J30: 661.11615 | K30: =J30/($C$3*($D$10-$D$7)) -> 10.544117 | L30: =K30*$C$3*(($D$10-$D$7)-$C$2*LN($D$10/$D$7)) -> 39.688179 | M30: 0 | N30: =M30/($C$3*($D$7-$D$11)) -> 0 | O30: =ABS(N30*$C$3*(($D$11-$D$7)-$C$2*LN($D$11/$D$7))) -> 0
C31: 12 | D31: 3713.1725 | E31: =D31/($C$3*($D$8-$D$6)) -> 111.03985 | F31: =E31*$C$3*((($D$8)-($D$6))-$C$2*LN(($D$8)/($D$6))) -> 299.84795 | G31: 0 | H31: =G31/($C$3*($D$6-$D$9)) -> 0 | I31: =ABS(H31*$C$3*(($D$9-$D$6)-$C$2*(LN($D$9/$D$6)))) -> 0 | J31: 890.32751 | K31: =J31/($C$3*($D$10-$D$7)) -> 14.199801 | L31: =K31*$C$3*(($D$10-$D$7)-$C$2*LN($D$10/$D$7)) -> 53.448215 | M31: 0 | N31: =M31/($C$3*($D$7-$D$11)) -> 0 | O31: =ABS(N31*$C$3*(($D$11-$D$7)-$C$2*LN($D$11/$D$7))) -> 0
C32: 13 | D32: 3706.7458 | E32: =D32/($C$3*($D$8-$D$6)) -> 110.84766 | F32: =E32*$C$3*((($D$8)-($D$6))-$C$2*LN(($D$8)/($D$6))) -> 299.32899 | G32: 0 | H32: =G32/($C$3*($D$6-$D$9)) -> 0 | I32: =ABS(H32*$C$3*(($D$9-$D$6)-$C$2*(LN($D$9/$D$6)))) -> 0 | J32: 1119.5042 | K32: =J32/($C$3*($D$10-$D$7)) -> 17.854931 | L32: =K32*$C$3*(($D$10-$D$7)-$C$2*LN($D$10/$D$7)) -> 67.206167 | M32: 0 | N32: =M32/($C$3*($D$7-$D$11)) -> 0 | O32: =ABS(N32*$C$3*(($D$11-$D$7)-$C$2*LN($D$11/$D$7))) -> 0
... C691: 672 | D691: 3267 | E691: =D691/($C$3*($D$8-$D$6)) -> 97.697368 | F691: =E691*$C$3*((($D$8)-($D$6))-$C$2*LN(($D$8)/($D$6))) -> 263.81841 | G691: 0 | H691: =G691/($C$3*($D$6-$D$9)) -> 0 | I691: =ABS(H691*$C$3*(($D$9-$D$6)-$C$2*(LN($D$9/$D$6)))) -> 0 | J691: 0 | K691: =J691/($C$3*($D$10-$D$7)) -> 0 | L691: =K691*$C$3*(($D$10-$D$7)-$C$2*LN($D$10/$D$7)) -> 0 | M691: 0 | N691: =M691/($C$3*($D$7-$D$11)) -> 0 | O691: =ABS(N691*$C$3*(($D$11-$D$7)-$C$2*LN($D$11/$D$7))) -> 0
C692: Total | D692: =SUM(D20:D691) -> 2286227 | F692: =SUM(F20:F691) -> 184618.54 | G692: =SUM(G20:G691) -> 1909081 | I692: =SUM(I20:I691) -> 99249.453 | J692: =SUM(J20:J691) -> 339293.7 | L692: =SUM(L20:L691) -> 20368.507 | M692: =SUM(M20:M691) -> 346237.44 | O692: =SUM(O20:O691) -> 10451.594

Sheet Spring_Autumn
A2: T0 | B2: K | C2: =Winter!C2 -> 273
A3: cp water | B3: kJ/kg.K | C3: =Winter!C3 -> 4.18
A4: Tcond.sat | B4: ºC | C4: =Winter!C4 -> 30
A5: T evap.sat | B5: ºC | C5: =Winter!C5 -> 5
A6: Thot sink | B6: ºC | C6: =Winter!C6 -> 20 | D6: =C6+$C$2 -> 293 | E6: K
A7: Tcold sink | B7: ºC | C7: =Winter!C7 -> 10 | D7: =C7+$C$2 -> 283 | E7: K | F7: Approach Temp
A8: Tcond.hot, out | B8: ºC | C8: =Winter!C8 -> 28 | D8: =C8+$C$2 -> 301 | E8: K | F8: =Winter!F8 -> 2 | G8: K
A9: Thp.hot, out | B9: ºC | C9: =Winter!C9 -> 10 | D9: =C9+$C$2 -> 283 | E9: K | F9: 5 | G9: K
A10: Tcond.cold, out | B10: ºC | C10: =Winter!C10 -> 25 | D10: =C10+273 -> 298 | E10: K | F10: 5 | G10: K
A11: Thp.cold, out | B11: ºC | C11: =Winter!C11 -> 7 | D11: =C11+273 -> 280 | E11: K | F11: 2 | G11: K
D13: Spring/Autumn
D14: Hot Sink | J14: Cold Sink
D15: Condenser | G15: HP Evaporator | J15: Condenser | M15: HP Evaporator
D16: Qcond, hot | E16: ṁcond, hot | F16: Edest cond, hot | G16: Qhp, hot | H16: ṁhp, hot | I16: Edest hp, hot | J16: Qcond, cold | K16: ṁcond, cold | L16: Edest cond, cold | M16: Qhp, cold | N16: ṁhp, cold | O16: Edest hp, cold
D17: kW | E17: kg/s | F17: kW | G17: kW | H17: kg/s | I17: kW | J17: kW | K17: kg/s | L17: kW | M17: kW | N17: kg/s | O17: kW
C18: Total | D18: =D692 -> 2182261.2 | F18: =F692 -> 176223.04 | G18: =G692 -> 879763.28 | I18: =I692 -> 45737.203 | J18: =J692 -> 640290.52 | L18: =L692 -> 38437.973 | M18: =M692 -> 341510.38 | O18: =O692 -> 10308.902 | P18: =O18+L18+I18+F18 -> 270707.12
C19: Hours
C20: 1 | D20: 2713.95 | E20: =D20/($C$3*($D$8-$D$6)) -> 81.158791 | F20: =E20*$C$3*((($D$8)-($D$6))-$C$2*LN(($D$8)/($D$6))) -> 219.15824 | G20: 0 | H20: =G20/($C$3*($D$6-$D$9)) -> 0 | I20: =ABS(H20*$C$3*(($D$9-$D$6)-$C$2*(LN($D$9/$D$6)))) -> 0 | J20: 0 | K20: =J20/($C$3*($D$10-$D$7)) -> 0 | L20: =K20*$C$3*(($D$10-$D$7)-$C$2*LN($D$10/$D$7)) -> 0 | M20: 0 | N20: =M20/($C$3*($D$7-$D$11)) -> 0 | O20: =ABS(N20*$C$3*(($D$11-$D$7)-$C$2*LN($D$11/$D$7))) -> 0
C21: 2 | D21: 2554.3059 | E21: =D21/($C$3*($D$8-$D$6)) -> 76.384745 | F21: =E21*$C$3*((($D$8)-($D$6))-$C$2*LN(($D$8)/($D$6))) -> 206.26658 | G21: 0 | H21: =G21/($C$3*($D$6-$D$9)) -> 0 | I21: =ABS(H21*$C$3*(($D$9-$D$6)-$C$2*(LN($D$9/$D$6)))) -> 0 | J21: 0 | K21: =J21/($C$3*($D$10-$D$7)) -> 0 | L21: =K21*$C$3*(($D$10-$D$7)-$C$2*LN($D$10/$D$7)) -> 0 | M21: 0 | N21: =M21/($C$3*($D$7-$D$11)) -> 0 | O21: =ABS(N21*$C$3*(($D$11-$D$7)-$C$2*LN($D$11/$D$7))) -> 0
C22: 3 | D22: 2713.95 | E22: =D22/($C$3*($D$8-$D$6)) -> 81.158791 | F22: =E22*$C$3*((($D$8)-($D$6))-$C$2*LN(($D$8)/($D$6))) -> 219.15824 | G22: 0 | H22: =G22/($C$3*($D$6-$D$9)) -> 0 | I22: =ABS(H22*$C$3*(($D$9-$D$6)-$C$2*(LN($D$9/$D$6)))) -> 0 | J22: 0 | K22: =J22/($C$3*($D$10-$D$7)) -> 0 | L22: =K22*$C$3*(($D$10-$D$7)-$C$2*LN($D$10/$D$7)) -> 0 | M22: 0 | N22: =M22/($C$3*($D$7-$D$11)) -> 0 | O22: =ABS(N22*$C$3*(($D$11-$D$7)-$C$2*LN($D$11/$D$7))) -> 0
C23: 4 | D23: 2873.5941 | E23: =D23/($C$3*($D$8-$D$6)) -> 85.932838 | F23: =E23*$C$3*((($D$8)-($D$6))-$C$2*LN(($D$8)/($D$6))) -> 232.0499 | G23: 0 | H23: =G23/($C$3*($D$6-$D$9)) -> 0 | I23: =ABS(H23*$C$3*(($D$9-$D$6)-$C$2*(LN($D$9/$D$6)))) -> 0 | J23: 0 | K23: =J23/($C$3*($D$10-$D$7)) -> 0 | L23: =K23*$C$3*(($D$10-$D$7)-$C$2*LN($D$10/$D$7)) -> 0 | M23: 0 | N23: =M23/($C$3*($D$7-$D$11)) -> 0 | O23: =ABS(N23*$C$3*(($D$11-$D$7)-$C$2*LN($D$11/$D$7))) -> 0
C24: 5 | D24: 3272.7044 | E24: =D24/($C$3*($D$8-$D$6)) -> 97.867954 | F24: =E24*$C$3*((($D$8)-($D$6))-$C$2*LN(($D$8)/($D$6))) -> 264.27905 | G24: 0 | H24: =G24/($C$3*($D$6-$D$9)) -> 0 | I24: =ABS(H24*$C$3*(($D$9-$D$6)-$C$2*(LN($D$9/$D$6)))) -> 0 | J24: 0 | K24: =J24/($C$3*($D$10-$D$7)) -> 0 | L24: =K24*$C$3*(($D$10-$D$7)-$C$2*LN($D$10/$D$7)) -> 0 | M24: 0 | N24: =M24/($C$3*($D$7-$D$11)) -> 0 | O24: =ABS(N24*$C$3*(($D$11-$D$7)-$C$2*LN($D$11/$D$7))) -> 0
C25: 6 | D25: 3512.1706 | E25: =D25/($C$3*($D$8-$D$6)) -> 105.02902 | F25: =E25*$C$3*((($D$8)-($D$6))-$C$2*LN(($D$8)/($D$6))) -> 283.61655 | G25: 0 | H25: =G25/($C$3*($D$6-$D$9)) -> 0 | I25: =ABS(H25*$C$3*(($D$9-$D$6)-$C$2*(LN($D$9/$D$6)))) -> 0 | J25: 0 | K25: =J25/($C$3*($D$10-$D$7)) -> 0 | L25: =K25*$C$3*(($D$10-$D$7)-$C$2*LN($D$10/$D$7)) -> 0 | M25: 0 | N25: =M25/($C$3*($D$7-$D$11)) -> 0 | O25: =ABS(N25*$C$3*(($D$11-$D$7)-$C$2*LN($D$11/$D$7))) -> 0
C26: 7 | D26: 3718.4927 | E26: =D26/($C$3*($D$8-$D$6)) -> 111.19894 | F26: =E26*$C$3*((($D$8)-($D$6))-$C$2*LN(($D$8)/($D$6))) -> 300.27758 | G26: 2837.8677 | H26: =G26/($C$3*($D$6-$D$9)) -> 67.891571 | I26: =ABS(H26*$C$3*(($D$9-$D$6)-$C$2*(LN($D$9/$D$6)))) -> 147.53529 | J26: 33.144016 | K26: =J26/($C$3*($D$10-$D$7)) -> 0.5286127 | L26: =K26*$C$3*(($D$10-$D$7)-$C$2*LN($D$10/$D$7)) -> 1.9897043 | M26: 1127.3066 | N26: =M26/($C$3*($D$7-$D$11)) -> 89.896855 | O26: =ABS(N26*$C$3*(($D$11-$D$7)-$C$2*LN($D$11/$D$7))) -> 34.029105
C27: 8 | D27: 3717.5067 | E27: =D27/($C$3*($D$8-$D$6)) -> 111.16946 | F27: =E27*$C$3*((($D$8)-($D$6))-$C$2*LN(($D$8)/($D$6))) -> 300.19795 | G27: 2839.1798 | H27: =G27/($C$3*($D$6-$D$9)) -> 67.922961 | I27: =ABS(H27*$C$3*(($D$9-$D$6)-$C$2*(LN($D$9/$D$6)))) -> 147.6035 | J27: 273.59623 | K27: =J27/($C$3*($D$10-$D$7)) -> 4.3635763 | L27: =K27*$C$3*(($D$10-$D$7)-$C$2*LN($D$10/$D$7)) -> 16.424552 | M27: 1125.9945 | N27: =M27/($C$3*($D$7-$D$11)) -> 89.792222 | O27: =ABS(N27*$C$3*(($D$11-$D$7)-$C$2*LN($D$11/$D$7))) -> 33.989497
C28: 9 | D28: 3712.4356 | E28: =D28/($C$3*($D$8-$D$6)) -> 111.01781 | F28: =E28*$C$3*((($D$8)-($D$6))-$C$2*LN(($D$8)/($D$6))) -> 299.78845 | G28: 0 | H28: =G28/($C$3*($D$6-$D$9)) -> 0 | I28: =ABS(H28*$C$3*(($D$9-$D$6)-$C$2*(LN($D$9/$D$6)))) -> 0 | J28: 518.13353 | K28: =J28/($C$3*($D$10-$D$7)) -> 8.2636927 | L28: =K28*$C$3*(($D$10-$D$7)-$C$2*LN($D$10/$D$7)) -> 31.104635 | M28: 0 | N28: =M28/($C$3*($D$7-$D$11)) -> 0 | O28: =ABS(N28*$C$3*(($D$11-$D$7)-$C$2*LN($D$11/$D$7))) -> 0
C29: 10 | D29: 3705.1105 | E29: =D29/($C$3*($D$8-$D$6)) -> 110.79876 | F29: =E29*$C$3*((($D$8)-($D$6))-$C$2*LN(($D$8)/($D$6))) -> 299.19693 | G29: 0 | H29: =G29/($C$3*($D$6-$D$9)) -> 0 | I29: =ABS(H29*$C$3*(($D$9-$D$6)-$C$2*(LN($D$9/$D$6)))) -> 0 | J29: 764.92471 | K29: =J29/($C$3*($D$10-$D$7)) -> 12.199756 | L29: =K29*$C$3*(($D$10-$D$7)-$C$2*LN($D$10/$D$7)) -> 45.920024 | M29: 0 | N29: =M29/($C$3*($D$7-$D$11)) -> 0 | O29: =ABS(N29*$C$3*(($D$11-$D$7)-$C$2*LN($D$11/$D$7))) -> 0
C30: 11 | D30: 3697.8219 | E30: =D30/($C$3*($D$8-$D$6)) -> 110.5808 | F30: =E30*$C$3*((($D$8)-($D$6))-$C$2*LN(($D$8)/($D$6))) -> 298.60835 | G30: 0 | H30: =G30/($C$3*($D$6-$D$9)) -> 0 | I30: =ABS(H30*$C$3*(($D$9-$D$6)-$C$2*(LN($D$9/$D$6)))) -> 0 | J30: 1011.6796 | K30: =J30/($C$3*($D$10-$D$7)) -> 16.13524 | L30: =K30*$C$3*(($D$10-$D$7)-$C$2*LN($D$10/$D$7)) -> 60.733232 | M30: 0 | N30: =M30/($C$3*($D$7-$D$11)) -> 0 | O30: =ABS(N30*$C$3*(($D$11-$D$7)-$C$2*LN($D$11/$D$7))) -> 0
C31: 12 | D31: 3690.5694 | E31: =D31/($C$3*($D$8-$D$6)) -> 110.36392 | F31: =E31*$C$3*((($D$8)-($D$6))-$C$2*LN(($D$8)/($D$6))) -> 298.0227 | G31: 0 | H31: =G31/($C$3*($D$6-$D$9)) -> 0 | I31: =ABS(H31*$C$3*(($D$9-$D$6)-$C$2*(LN($D$9/$D$6)))) -> 0 | J31: 1258.3982 | K31: =J31/($C$3*($D$10-$D$7)) -> 20.070147 | L31: =K31*$C$3*(($D$10-$D$7)-$C$2*LN($D$10/$D$7)) -> 75.544267 | M31: 0 | N31: =M31/($C$3*($D$7-$D$11)) -> 0 | O31: =ABS(N31*$C$3*(($D$11-$D$7)-$C$2*LN($D$11/$D$7))) -> 0
... C691: 672 | D691: 3512.1706 | E691: =D691/($C$3*($D$8-$D$6)) -> 105.02902 | F691: =E691*$C$3*((($D$8)-($D$6))-$C$2*LN(($D$8)/($D$6))) -> 283.61655 | G691: 0 | H691: =G691/($C$3*($D$6-$D$9)) -> 0 | I691: =ABS(H691*$C$3*(($D$9-$D$6)-$C$2*(LN($D$9/$D$6)))) -> 0 | J691: 0 | K691: =J691/($C$3*($D$10-$D$7)) -> 0 | L691: =K691*$C$3*(($D$10-$D$7)-$C$2*LN($D$10/$D$7)) -> 0 | M691: 0 | N691: =M691/($C$3*($D$7-$D$11)) -> 0 | O691: =ABS(N691*$C$3*(($D$11-$D$7)-$C$2*LN($D$11/$D$7))) -> 0
C692: Total | D692: =SUM(D20:D691) -> 2182261.2 | F692: =SUM(F20:F691) -> 176223.04 | G692: =SUM(G20:G691) -> 879763.28 | I692: =SUM(I20:I691) -> 45737.203 | J692: =SUM(J20:J691) -> 640290.52 | L692: =SUM(L20:L691) -> 38437.973 | M692: =SUM(M20:M691) -> 341510.38 | O692: =SUM(O20:O691) -> 10308.902

Sheet Summer
A2: T0 | B2: K | C2: =Winter!C2 -> 273
A3: cp water | B3: kJ/kg.K | C3: =Winter!C3 -> 4.18
A4: Tcond.sat | B4: ºC | C4: =Winter!C4 -> 30
A5: T evap.sat | B5: ºC | C5: =Winter!C5 -> 5
A6: Thot sink | B6: ºC | C6: =Winter!C6 -> 20 | D6: =C6+$C$2 -> 293 | E6: K
A7: Tcold sink | B7: ºC | C7: =Winter!C7 -> 10 | D7: =C7+$C$2 -> 283 | E7: K | F7: Approach Temp
A8: Tcond.hot, out | B8: ºC | C8: =Winter!C8 -> 28 | D8: =C8+$C$2 -> 301 | E8: K | F8: =Winter!F8 -> 2 | G8: K
A9: Thp.hot, out | B9: ºC | C9: =Winter!C9 -> 10 | D9: =C9+$C$2 -> 283 | E9: K | F9: =Winter!F9 -> 5 | G9: K
A10: Tcond.cold, out | B10: ºC | C10: =Winter!C10 -> 25 | D10: =C10+273 -> 298 | E10: K | F10: =Winter!F10 -> 5 | G10: K
A11: Thp.cold, out | B11: ºC | C11: =Winter!C11 -> 7 | D11: =C11+273 -> 280 | E11: K | F11: =Winter!F11 -> 2 | G11: K
D13: Summer
D14: Hot Sink | J14: Cold Sink
D15: Condenser | G15: HP Evaporator | J15: Condenser | M15: HP Evaporator
D16: Qcond, hot | E16: ṁcond, hot | F16: Edest cond, hot | G16: Qhp, hot | H16: ṁhp, hot | I16: Edest hp, hot | J16: Qcond, cold | K16: ṁcond, cold | L16: Edest cond, cold | M16: Qhp, cold | N16: ṁhp, cold | O16: Edest hp, hot
D17: kW | E17: kg/s | F17: kW | G17: kW | H17: kg/s | I17: kW | J17: kW | K17: kg/s | L17: kW | M17: kW | N17: kg/s | O17: kW
C18: Total | D18: =D692 -> 1999013.7 | F18: =F692 -> 161425.35 | G18: =G692 -> 0 | I18: =I692 -> 0 | J18: =J692 -> 1028261 | L18: =L692 -> 61728.647 | M18: =M692 -> 209555.27 | O18: =O692 -> 6325.6778 | P18: =O18+L18+I18+F18 -> 229479.68
C19: Hours
C20: 1 | D20: 2910.796 | E20: =D20/($C$3*($D$8-$D$6)) -> 87.045334 | F20: =E20*$C$3*((($D$8)-($D$6))-$C$2*LN(($D$8)/($D$6))) -> 235.05405 | G20: 0 | H20: =G20/($C$3*($D$6-$D$9)) -> 0 | I20: =ABS(H20*$C$3*(($D$9-$D$6)-$C$2*(LN($D$9/$D$6)))) -> 0 | J20: 0 | K20: =J20/($C$3*($D$10-$D$7)) -> 0 | L20: =K20*$C$3*(($D$10-$D$7)-$C$2*LN($D$10/$D$7)) -> 0 | M20: 0 | N20: =M20/($C$3*($D$7-$D$11)) -> 0 | O20: =ABS(N20*$C$3*(($D$11-$D$7)-$C$2*LN($D$11/$D$7))) -> 0
C21: 2 | D21: 2739.5727 | E21: =D21/($C$3*($D$8-$D$6)) -> 81.92502 | F21: =E21*$C$3*((($D$8)-($D$6))-$C$2*LN(($D$8)/($D$6))) -> 221.22734 | G21: 0 | H21: =G21/($C$3*($D$6-$D$9)) -> 0 | I21: =ABS(H21*$C$3*(($D$9-$D$6)-$C$2*(LN($D$9/$D$6)))) -> 0 | J21: 0 | K21: =J21/($C$3*($D$10-$D$7)) -> 0 | L21: =K21*$C$3*(($D$10-$D$7)-$C$2*LN($D$10/$D$7)) -> 0 | M21: 0 | N21: =M21/($C$3*($D$7-$D$11)) -> 0 | O21: =ABS(N21*$C$3*(($D$11-$D$7)-$C$2*LN($D$11/$D$7))) -> 0
C22: 3 | D22: 2910.796 | E22: =D22/($C$3*($D$8-$D$6)) -> 87.045334 | F22: =E22*$C$3*((($D$8)-($D$6))-$C$2*LN(($D$8)/($D$6))) -> 235.05405 | G22: 0 | H22: =G22/($C$3*($D$6-$D$9)) -> 0 | I22: =ABS(H22*$C$3*(($D$9-$D$6)-$C$2*(LN($D$9/$D$6)))) -> 0 | J22: 0 | K22: =J22/($C$3*($D$10-$D$7)) -> 0 | L22: =K22*$C$3*(($D$10-$D$7)-$C$2*LN($D$10/$D$7)) -> 0 | M22: 0 | N22: =M22/($C$3*($D$7-$D$11)) -> 0 | O22: =ABS(N22*$C$3*(($D$11-$D$7)-$C$2*LN($D$11/$D$7))) -> 0
C23: 4 | D23: 3082.0192 | E23: =D23/($C$3*($D$8-$D$6)) -> 92.165647 | F23: =E23*$C$3*((($D$8)-($D$6))-$C$2*LN(($D$8)/($D$6))) -> 248.88075 | G23: 0 | H23: =G23/($C$3*($D$6-$D$9)) -> 0 | I23: =ABS(H23*$C$3*(($D$9-$D$6)-$C$2*(LN($D$9/$D$6)))) -> 0 | J23: 0 | K23: =J23/($C$3*($D$10-$D$7)) -> 0 | L23: =K23*$C$3*(($D$10-$D$7)-$C$2*LN($D$10/$D$7)) -> 0 | M23: 0 | N23: =M23/($C$3*($D$7-$D$11)) -> 0 | O23: =ABS(N23*$C$3*(($D$11-$D$7)-$C$2*LN($D$11/$D$7))) -> 0
C24: 5 | D24: 3510.0775 | E24: =D24/($C$3*($D$8-$D$6)) -> 104.96643 | F24: =E24*$C$3*((($D$8)-($D$6))-$C$2*LN(($D$8)/($D$6))) -> 283.44753 | G24: 0 | H24: =G24/($C$3*($D$6-$D$9)) -> 0 | I24: =ABS(H24*$C$3*(($D$9-$D$6)-$C$2*(LN($D$9/$D$6)))) -> 0 | J24: 0 | K24: =J24/($C$3*($D$10-$D$7)) -> 0 | L24: =K24*$C$3*(($D$10-$D$7)-$C$2*LN($D$10/$D$7)) -> 0 | M24: 0 | N24: =M24/($C$3*($D$7-$D$11)) -> 0 | O24: =ABS(N24*$C$3*(($D$11-$D$7)-$C$2*LN($D$11/$D$7))) -> 0
C25: 6 | D25: 3720.8569 | E25: =D25/($C$3*($D$8-$D$6)) -> 111.26964 | F25: =E25*$C$3*((($D$8)-($D$6))-$C$2*LN(($D$8)/($D$6))) -> 300.46849 | G25: 0 | H25: =G25/($C$3*($D$6-$D$9)) -> 0 | I25: =ABS(H25*$C$3*(($D$9-$D$6)-$C$2*(LN($D$9/$D$6)))) -> 0 | J25: 46.05555 | K25: =J25/($C$3*($D$10-$D$7)) -> 0.73453828 | L25: =K25*$C$3*(($D$10-$D$7)-$C$2*LN($D$10/$D$7)) -> 2.7648106 | M25: 0 | N25: =M25/($C$3*($D$7-$D$11)) -> 0 | O25: =ABS(N25*$C$3*(($D$11-$D$7)-$C$2*LN($D$11/$D$7))) -> 0
C26: 7 | D26: 3713.486 | E26: =D26/($C$3*($D$8-$D$6)) -> 111.04922 | F26: =E26*$C$3*((($D$8)-($D$6))-$C$2*LN(($D$8)/($D$6))) -> 299.87327 | G26: 0 | H26: =G26/($C$3*($D$6-$D$9)) -> 0 | I26: =ABS(H26*$C$3*(($D$9-$D$6)-$C$2*(LN($D$9/$D$6)))) -> 0 | J26: 310.26134 | K26: =J26/($C$3*($D$10-$D$7)) -> 4.9483467 | L26: =K26*$C$3*(($D$10-$D$7)-$C$2*LN($D$10/$D$7)) -> 18.625634 | M26: 680.37424 | N26: =M26/($C$3*($D$7-$D$11)) -> 54.256319 | O26: =ABS(N26*$C$3*(($D$11-$D$7)-$C$2*LN($D$11/$D$7))) -> 20.537915
C27: 8 | D27: 3706.1516 | E27: =D27/($C$3*($D$8-$D$6)) -> 110.82989 | F27: =E27*$C$3*((($D$8)-($D$6))-$C$2*LN(($D$8)/($D$6))) -> 299.281 | G27: 0 | H27: =G27/($C$3*($D$6-$D$9)) -> 0 | I27: =ABS(H27*$C$3*(($D$9-$D$6)-$C$2*(LN($D$9/$D$6)))) -> 0 | J27: 574.43064 | K27: =J27/($C$3*($D$10-$D$7)) -> 9.1615733 | L27: =K27*$C$3*(($D$10-$D$7)-$C$2*LN($D$10/$D$7)) -> 34.484268 | M27: 680.37424 | N27: =M27/($C$3*($D$7-$D$11)) -> 54.256319 | O27: =ABS(N27*$C$3*(($D$11-$D$7)-$C$2*LN($D$11/$D$7))) -> 20.537915
C28: 9 | D28: 3698.8536 | E28: =D28/($C$3*($D$8-$D$6)) -> 110.61165 | F28: =E28*$C$3*((($D$8)-($D$6))-$C$2*LN(($D$8)/($D$6))) -> 298.69167 | G28: 0 | H28: =G28/($C$3*($D$6-$D$9)) -> 0 | I28: =ABS(H28*$C$3*(($D$9-$D$6)-$C$2*(LN($D$9/$D$6)))) -> 0 | J28: 838.56359 | K28: =J28/($C$3*($D$10-$D$7)) -> 13.37422 | L28: =K28*$C$3*(($D$10-$D$7)-$C$2*LN($D$10/$D$7)) -> 50.340719 | M28: 0 | N28: =M28/($C$3*($D$7-$D$11)) -> 0 | O28: =ABS(N28*$C$3*(($D$11-$D$7)-$C$2*LN($D$11/$D$7))) -> 0
C29: 10 | D29: 3691.5919 | E29: =D29/($C$3*($D$8-$D$6)) -> 110.39449 | F29: =E29*$C$3*((($D$8)-($D$6))-$C$2*LN(($D$8)/($D$6))) -> 298.10526 | G29: 0 | H29: =G29/($C$3*($D$6-$D$9)) -> 0 | I29: =ABS(H29*$C$3*(($D$9-$D$6)-$C$2*(LN($D$9/$D$6)))) -> 0 | J29: 1102.6603 | K29: =J29/($C$3*($D$10-$D$7)) -> 17.586289 | L29: =K29*$C$3*(($D$10-$D$7)-$C$2*LN($D$10/$D$7)) -> 66.194995 | M29: 0 | N29: =M29/($C$3*($D$7-$D$11)) -> 0 | O29: =ABS(N29*$C$3*(($D$11-$D$7)-$C$2*LN($D$11/$D$7))) -> 0
C30: 11 | D30: 3684.3662 | E30: =D30/($C$3*($D$8-$D$6)) -> 110.17842 | F30: =E30*$C$3*((($D$8)-($D$6))-$C$2*LN(($D$8)/($D$6))) -> 297.52178 | G30: 0 | H30: =G30/($C$3*($D$6-$D$9)) -> 0 | I30: =ABS(H30*$C$3*(($D$9-$D$6)-$C$2*(LN($D$9/$D$6)))) -> 0 | J30: 1366.7209 | K30: =J30/($C$3*($D$10-$D$7)) -> 21.797782 | L30: =K30*$C$3*(($D$10-$D$7)-$C$2*LN($D$10/$D$7)) -> 82.047102 | M30: 0 | N30: =M30/($C$3*($D$7-$D$11)) -> 0 | O30: =ABS(N30*$C$3*(($D$11-$D$7)-$C$2*LN($D$11/$D$7))) -> 0
C31: 12 | D31: 3677.1765 | E31: =D31/($C$3*($D$8-$D$6)) -> 109.96341 | F31: =E31*$C$3*((($D$8)-($D$6))-$C$2*LN(($D$8)/($D$6))) -> 296.94119 | G31: 0 | H31: =G31/($C$3*($D$6-$D$9)) -> 0 | I31: =ABS(H31*$C$3*(($D$9-$D$6)-$C$2*(LN($D$9/$D$6)))) -> 0 | J31: 1630.7455 | K31: =J31/($C$3*($D$10-$D$7)) -> 26.0087 | L31: =K31*$C$3*(($D$10-$D$7)-$C$2*LN($D$10/$D$7)) -> 97.897049 | M31: 0 | N31: =M31/($C$3*($D$7-$D$11)) -> 0 | O31: =ABS(N31*$C$3*(($D$11-$D$7)-$C$2*LN($D$11/$D$7))) -> 0
... C691: 672 | D691: 3049.7384 | E691: =D691/($C$3*($D$8-$D$6)) -> 91.200312 | F691: =E691*$C$3*((($D$8)-($D$6))-$C$2*LN(($D$8)/($D$6))) -> 246.274 | G691: 0 | H691: =G691/($C$3*($D$6-$D$9)) -> 0 | I691: =ABS(H691*$C$3*(($D$9-$D$6)-$C$2*(LN($D$9/$D$6)))) -> 0 | J691: 717.17398 | K691: =J691/($C$3*($D$10-$D$7)) -> 11.438181 | L691: =K691*$C$3*(($D$10-$D$7)-$C$2*LN($D$10/$D$7)) -> 43.053447 | M691: 0 | N691: =M691/($C$3*($D$7-$D$11)) -> 0 | O691: =ABS(N691*$C$3*(($D$11-$D$7)-$C$2*LN($D$11/$D$7))) -> 0
C692: Total | D692: =SUM(D20:D691) -> 1999013.7 | F692: =SUM(F20:F691) -> 161425.35 | G692: =SUM(G20:G691) -> 0 | I692: =SUM(I20:I691) -> 0 | J692: =SUM(J20:J691) -> 1028261 | L692: =SUM(L20:L691) -> 61728.647 | M692: =SUM(M20:M691) -> 209555.27 | O692: =SUM(O20:O691) -> 6325.6778
