Workbook

Sheet Properties
B3: Refrigerant | D3: R32
B4: Data source | D4: tlk-energy.de pressure-enthalpy
B5: Compressor Efficiency | D5: 0.65 | E5: =D5 -> 0.65 | F5: =E5 -> 0.65 | G5: Assuming scroll compressor
B6: Superheating | C6: K | D6: 6
B7: Subcooling | C7: K | D7: 5
B8: T0 | C8: K | D8: 273
D10: Winter | E10: Spring/Autumn | F10: Summer
D11: A7W35 | E11: A15.3W35 | F11: A23W35
B12: Condenser temp | C12: ºC | D12: 40 | E12: 40 | F12: 40
B13: Evaporator temp | C13: ºC | D13: 4 | E13: 12.3 | F13: 20
B15: h1 | C15: kJ/kg | D15: 523.4 | E15: 524.9 | F15: 525.6
B16: h2,act | C16: kJ/kg | D16: 598 | E16: 579.1 | F16: 562.7 | G16: Accounts for compressor efficiency
B17: h2 | C17: kJ/kg
B18: h3 | C18: kJ/kg | D18: 265.1 | E18: 265.1 | F18: 265.1
B19: h4 | C19: kJ/kg | D19: 265.1 | E19: 265.1 | F19: 265.1
B20: s1 | C20: J/kg.K | D20: 2166.6 | E20: 2138.2 | F20: 2112.3
B21: s2,act | C21: J/kg.K | D21: 2259.7 | E21: 2208.2 | F21: 2161.6
B22: s2 | C22: J/kg.K
B23: s3 | C23: J/kg.K | D23: 1218.1 | E23: 1218.1 | F23: 1218.1
B24: s4 | C24: J/kg.K | D24: 1234.6 | E24: 1228.4 | F24: 1224.1
D29: Winter | E29: Spring/autumn | F29: Summer | J29: Source: Wall G, 2009
C30: Expansion Valve | D30: =A7W35!E8 -> 0.036664809 | E30: 0.04136856 | F30: 0.047920545
C31: Compressor | D31: =A7W35!F8 -> 0.93188379 | E31: 0.79055318 | F31: 0.64495782
C32: Evaporator | D32: =A7W35!G8 -> 0.031451398 | E32: 0.16807826 | F32: 0.30712163
C34: =C30 -> Expansion Valve | D34: =A7W35!E7 -> 14.308411 | E34: ='A15.3W35'!E7 -> 5.1625561 | F34: =A23W35!E7 -> 0.95980466
C35: =C31 -> Compressor | D35: =A7W35!F7 -> 363.66687 | E35: ='A15.3W35'!F7 -> 98.656448 | F35: =A23W35!F7 -> 12.917915
C36: =C32 -> Evaporator | D36: =A7W35!G7 -> 12.273882 | E36: ='A15.3W35'!G7 -> 20.975191 | F36: =A23W35!G7 -> 6.1513652
C37: Total (kWh) | D37: =SUM(D34:D36) -> 390.24916 | E37: =SUM(E34:E36) -> 124.79419 | F37: =SUM(F34:F36) -> 20.029085
C38: Checksum | D38: =A7W35!H7 -> 390.24916 | E38: ='A15.3W35'!H7 -> 124.79419 | F38: =A23W35!H7 -> 20.029085

Sheet A7W35
C4: A7W35
C5: Home Heating Demand | D5: Refrig mass flow rate | E5: Exergy Destruction
C6: Qcond | D6: ṁ ref | E6: Expansion Valve | F6: Compressor | G6: Evaporator | H6: Total
B7: Total | C7: =SUM(C10:C681) -> 1057.447 | E7: =SUM(E10:E681) -> 14.308411 | F7: =SUM(F10:F681) -> 363.66687 | G7: =SUM(G10:G681) -> 12.273882 | H7: =SUM(H10:H681) -> 390.24916
E8: =E7/$H$7 -> 0.036664809 | F8: =F7/$H$7 -> 0.93188379 | G8: =G7/$H$7 -> 0.031451398 | H8: =H7/$H$7 -> 1 | J8: No homes | K8: 2400
B9: Hours | C9: kW | D9: kg/s | E9: kW | F9: kW | G9: kW | H9: kW | J9: Exdes | K9: =K8*H7 -> 936597.98
B10: 1 | C10: 0 | D10: =C10/(Properties!$D$16-Properties!$D$18) -> 0 | E10: =D10*Properties!$D$8*(Properties!$D$24-Properties!$D$23)/1000 -> 0 | F10: =E10*Properties!$D$8*(Properties!$D$21-Properties!$D$20)/1000 -> 0 | G10: =D10*((Properties!$D$15-Properties!$D$19)-Properties!$D$8*(Properties!$D$20-Properties!$D$24)/1000) -> 0 | H10: =SUM(E10:G10) -> 0 | J10: Qcond total | K10: =C7*K8 -> 2537872.8
B11: 2 | C11: 0 | D11: =C11/(Properties!$D$16-Properties!$D$18) -> 0 | E11: =D11*Properties!$D$8*(Properties!$D$24-Properties!$D$23)/1000 -> 0 | F11: =E11*Properties!$D$8*(Properties!$D$21-Properties!$D$20)/1000 -> 0 | G11: =D11*((Properties!$D$15-Properties!$D$19)-Properties!$D$8*(Properties!$D$20-Properties!$D$24)/1000) -> 0 | H11: =SUM(E11:G11) -> 0
B12: 3 | C12: 0 | D12: =C12/(Properties!$D$16-Properties!$D$18) -> 0 | E12: =D12*Properties!$D$8*(Properties!$D$24-Properties!$D$23)/1000 -> 0 | F12: =E12*Properties!$D$8*(Properties!$D$21-Properties!$D$20)/1000 -> 0 | G12: =D12*((Properties!$D$15-Properties!$D$19)-Properties!$D$8*(Properties!$D$20-Properties!$D$24)/1000) -> 0 | H12: =SUM(E12:G12) -> 0
B13: 4 | C13: 0 | D13: =C13/(Properties!$D$16-Properties!$D$18) -> 0 | E13: =D13*Properties!$D$8*(Properties!$D$24-Properties!$D$23)/1000 -> 0 | F13: =E13*Properties!$D$8*(Properties!$D$21-Properties!$D$20)/1000 -> 0 | G13: =D13*((Properties!$D$15-Properties!$D$19)-Properties!$D$8*(Properties!$D$20-Properties!$D$24)/1000) -> 0 | H13: =SUM(E13:G13) -> 0
B14: 5 | C14: 0 | D14: =C14/(Properties!$D$16-Properties!$D$18) -> 0 | E14: =D14*Properties!$D$8*(Properties!$D$24-Properties!$D$23)/1000 -> 0 | F14: =E14*Properties!$D$8*(Properties!$D$21-Properties!$D$20)/1000 -> 0 | G14: =D14*((Properties!$D$15-Properties!$D$19)-Properties!$D$8*(Properties!$D$20-Properties!$D$24)/1000) -> 0 | H14: =SUM(E14:G14) -> 0
B15: 6 | C15: 0 | D15: =C15/(Properties!$D$16-Properties!$D$18) -> 0 | E15: =D15*Properties!$D$8*(Properties!$D$24-Properties!$D$23)/1000 -> 0 | F15: =E15*Properties!$D$8*(Properties!$D$21-Properties!$D$20)/1000 -> 0 | G15: =D15*((Properties!$D$15-Properties!$D$19)-Properties!$D$8*(Properties!$D$20-Properties!$D$24)/1000) -> 0 | H15: =SUM(E15:G15) -> 0
B16: 7 | C16: 3.4332695 | D16: =C16/(Properties!$D$16-Properties!$D$18) -> 0.010313216 | E16: =D16*Properties!$D$8*(Properties!$D$24-Properties!$D$23)/1000 -> 0.04645588 | F16: =E16*Properties!$D$8*(Properties!$D$21-Properties!$D$20)/1000 -> 1.1807366 | G16: =D16*((Properties!$D$15-Properties!$D$19)-Properties!$D$8*(Properties!$D$20-Properties!$D$24)/1000) -> 0.039850265 | H16: =SUM(E16:G16) -> 1.2670427
B17: 8 | C17: 3.4332695 | D17: =C17/(Properties!$D$16-Properties!$D$18) -> 0.010313216 | E17: =D17*Properties!$D$8*(Properties!$D$24-Properties!$D$23)/1000 -> 0.04645588 | F17: =E17*Properties!$D$8*(Properties!$D$21-Properties!$D$20)/1000 -> 1.1807366 | G17: =D17*((Properties!$D$15-Properties!$D$19)-Properties!$D$8*(Properties!$D$20-Properties!$D$24)/1000) -> 0.039850265 | H17: =SUM(E17:G17) -> 1.2670427
B18: 9 | C18: 0 | D18: =C18/(Properties!$D$16-Properties!$D$18) -> 0 | E18: =D18*Properties!$D$8*(Properties!$D$24-Properties!$D$23)/1000 -> 0 | F18: =E18*Properties!$D$8*(Properties!$D$21-Properties!$D$20)/1000 -> 0 | G18: =D18*((Properties!$D$15-Properties!$D$19)-Properties!$D$8*(Properties!$D$20-Properties!$D$24)/1000) -> 0 | H18: =SUM(E18:G18) -> 0
B19: 10 | C19: 0 | D19: =C19/(Properties!$D$16-Properties!$D$18) -> 0 | E19: =D19*Properties!$D$8*(Properties!$D$24-Properties!$D$23)/1000 -> 0 | F19: =E19*Properties!$D$8*(Properties!$D$21-Properties!$D$20)/1000 -> 0 | G19: =D19*((Properties!$D$15-Properties!$D$19)-Properties!$D$8*(Properties!$D$20-Properties!$D$24)/1000) -> 0 | H19: =SUM(E19:G19) -> 0
B20: 11 | C20: 0 | D20: =C20/(Properties!$D$16-Properties!$D$18) -> 0 | E20: =D20*Properties!$D$8*(Properties!$D$24-Properties!$D$23)/1000 -> 0 | F20: =E20*Properties!$D$8*(Properties!$D$21-Properties!$D$20)/1000 -> 0 | G20: =D20*((Properties!$D$15-Properties!$D$19)-Properties!$D$8*(Properties!$D$20-Properties!$D$24)/1000) -> 0 | H20: =SUM(E20:G20) -> 0
B21: 12 | C21: 0 | D21: =C21/(Properties!$D$16-Properties!$D$18) -> 0 | E21: =D21*Properties!$D$8*(Properties!$D$24-Properties!$D$23)/1000 -> 0 | F21: =E21*Properties!$D$8*(Properties!$D$21-Properties!$D$20)/1000 -> 0 | G21: =D21*((Properties!$D$15-Properties!$D$19)-Properties!$D$8*(Properties!$D$20-Properties!$D$24)/1000) -> 0 | H21: =SUM(E21:G21) -> 0
B22: 13 | C22: 0 | D22: =C22/(Properties!$D$16-Properties!$D$18) -> 0 | E22: =D22*Properties!$D$8*(Properties!$D$24-Properties!$D$23)/1000 -> 0 | F22: =E22*Properties!$D$8*(Properties!$D$21-Properties!$D$20)/1000 -> 0 | G22: =D22*((Properties!$D$15-Properties!$D$19)-Properties!$D$8*(Properties!$D$20-Properties!$D$24)/1000) -> 0 | H22: =SUM(E22:G22) -> 0
... B681: 672 | C681: 0 | D681: =C681/(Properties!$D$16-Properties!$D$18) -> 0 | E681: =D681*Properties!$D$8*(Properties!$D$24-Properties!$D$23)/1000 -> 0 | F681: =E681*Properties!$D$8*(Properties!$D$21-Properties!$D$20)/1000 -> 0 | G681: =D681*((Properties!$D$15-Properties!$D$19)-Properties!$D$8*(Properties!$D$20-Properties!$D$24)/1000) -> 0 | H681: =SUM(E681:G681) -> 0

Sheet A15.3W35
C4: A15.3W35
C5: Home Heating Demand | D5: Refrig mass flow rate | E5: Exergy Destruction
C6: Qcond | D6: ṁ ref | E6: Expansion Valve | F6: Compressor | G6: Evaporator | H6: Total
B7: Total | C7: =SUM(C10:C681) -> 576.4937 | E7: =SUM(E10:E681) -> 5.1625561 | F7: =SUM(F10:F681) -> 98.656448 | G7: =SUM(G10:G681) -> 20.975191 | H7: =SUM(H10:H681) -> 124.79419
E8: =E7/$H$7 -> 0.04136856 | F8: =F7/$H$7 -> 0.79055318 | G8: =G7/$H$7 -> 0.16807826 | H8: =H7/$H$7 -> 1
B9: Hours | C9: kW | D9: kg/s | E9: kW | F9: kW | G9: kW | H9: kW
B10: 1 | C10: 0 | D10: =C10/(Properties!$E$16-Properties!$E$18) -> 0 | E10: =D10*Properties!$D$8*(Properties!$E$24-Properties!$E$23)/1000 -> 0 | F10: =E10*Properties!$D$8*(Properties!$E$21-Properties!$E$20)/1000 -> 0 | G10: =D10*((Properties!$E$15-Properties!$E$19)-Properties!$D$8*(Properties!$E$20-Properties!$E$24)/1000) -> 0 | H10: =SUM(E10:G10) -> 0
B11: 2 | C11: 0 | D11: =C11/(Properties!$E$16-Properties!$E$18) -> 0 | E11: =D11*Properties!$D$8*(Properties!$E$24-Properties!$E$23)/1000 -> 0 | F11: =E11*Properties!$D$8*(Properties!$E$21-Properties!$E$20)/1000 -> 0 | G11: =D11*((Properties!$E$15-Properties!$E$19)-Properties!$D$8*(Properties!$E$20-Properties!$E$24)/1000) -> 0 | H11: =SUM(E11:G11) -> 0
B12: 3 | C12: 0 | D12: =C12/(Properties!$E$16-Properties!$E$18) -> 0 | E12: =D12*Properties!$D$8*(Properties!$E$24-Properties!$E$23)/1000 -> 0 | F12: =E12*Properties!$D$8*(Properties!$E$21-Properties!$E$20)/1000 -> 0 | G12: =D12*((Properties!$E$15-Properties!$E$19)-Properties!$D$8*(Properties!$E$20-Properties!$E$24)/1000) -> 0 | H12: =SUM(E12:G12) -> 0
B13: 4 | C13: 0 | D13: =C13/(Properties!$E$16-Properties!$E$18) -> 0 | E13: =D13*Properties!$D$8*(Properties!$E$24-Properties!$E$23)/1000 -> 0 | F13: =E13*Properties!$D$8*(Properties!$E$21-Properties!$E$20)/1000 -> 0 | G13: =D13*((Properties!$E$15-Properties!$E$19)-Properties!$D$8*(Properties!$E$20-Properties!$E$24)/1000) -> 0 | H13: =SUM(E13:G13) -> 0
B14: 5 | C14: 0 | D14: =C14/(Properties!$E$16-Properties!$E$18) -> 0 | E14: =D14*Properties!$D$8*(Properties!$E$24-Properties!$E$23)/1000 -> 0 | F14: =E14*Properties!$D$8*(Properties!$E$21-Properties!$E$20)/1000 -> 0 | G14: =D14*((Properties!$E$15-Properties!$E$19)-Properties!$D$8*(Properties!$E$20-Properties!$E$24)/1000) -> 0 | H14: =SUM(E14:G14) -> 0
B15: 6 | C15: 0 | D15: =C15/(Properties!$E$16-Properties!$E$18) -> 0 | E15: =D15*Properties!$D$8*(Properties!$E$24-Properties!$E$23)/1000 -> 0 | F15: =E15*Properties!$D$8*(Properties!$E$21-Properties!$E$20)/1000 -> 0 | G15: =D15*((Properties!$E$15-Properties!$E$19)-Properties!$D$8*(Properties!$E$20-Properties!$E$24)/1000) -> 0 | H15: =SUM(E15:G15) -> 0
B16: 7 | C16: 1.8717328 | D16: =C16/(Properties!$E$16-Properties!$E$18) -> 0.0059609324 | E16: =D16*Properties!$D$8*(Properties!$E$24-Properties!$E$23)/1000 -> 0.016761546 | F16: =E16*Properties!$D$8*(Properties!$E$21-Properties!$E$20)/1000 -> 0.32031314 | G16: =D16*((Properties!$E$15-Properties!$E$19)-Properties!$D$8*(Properties!$E$20-Properties!$E$24)/1000) -> 0.068101269 | H16: =SUM(E16:G16) -> 0.40517596
B17: 8 | C17: 1.8717328 | D17: =C17/(Properties!$E$16-Properties!$E$18) -> 0.0059609324 | E17: =D17*Properties!$D$8*(Properties!$E$24-Properties!$E$23)/1000 -> 0.016761546 | F17: =E17*Properties!$D$8*(Properties!$E$21-Properties!$E$20)/1000 -> 0.32031314 | G17: =D17*((Properties!$E$15-Properties!$E$19)-Properties!$D$8*(Properties!$E$20-Properties!$E$24)/1000) -> 0.068101269 | H17: =SUM(E17:G17) -> 0.40517596
B18: 9 | C18: 0 | D18: =C18/(Properties!$E$16-Properties!$E$18) -> 0 | E18: =D18*Properties!$D$8*(Properties!$E$24-Properties!$E$23)/1000 -> 0 | F18: =E18*Properties!$D$8*(Properties!$E$21-Properties!$E$20)/1000 -> 0 | G18: =D18*((Properties!$E$15-Properties!$E$19)-Properties!$D$8*(Properties!$E$20-Properties!$E$24)/1000) -> 0 | H18: =SUM(E18:G18) -> 0
B19: 10 | C19: 0 | D19: =C19/(Properties!$E$16-Properties!$E$18) -> 0 | E19: =D19*Properties!$D$8*(Properties!$E$24-Properties!$E$23)/1000 -> 0 | F19: =E19*Properties!$D$8*(Properties!$E$21-Properties!$E$20)/1000 -> 0 | G19: =D19*((Properties!$E$15-Properties!$E$19)-Properties!$D$8*(Properties!$E$20-Properties!$E$24)/1000) -> 0 | H19: =SUM(E19:G19) -> 0
B20: 11 | C20: 0 | D20: =C20/(Properties!$E$16-Properties!$E$18) -> 0 | E20: =D20*Properties!$D$8*(Properties!$E$24-Properties!$E$23)/1000 -> 0 | F20: =E20*Properties!$D$8*(Properties!$E$21-Properties!$E$20)/1000 -> 0 | G20: =D20*((Properties!$E$15-Properties!$E$19)-Properties!$D$8*(Properties!$E$20-Properties!$E$24)/1000) -> 0 | H20: =SUM(E20:G20) -> 0
B21: 12 | C21: 0 | D21: =C21/(Properties!$E$16-Properties!$E$18) -> 0 | E21: =D21*Properties!$D$8*(Properties!$E$24-Properties!$E$23)/1000 -> 0 | F21: =E21*Properties!$D$8*(Properties!$E$21-Properties!$E$20)/1000 -> 0 | G21: =D21*((Properties!$E$15-Properties!$E$19)-Properties!$D$8*(Properties!$E$20-Properties!$E$24)/1000) -> 0 | H21: =SUM(E21:G21) -> 0
... B681: 672 | C681: 0 | D681: =C681/(Properties!$E$16-Properties!$E$18) -> 0 | E681: =D681*Properties!$D$8*(Properties!$E$24-Properties!$E$23)/1000 -> 0 | F681: =E681*Properties!$D$8*(Properties!$E$21-Properties!$E$20)/1000 -> 0 | G681: =D681*((Properties!$E$15-Properties!$E$19)-Properties!$D$8*(Properties!$E$20-Properties!$E$24)/1000) -> 0 | H681: =SUM(E681:G681) -> 0

Sheet A23W35
C4: A23W35
C5: Home Heating Demand | D5: Refrig mass flow rate | E5: Exergy Destruction
C6: Qcond | D6: ṁ | E6: Expansion Valve | F6: Compressor | G6: Evaporator | H6: Total
B7: Total | C7: =SUM(C10:C681) -> 101.5818 | E7: =SUM(E10:E681) -> 0.95980466 | F7: =SUM(F10:F681) -> 12.917915 | G7: =SUM(G10:G681) -> 6.1513652 | H7: =SUM(H10:H681) -> 20.029085
E8: =E7/$H$7 -> 0.047920545 | F8: =F7/$H$7 -> 0.64495782 | G8: =G7/$H$7 -> 0.30712163 | H8: =H7/$H$7 -> 1
B9: Hours | C9: kW | D9: kg/s | E9: kW | F9: kW | G9: kW | H9: kW
B10: 1 | C10: 0 | D10: =C10/(Properties!$F$16-Properties!$F$18) -> 0 | E10: =D10*Properties!$D$8*(Properties!$F$24-Properties!$F$23)/1000 -> 0 | F10: =E10*Properties!$D$8*(Properties!$F$21-Properties!$F$20)/1000 -> 0 | G10: =D10*((Properties!$F$15-Properties!$F$19)-Properties!$D$8*(Properties!$F$20-Properties!$F$24)/1000) -> 0 | H10: =SUM(E10:G10) -> 0
B11: 2 | C11: 0 | D11: =C11/(Properties!$F$16-Properties!$F$18) -> 0 | E11: =D11*Properties!$D$8*(Properties!$E$24-Properties!$E$23)/1000 -> 0 | F11: =E11*Properties!$D$8*(Properties!$F$21-Properties!$F$20)/1000 -> 0 | G11: =D11*((Properties!$F$15-Properties!$F$19)-Properties!$D$8*(Properties!$F$20-Properties!$F$24)/1000) -> 0 | H11: =SUM(E11:G11) -> 0
B12: 3 | C12: 0 | D12: =C12/(Properties!$F$16-Properties!$F$18) -> 0 | E12: =D12*Properties!$D$8*(Properties!$E$24-Properties!$E$23)/1000 -> 0 | F12: =E12*Properties!$D$8*(Properties!$F$21-Properties!$F$20)/1000 -> 0 | G12: =D12*((Properties!$F$15-Properties!$F$19)-Properties!$D$8*(Properties!$F$20-Properties!$F$24)/1000) -> 0 | H12: =SUM(E12:G12) -> 0
B13: 4 | C13: 0 | D13: =C13/(Properties!$F$16-Properties!$F$18) -> 0 | E13: =D13*Properties!$D$8*(Properties!$E$24-Properties!$E$23)/1000 -> 0 | F13: =E13*Properties!$D$8*(Properties!$F$21-Properties!$F$20)/1000 -> 0 | G13: =D13*((Properties!$F$15-Properties!$F$19)-Properties!$D$8*(Properties!$F$20-Properties!$F$24)/1000) -> 0 | H13: =SUM(E13:G13) -> 0
B14: 5 | C14: 0 | D14: =C14/(Properties!$F$16-Properties!$F$18) -> 0 | E14: =D14*Properties!$D$8*(Properties!$E$24-Properties!$E$23)/1000 -> 0 | F14: =E14*Properties!$D$8*(Properties!$F$21-Properties!$F$20)/1000 -> 0 | G14: =D14*((Properties!$F$15-Properties!$F$19)-Properties!$D$8*(Properties!$F$20-Properties!$F$24)/1000) -> 0 | H14: =SUM(E14:G14) -> 0
B15: 6 | C15: 0 | D15: =C15/(Properties!$F$16-Properties!$F$18) -> 0 | E15: =D15*Properties!$D$8*(Properties!$E$24-Properties!$E$23)/1000 -> 0 | F15: =E15*Properties!$D$8*(Properties!$F$21-Properties!$F$20)/1000 -> 0 | G15: =D15*((Properties!$F$15-Properties!$F$19)-Properties!$D$8*(Properties!$F$20-Properties!$F$24)/1000) -> 0 | H15: =SUM(E15:G15) -> 0
B16: 7 | C16: 0.32981104 | D16: =C16/(Properties!$F$16-Properties!$F$18) -> 0.001108236 | E16: =D16*Properties!$D$8*(Properties!$E$24-Properties!$E$23)/1000 -> 0.0031162489 | F16: =E16*Properties!$D$8*(Properties!$F$21-Properties!$F$20)/1000 -> 0.041941282 | G16: =D16*((Properties!$F$15-Properties!$F$19)-Properties!$D$8*(Properties!$F$20-Properties!$F$24)/1000) -> 0.019971965 | H16: =SUM(E16:G16) -> 0.065029496
B17: 8 | C17: 0.32981104 | D17: =C17/(Properties!$F$16-Properties!$F$18) -> 0.001108236 | E17: =D17*Properties!$D$8*(Properties!$E$24-Properties!$E$23)/1000 -> 0.0031162489 | F17: =E17*Properties!$D$8*(Properties!$F$21-Properties!$F$20)/1000 -> 0.041941282 | G17: =D17*((Properties!$F$15-Properties!$F$19)-Properties!$D$8*(Properties!$F$20-Properties!$F$24)/1000) -> 0.019971965 | H17: =SUM(E17:G17) -> 0.065029496
B18: 9 | C18: 0 | D18: =C18/(Properties!$F$16-Properties!$F$18) -> 0 | E18: =D18*Properties!$D$8*(Properties!$E$24-Properties!$E$23)/1000 -> 0 | F18: =E18*Properties!$D$8*(Properties!$F$21-Properties!$F$20)/1000 -> 0 | G18: =D18*((Properties!$F$15-Properties!$F$19)-Properties!$D$8*(Properties!$F$20-Properties!$F$24)/1000) -> 0 | H18: =SUM(E18:G18) -> 0
B19: 10 | C19: 0 | D19: =C19/(Properties!$F$16-Properties!$F$18) -> 0 | E19: =D19*Properties!$D$8*(Properties!$E$24-Properties!$E$23)/1000 -> 0 | F19: =E19*Properties!$D$8*(Properties!$F$21-Properties!$F$20)/1000 -> 0 | G19: =D19*((Properties!$F$15-Properties!$F$19)-Properties!$D$8*(Properties!$F$20-Properties!$F$24)/1000) -> 0 | H19: =SUM(E19:G19) -> 0
B20: 11 | C20: 0 | D20: =C20/(Properties!$F$16-Properties!$F$18) -> 0 | E20: =D20*Properties!$D$8*(Properties!$E$24-Properties!$E$23)/1000 -> 0 | F20: =E20*Properties!$D$8*(Properties!$F$21-Properties!$F$20)/1000 -> 0 | G20: =D20*((Properties!$F$15-Properties!$F$19)-Properties!$D$8*(Properties!$F$20-Properties!$F$24)/1000) -> 0 | H20: =SUM(E20:G20) -> 0
B21: 12 | C21: 0 | D21: =C21/(Properties!$F$16-Properties!$F$18) -> 0 | E21: =D21*Properties!$D$8*(Properties!$E$24-Properties!$E$23)/1000 -> 0 | F21: =E21*Properties!$D$8*(Properties!$F$21-Properties!$F$20)/1000 -> 0 | G21: =D21*((Properties!$F$15-Properties!$F$19)-Properties!$D$8*(Properties!$F$20-Properties!$F$24)/1000) -> 0 | H21: =SUM(E21:G21) -> 0
B22: 13 | C22: 0 | D22: =C22/(Properties!$F$16-Properties!$F$18) -> 0 | E22: =D22*Properties!$D$8*(Properties!$E$24-Properties!$E$23)/1000 -> 0 | F22: =E22*Properties!$D$8*(Properties!$F$21-Properties!$F$20)/1000 -> 0 | G22: =D22*((Properties!$F$15-Properties!$F$19)-Properties!$D$8*(Properties!$F$20-Properties!$F$24)/1000) -> 0 | H22: =SUM(E22:G22) -> 0
... B681: 672 | C681: 0 | D681: =C681/(Properties!$F$16-Properties!$F$18) -> 0 | E681: =D681*Properties!$D$8*(Properties!$E$24-Properties!$E$23)/1000 -> 0 | F681: =E681*Properties!$D$8*(Properties!$F$21-Properties!$F$20)/1000 -> 0 | G681: =D681*((Properties!$F$15-Properties!$F$19)-Properties!$D$8*(Properties!$F$20-Properties!$F$24)/1000) -> 0 | H681: =SUM(E681:G681) -> 0
