Workbook

Sheet Properties
A2: Refrigerant | C2: R32
A3: Data source | C3: tlk-energy.de pressure-enthalpy
A4: Compressor Efficiency | C4: 0.8
A5: Superheating | B5: K | C5: 6
A6: Subcooling | B6: K | C6: 5
A7: T0 | B7: K | C7: 273
A8: Tcond, h | B8: ºC | C8: 30 | D8: =C8+273 -> 303
A11: h1 | B11: kJ/kg | C11: 525.4
A12: h2,act | B12: kJ/kg | C12: 552.2
A13: h3 | B13: kJ/kg | C13: 245.5
A14: h4 | B14: kJ/kg | C14: 245.5
A15: s1 | B15: J/kg.K | C15: 2146
A16: s2,act | B16: J/kg.K | C16: 2162.9
A17: s3 | B17: J/kg.K | C17: 1155.4
A18: s4 | B18: J/kg.K | C18: 1160.8

Sheet Winter
C2: Winter
C3: Hot Sink | F3: Cold Sink
C4: Condenser Duty | D4: Refrig mass flow rate | E4: Exdest.cond | F4: Condenser Duty | G4: Refrig mass flow rate | H4: =E4 -> Exdest.cond | I4: =H4 -> Exdest.cond
C5: Qcond,h | D5: ṁ ref | E5: Condenser | F5: Qcond,c | G5: ṁ ref | H5: Condenser | I5: Total
B6: Total | C6: =SUM(C8:C679) -> 2286227 | E6: =SUM(E8:E679) -> 9587.4188 | F6: =SUM(F8:F679) -> 339293.7 | H6: =SUM(H8:H679) -> 1422.8468 | I6: =H6+E6 -> 11010.266
B7: Hours | C7: kW | D7: kg/s | E7: kW | F7: kW | G7: kg/s | H7: kW
B8: 1 | C8: 2524.5 | D8: =C8/(Properties!$C$12-Properties!$C$13) -> 8.2311705 | E8: =D8*((Properties!$C$12-Properties!$C$13)-Properties!$C$7*(Properties!$C$16-Properties!$C$17)/1000)-C8*(1-Properties!$C$7/Properties!$D$8) -> 10.58663 | F8: 0 | G8: =F8/(Properties!$C$12-Properties!$C$13) -> 0 | H8: =G8*((Properties!$C$12-Properties!$C$13)-Properties!$C$7*(Properties!$C$16-Properties!$C$17)/1000)-F8*(1-Properties!$C$7/Properties!$D$8) -> 0
B9: 2 | C9: 2376 | D9: =C9/(Properties!$C$12-Properties!$C$13) -> 7.746984 | E9: =D9*((Properties!$C$12-Properties!$C$13)-Properties!$C$7*(Properties!$C$16-Properties!$C$17)/1000)-C9*(1-Properties!$C$7/Properties!$D$8) -> 9.9638871 | F9: 0 | G9: =F9/(Properties!$C$12-Properties!$C$13) -> 0 | H9: =G9*((Properties!$C$12-Properties!$C$13)-Properties!$C$7*(Properties!$C$16-Properties!$C$17)/1000)-F9*(1-Properties!$C$7/Properties!$D$8) -> 0
B10: 3 | C10: 2524.5 | D10: =C10/(Properties!$C$12-Properties!$C$13) -> 8.2311705 | E10: =D10*((Properties!$C$12-Properties!$C$13)-Properties!$C$7*(Properties!$C$16-Properties!$C$17)/1000)-C10*(1-Properties!$C$7/Properties!$D$8) -> 10.58663 | F10: 0 | G10: =F10/(Properties!$C$12-Properties!$C$13) -> 0 | H10: =G10*((Properties!$C$12-Properties!$C$13)-Properties!$C$7*(Properties!$C$16-Properties!$C$17)/1000)-F10*(1-Properties!$C$7/Properties!$D$8) -> 0
B11: 4 | C11: 2673 | D11: =C11/(Properties!$C$12-Properties!$C$13) -> 8.715357 | E11: =D11*((Properties!$C$12-Properties!$C$13)-Properties!$C$7*(Properties!$C$16-Properties!$C$17)/1000)-C11*(1-Properties!$C$7/Properties!$D$8) -> 11.209373 | F11: 0 | G11: =F11/(Properties!$C$12-Properties!$C$13) -> 0 | H11: =G11*((Properties!$C$12-Properties!$C$13)-Properties!$C$7*(Properties!$C$16-Properties!$C$17)/1000)-F11*(1-Properties!$C$7/Properties!$D$8) -> 0
B12: 5 | C12: 3044.25 | D12: =C12/(Properties!$C$12-Properties!$C$13) -> 9.9258233 | E12: =D12*((Properties!$C$12-Properties!$C$13)-Properties!$C$7*(Properties!$C$16-Properties!$C$17)/1000)-C12*(1-Properties!$C$7/Properties!$D$8) -> 12.76623 | F12: 0 | G12: =F12/(Properties!$C$12-Properties!$C$13) -> 0 | H12: =G12*((Properties!$C$12-Properties!$C$13)-Properties!$C$7*(Properties!$C$16-Properties!$C$17)/1000)-F12*(1-Properties!$C$7/Properties!$D$8) -> 0
B13: 6 | C13: 3267 | D13: =C13/(Properties!$C$12-Properties!$C$13) -> 10.652103 | E13: =D13*((Properties!$C$12-Properties!$C$13)-Properties!$C$7*(Properties!$C$16-Properties!$C$17)/1000)-C13*(1-Properties!$C$7/Properties!$D$8) -> 13.700345 | F13: 0 | G13: =F13/(Properties!$C$12-Properties!$C$13) -> 0 | H13: =G13*((Properties!$C$12-Properties!$C$13)-Properties!$C$7*(Properties!$C$16-Properties!$C$17)/1000)-F13*(1-Properties!$C$7/Properties!$D$8) -> 0
B14: 7 | C14: 3489.75 | D14: =C14/(Properties!$C$12-Properties!$C$13) -> 11.378383 | E14: =D14*((Properties!$C$12-Properties!$C$13)-Properties!$C$7*(Properties!$C$16-Properties!$C$17)/1000)-C14*(1-Properties!$C$7/Properties!$D$8) -> 14.634459 | F14: 0 | G14: =F14/(Properties!$C$12-Properties!$C$13) -> 0 | H14: =G14*((Properties!$C$12-Properties!$C$13)-Properties!$C$7*(Properties!$C$16-Properties!$C$17)/1000)-F14*(1-Properties!$C$7/Properties!$D$8) -> 0
B15: 8 | C15: 3712.5 | D15: =C15/(Properties!$C$12-Properties!$C$13) -> 12.104663 | E15: =D15*((Properties!$C$12-Properties!$C$13)-Properties!$C$7*(Properties!$C$16-Properties!$C$17)/1000)-C15*(1-Properties!$C$7/Properties!$D$8) -> 15.568574 | F15: 0 | G15: =F15/(Properties!$C$12-Properties!$C$13) -> 0 | H15: =G15*((Properties!$C$12-Properties!$C$13)-Properties!$C$7*(Properties!$C$16-Properties!$C$17)/1000)-F15*(1-Properties!$C$7/Properties!$D$8) -> 0
B16: 9 | C16: 3732.6611 | D16: =C16/(Properties!$C$12-Properties!$C$13) -> 12.170398 | E16: =D16*((Properties!$C$12-Properties!$C$13)-Properties!$C$7*(Properties!$C$16-Properties!$C$17)/1000)-C16*(1-Properties!$C$7/Properties!$D$8) -> 15.65312 | F16: 202.58889 | G16: =F16/(Properties!$C$12-Properties!$C$13) -> 0.66054416 | H16: =G16*((Properties!$C$12-Properties!$C$13)-Properties!$C$7*(Properties!$C$16-Properties!$C$17)/1000)-F16*(1-Properties!$C$7/Properties!$D$8) -> 0.8495677
B17: 10 | C17: 3726.13 | D17: =C17/(Properties!$C$12-Properties!$C$13) -> 12.149103 | E17: =D17*((Properties!$C$12-Properties!$C$13)-Properties!$C$7*(Properties!$C$16-Properties!$C$17)/1000)-C17*(1-Properties!$C$7/Properties!$D$8) -> 15.625732 | F17: 431.86998 | G17: =F17/(Properties!$C$12-Properties!$C$13) -> 1.4081186 | H17: =G17*((Properties!$C$12-Properties!$C$13)-Properties!$C$7*(Properties!$C$16-Properties!$C$17)/1000)-F17*(1-Properties!$C$7/Properties!$D$8) -> 1.8110706
B18: 11 | C18: 3719.6339 | D18: =C18/(Properties!$C$12-Properties!$C$13) -> 12.127923 | E18: =D18*((Properties!$C$12-Properties!$C$13)-Properties!$C$7*(Properties!$C$16-Properties!$C$17)/1000)-C18*(1-Properties!$C$7/Properties!$D$8) -> 15.59849 | F18: 661.11615 | G18: =F18/(Properties!$C$12-Properties!$C$13) -> 2.1555792 | H18: =G18*((Properties!$C$12-Properties!$C$13)-Properties!$C$7*(Properties!$C$16-Properties!$C$17)/1000)-F18*(1-Properties!$C$7/Properties!$D$8) -> 2.772427
B19: 12 | C19: 3713.1725 | D19: =C19/(Properties!$C$12-Properties!$C$13) -> 12.106855 | E19: =D19*((Properties!$C$12-Properties!$C$13)-Properties!$C$7*(Properties!$C$16-Properties!$C$17)/1000)-C19*(1-Properties!$C$7/Properties!$D$8) -> 15.571394 | F19: 890.32751 | G19: =F19/(Properties!$C$12-Properties!$C$13) -> 2.9029263 | H19: =G19*((Properties!$C$12-Properties!$C$13)-Properties!$C$7*(Properties!$C$16-Properties!$C$17)/1000)-F19*(1-Properties!$C$7/Properties!$D$8) -> 3.7336375
... B679: 672 | C679: 3267 | D679: =C679/(Properties!$C$12-Properties!$C$13) -> 10.652103 | E679: =D679*((Properties!$C$12-Properties!$C$13)-Properties!$C$7*(Properties!$C$16-Properties!$C$17)/1000)-C679*(1-Properties!$C$7/Properties!$D$8) -> 13.700345 | F679: 0 | G679: =F679/(Properties!$C$12-Properties!$C$13) -> 0 | H679: =G679*((Properties!$C$12-Properties!$C$13)-Properties!$C$7*(Properties!$C$16-Properties!$C$17)/1000)-F679*(1-Properties!$C$7/Properties!$D$8) -> 0
F680: 339293.7

Sheet Spring Autumn
C2: Spring/Autumn
C3: Hot Sink | F3: Cold Sink
C4: Condenser Duty | D4: Refrig mass flow rate | F4: Condenser Duty | G4: Refrig mass flow rate
C5: Qcond,h | D5: ṁ ref | E5: Condenser | F5: Qcond,c | G5: ṁ ref | H5: Condenser | I5: Total
B6: Total | C6: =SUM(C8:C679) -> 2182261.2 | E6: =SUM(E8:E679) -> 9151.4326 | F6: =SUM(F8:F679) -> 640290.52 | H6: =SUM(H8:H679) -> 2685.0936 | I6: =H6+E6 -> 11836.526
B7: Hours | C7: kW | D7: kg/s | E7: kW | F7: kW | G7: kg/s | H7: kW
B8: 1 | C8: 2713.95 | D8: =C8/(Properties!$C$12-Properties!$C$13) -> 8.8488751 | E8: =D8*((Properties!$C$12-Properties!$C$13)-Properties!$C$7*(Properties!$C$16-Properties!$C$17)/1000)-C8*(1-Properties!$C$7/Properties!$D$8) -> 11.381099 | F8: 0 | G8: =F8/(Properties!$C$12-Properties!$C$13) -> 0 | H8: =G8*((Properties!$C$12-Properties!$C$13)-Properties!$C$7*(Properties!$C$16-Properties!$C$17)/1000)-F8*(1-Properties!$C$7/Properties!$D$8) -> 0
B9: 2 | C9: 2554.3059 | D9: =C9/(Properties!$C$12-Properties!$C$13) -> 8.328353 | E9: =D9*((Properties!$C$12-Properties!$C$13)-Properties!$C$7*(Properties!$C$16-Properties!$C$17)/1000)-C9*(1-Properties!$C$7/Properties!$D$8) -> 10.711623 | F9: 0 | G9: =F9/(Properties!$C$12-Properties!$C$13) -> 0 | H9: =G9*((Properties!$C$12-Properties!$C$13)-Properties!$C$7*(Properties!$C$16-Properties!$C$17)/1000)-F9*(1-Properties!$C$7/Properties!$D$8) -> 0
B10: 3 | C10: 2713.95 | D10: =C10/(Properties!$C$12-Properties!$C$13) -> 8.8488751 | E10: =D10*((Properties!$C$12-Properties!$C$13)-Properties!$C$7*(Properties!$C$16-Properties!$C$17)/1000)-C10*(1-Properties!$C$7/Properties!$D$8) -> 11.381099 | F10: 0 | G10: =F10/(Properties!$C$12-Properties!$C$13) -> 0 | H10: =G10*((Properties!$C$12-Properties!$C$13)-Properties!$C$7*(Properties!$C$16-Properties!$C$17)/1000)-F10*(1-Properties!$C$7/Properties!$D$8) -> 0
B11: 4 | C11: 2873.5941 | D11: =C11/(Properties!$C$12-Properties!$C$13) -> 9.3693971 | E11: =D11*((Properties!$C$12-Properties!$C$13)-Properties!$C$7*(Properties!$C$16-Properties!$C$17)/1000)-C11*(1-Properties!$C$7/Properties!$D$8) -> 12.050575 | F11: 0 | G11: =F11/(Properties!$C$12-Properties!$C$13) -> 0 | H11: =G11*((Properties!$C$12-Properties!$C$13)-Properties!$C$7*(Properties!$C$16-Properties!$C$17)/1000)-F11*(1-Properties!$C$7/Properties!$D$8) -> 0
B12: 5 | C12: 3272.7044 | D12: =C12/(Properties!$C$12-Properties!$C$13) -> 10.670702 | E12: =D12*((Properties!$C$12-Properties!$C$13)-Properties!$C$7*(Properties!$C$16-Properties!$C$17)/1000)-C12*(1-Properties!$C$7/Properties!$D$8) -> 13.724266 | F12: 0 | G12: =F12/(Properties!$C$12-Properties!$C$13) -> 0 | H12: =G12*((Properties!$C$12-Properties!$C$13)-Properties!$C$7*(Properties!$C$16-Properties!$C$17)/1000)-F12*(1-Properties!$C$7/Properties!$D$8) -> 0
B13: 6 | C13: 3512.1706 | D13: =C13/(Properties!$C$12-Properties!$C$13) -> 11.451485 | E13: =D13*((Properties!$C$12-Properties!$C$13)-Properties!$C$7*(Properties!$C$16-Properties!$C$17)/1000)-C13*(1-Properties!$C$7/Properties!$D$8) -> 14.728481 | F13: 0 | G13: =F13/(Properties!$C$12-Properties!$C$13) -> 0 | H13: =G13*((Properties!$C$12-Properties!$C$13)-Properties!$C$7*(Properties!$C$16-Properties!$C$17)/1000)-F13*(1-Properties!$C$7/Properties!$D$8) -> 0
B14: 7 | C14: 3718.4927 | D14: =C14/(Properties!$C$12-Properties!$C$13) -> 12.124202 | E14: =D14*((Properties!$C$12-Properties!$C$13)-Properties!$C$7*(Properties!$C$16-Properties!$C$17)/1000)-C14*(1-Properties!$C$7/Properties!$D$8) -> 15.593704 | F14: 33.144016 | G14: =F14/(Properties!$C$12-Properties!$C$13) -> 0.10806657 | H14: =G14*((Properties!$C$12-Properties!$C$13)-Properties!$C$7*(Properties!$C$16-Properties!$C$17)/1000)-F14*(1-Properties!$C$7/Properties!$D$8) -> 0.13899126
B15: 8 | C15: 3717.5067 | D15: =C15/(Properties!$C$12-Properties!$C$13) -> 12.120987 | E15: =D15*((Properties!$C$12-Properties!$C$13)-Properties!$C$7*(Properties!$C$16-Properties!$C$17)/1000)-C15*(1-Properties!$C$7/Properties!$D$8) -> 15.589569 | F15: 273.59623 | G15: =F15/(Properties!$C$12-Properties!$C$13) -> 0.89206467 | H15: =G15*((Properties!$C$12-Properties!$C$13)-Properties!$C$7*(Properties!$C$16-Properties!$C$17)/1000)-F15*(1-Properties!$C$7/Properties!$D$8) -> 1.1473409
B16: 9 | C16: 3712.4356 | D16: =C16/(Properties!$C$12-Properties!$C$13) -> 12.104452 | E16: =D16*((Properties!$C$12-Properties!$C$13)-Properties!$C$7*(Properties!$C$16-Properties!$C$17)/1000)-C16*(1-Properties!$C$7/Properties!$D$8) -> 15.568303 | F16: 518.13353 | G16: =F16/(Properties!$C$12-Properties!$C$13) -> 1.6893822 | H16: =G16*((Properties!$C$12-Properties!$C$13)-Properties!$C$7*(Properties!$C$16-Properties!$C$17)/1000)-F16*(1-Properties!$C$7/Properties!$D$8) -> 2.1728215
B17: 10 | C17: 3705.1105 | D17: =C17/(Properties!$C$12-Properties!$C$13) -> 12.080569 | E17: =D17*((Properties!$C$12-Properties!$C$13)-Properties!$C$7*(Properties!$C$16-Properties!$C$17)/1000)-C17*(1-Properties!$C$7/Properties!$D$8) -> 15.537585 | F17: 764.92471 | G17: =F17/(Properties!$C$12-Properties!$C$13) -> 2.4940486 | H17: =G17*((Properties!$C$12-Properties!$C$13)-Properties!$C$7*(Properties!$C$16-Properties!$C$17)/1000)-F17*(1-Properties!$C$7/Properties!$D$8) -> 3.207754
B18: 11 | C18: 3697.8219 | D18: =C18/(Properties!$C$12-Properties!$C$13) -> 12.056804 | E18: =D18*((Properties!$C$12-Properties!$C$13)-Properties!$C$7*(Properties!$C$16-Properties!$C$17)/1000)-C18*(1-Properties!$C$7/Properties!$D$8) -> 15.50702 | F18: 1011.6796 | G18: =F18/(Properties!$C$12-Properties!$C$13) -> 3.2985966 | H18: =G18*((Properties!$C$12-Properties!$C$13)-Properties!$C$7*(Properties!$C$16-Properties!$C$17)/1000)-F18*(1-Properties!$C$7/Properties!$D$8) -> 4.2425341
B19: 12 | C19: 3690.5694 | D19: =C19/(Properties!$C$12-Properties!$C$13) -> 12.033157 | E19: =D19*((Properties!$C$12-Properties!$C$13)-Properties!$C$7*(Properties!$C$16-Properties!$C$17)/1000)-C19*(1-Properties!$C$7/Properties!$D$8) -> 15.476606 | F19: 1258.3982 | G19: =F19/(Properties!$C$12-Properties!$C$13) -> 4.1030265 | H19: =G19*((Properties!$C$12-Properties!$C$13)-Properties!$C$7*(Properties!$C$16-Properties!$C$17)/1000)-F19*(1-Properties!$C$7/Properties!$D$8) -> 5.2771624
... B679: 672 | C679: 3512.1706 | D679: =C679/(Properties!$C$12-Properties!$C$13) -> 11.451485 | E679: =D679*((Properties!$C$12-Properties!$C$13)-Properties!$C$7*(Properties!$C$16-Properties!$C$17)/1000)-C679*(1-Properties!$C$7/Properties!$D$8) -> 14.728481 | F679: 0 | G679: =F679/(Properties!$C$12-Properties!$C$13) -> 0 | H679: =G679*((Properties!$C$12-Properties!$C$13)-Properties!$C$7*(Properties!$C$16-Properties!$C$17)/1000)-F679*(1-Properties!$C$7/Properties!$D$8) -> 0
C680: 2182261.2 | F680: 640290.52

Sheet Summer
C2: Summer
C3: Hot Sink | F3: Cold Sink
C4: Condenser Duty | D4: Refrig mass flow rate | F4: Condenser Duty | G4: Refrig mass flow rate | H4: Exdest.cond
C5: Qcond,h | D5: ṁ ref | E5: Condenser | F5: Qcond,c | G5: ṁ ref | H5: Condenser
B6: Total | C6: =SUM(C8:C679) -> 1999013.7 | E6: =SUM(E8:E679) -> 8382.9743 | F6: =SUM(F8:F679) -> 1028261 | H6: =SUM(H8:H679) -> 4312.069 | I6: =H6+E6 -> 12695.043
B7: Hours | C7: kW | D7: kg/s | E7: kW | F7: kW | G7: kg/s | H7: kW
B8: 1 | C8: 2910.796 | D8: =C8/(Properties!$C$12-Properties!$C$13) -> 9.4906944 | E8: =D8*((Properties!$C$12-Properties!$C$13)-Properties!$C$7*(Properties!$C$16-Properties!$C$17)/1000)-C8*(1-Properties!$C$7/Properties!$D$8) -> 12.206583 | F8: 0 | G8: =F8/(Properties!$C$12-Properties!$C$13) -> 0 | H8: =G8*((Properties!$C$12-Properties!$C$13)-Properties!$C$7*(Properties!$C$16-Properties!$C$17)/1000)-F8*(1-Properties!$C$7/Properties!$D$8) -> 0
B9: 2 | C9: 2739.5727 | D9: =C9/(Properties!$C$12-Properties!$C$13) -> 8.9324182 | E9: =D9*((Properties!$C$12-Properties!$C$13)-Properties!$C$7*(Properties!$C$16-Properties!$C$17)/1000)-C9*(1-Properties!$C$7/Properties!$D$8) -> 11.488549 | F9: 0 | G9: =F9/(Properties!$C$12-Properties!$C$13) -> 0 | H9: =G9*((Properties!$C$12-Properties!$C$13)-Properties!$C$7*(Properties!$C$16-Properties!$C$17)/1000)-F9*(1-Properties!$C$7/Properties!$D$8) -> 0
B10: 3 | C10: 2910.796 | D10: =C10/(Properties!$C$12-Properties!$C$13) -> 9.4906944 | E10: =D10*((Properties!$C$12-Properties!$C$13)-Properties!$C$7*(Properties!$C$16-Properties!$C$17)/1000)-C10*(1-Properties!$C$7/Properties!$D$8) -> 12.206583 | F10: 0 | G10: =F10/(Properties!$C$12-Properties!$C$13) -> 0 | H10: =G10*((Properties!$C$12-Properties!$C$13)-Properties!$C$7*(Properties!$C$16-Properties!$C$17)/1000)-F10*(1-Properties!$C$7/Properties!$D$8) -> 0
B11: 4 | C11: 3082.0192 | D11: =C11/(Properties!$C$12-Properties!$C$13) -> 10.04897 | E11: =D11*((Properties!$C$12-Properties!$C$13)-Properties!$C$7*(Properties!$C$16-Properties!$C$17)/1000)-C11*(1-Properties!$C$7/Properties!$D$8) -> 12.924618 | F11: 0 | G11: =F11/(Properties!$C$12-Properties!$C$13) -> 0 | H11: =G11*((Properties!$C$12-Properties!$C$13)-Properties!$C$7*(Properties!$C$16-Properties!$C$17)/1000)-F11*(1-Properties!$C$7/Properties!$D$8) -> 0
B12: 5 | C12: 3510.0775 | D12: =C12/(Properties!$C$12-Properties!$C$13) -> 11.444661 | E12: =D12*((Properties!$C$12-Properties!$C$13)-Properties!$C$7*(Properties!$C$16-Properties!$C$17)/1000)-C12*(1-Properties!$C$7/Properties!$D$8) -> 14.719704 | F12: 0 | G12: =F12/(Properties!$C$12-Properties!$C$13) -> 0 | H12: =G12*((Properties!$C$12-Properties!$C$13)-Properties!$C$7*(Properties!$C$16-Properties!$C$17)/1000)-F12*(1-Properties!$C$7/Properties!$D$8) -> 0
B13: 6 | C13: 3720.8569 | D13: =C13/(Properties!$C$12-Properties!$C$13) -> 12.13191 | E13: =D13*((Properties!$C$12-Properties!$C$13)-Properties!$C$7*(Properties!$C$16-Properties!$C$17)/1000)-C13*(1-Properties!$C$7/Properties!$D$8) -> 15.603618 | F13: 46.05555 | G13: =F13/(Properties!$C$12-Properties!$C$13) -> 0.15016482 | H13: =G13*((Properties!$C$12-Properties!$C$13)-Properties!$C$7*(Properties!$C$16-Properties!$C$17)/1000)-F13*(1-Properties!$C$7/Properties!$D$8) -> 0.19313649
B14: 7 | C14: 3713.486 | D14: =C14/(Properties!$C$12-Properties!$C$13) -> 12.107877 | E14: =D14*((Properties!$C$12-Properties!$C$13)-Properties!$C$7*(Properties!$C$16-Properties!$C$17)/1000)-C14*(1-Properties!$C$7/Properties!$D$8) -> 15.572708 | F14: 310.26134 | G14: =F14/(Properties!$C$12-Properties!$C$13) -> 1.0116118 | H14: =G14*((Properties!$C$12-Properties!$C$13)-Properties!$C$7*(Properties!$C$16-Properties!$C$17)/1000)-F14*(1-Properties!$C$7/Properties!$D$8) -> 1.301098
B15: 8 | C15: 3706.1516 | D15: =C15/(Properties!$C$12-Properties!$C$13) -> 12.083964 | E15: =D15*((Properties!$C$12-Properties!$C$13)-Properties!$C$7*(Properties!$C$16-Properties!$C$17)/1000)-C15*(1-Properties!$C$7/Properties!$D$8) -> 15.541951 | F15: 574.43064 | G15: =F15/(Properties!$C$12-Properties!$C$13) -> 1.8729398 | H15: =G15*((Properties!$C$12-Properties!$C$13)-Properties!$C$7*(Properties!$C$16-Properties!$C$17)/1000)-F15*(1-Properties!$C$7/Properties!$D$8) -> 2.4089066
B16: 9 | C16: 3698.8536 | D16: =C16/(Properties!$C$12-Properties!$C$13) -> 12.060168 | E16: =D16*((Properties!$C$12-Properties!$C$13)-Properties!$C$7*(Properties!$C$16-Properties!$C$17)/1000)-C16*(1-Properties!$C$7/Properties!$D$8) -> 15.511347 | F16: 838.56359 | G16: =F16/(Properties!$C$12-Properties!$C$13) -> 2.7341493 | H16: =G16*((Properties!$C$12-Properties!$C$13)-Properties!$C$7*(Properties!$C$16-Properties!$C$17)/1000)-F16*(1-Properties!$C$7/Properties!$D$8) -> 3.5165627
B17: 10 | C17: 3691.5919 | D17: =C17/(Properties!$C$12-Properties!$C$13) -> 12.036491 | E17: =D17*((Properties!$C$12-Properties!$C$13)-Properties!$C$7*(Properties!$C$16-Properties!$C$17)/1000)-C17*(1-Properties!$C$7/Properties!$D$8) -> 15.480894 | F17: 1102.6603 | G17: =F17/(Properties!$C$12-Properties!$C$13) -> 3.5952406 | H17: =G17*((Properties!$C$12-Properties!$C$13)-Properties!$C$7*(Properties!$C$16-Properties!$C$17)/1000)-F17*(1-Properties!$C$7/Properties!$D$8) -> 4.6240668
B18: 11 | C18: 3684.3662 | D18: =C18/(Properties!$C$12-Properties!$C$13) -> 12.012932 | E18: =D18*((Properties!$C$12-Properties!$C$13)-Properties!$C$7*(Properties!$C$16-Properties!$C$17)/1000)-C18*(1-Properties!$C$7/Properties!$D$8) -> 15.450593 | F18: 1366.7209 | G18: =F18/(Properties!$C$12-Properties!$C$13) -> 4.4562142 | H18: =G18*((Properties!$C$12-Properties!$C$13)-Properties!$C$7*(Properties!$C$16-Properties!$C$17)/1000)-F18*(1-Properties!$C$7/Properties!$D$8) -> 5.7314195
B19: 12 | C19: 3677.1765 | D19: =C19/(Properties!$C$12-Properties!$C$13) -> 11.98949 | E19: =D19*((Properties!$C$12-Properties!$C$13)-Properties!$C$7*(Properties!$C$16-Properties!$C$17)/1000)-C19*(1-Properties!$C$7/Properties!$D$8) -> 15.420443 | F19: 1630.7455 | G19: =F19/(Properties!$C$12-Properties!$C$13) -> 5.3170704 | H19: =G19*((Properties!$C$12-Properties!$C$13)-Properties!$C$7*(Properties!$C$16-Properties!$C$17)/1000)-F19*(1-Properties!$C$7/Properties!$D$8) -> 6.8386212
... B679: 672 | C679: 3049.7384 | D679: =C679/(Properties!$C$12-Properties!$C$13) -> 9.9437184 | E679: =D679*((Properties!$C$12-Properties!$C$13)-Properties!$C$7*(Properties!$C$16-Properties!$C$17)/1000)-C679*(1-Properties!$C$7/Properties!$D$8) -> 12.789246 | F679: 717.17398 | G679: =F679/(Properties!$C$12-Properties!$C$13) -> 2.3383566 | H679: =G679*((Properties!$C$12-Properties!$C$13)-Properties!$C$7*(Properties!$C$16-Properties!$C$17)/1000)-F679*(1-Properties!$C$7/Properties!$D$8) -> 3.0075086
F680: 339293.7
