Workbook

Sheet Large ASHP
B2: Refrigerant | D2: R32
B3: Data source | D3: tlk-energy.de pressure-enthalpy
B4: T0 | C4: K | D4: 273
D6: Hot Sink ASHP | G6: Cold Sink ASHP
D7: Winter | E7: Spring/Autumn | F7: Summer | G7: Winter | H7: Spring/Autumn | I7: Summer
B8: Rating condition | D8: A7W20 | E8: A15.3W20 | F8: A23W20* | G8: A7W10 | H8: A15.3W10* | I8: A23W10*
B9: Compressor Efficiency | D9: 0.8 | E9: =D9 -> 0.8 | F9: =E9 -> 0.8 | G9: =F9 -> 0.8 | H9: =G9 -> 0.8 | I9: =H9 -> 0.8 | J9: Add source
B10: Superheating | C10: K | D10: 6 | E10: 6 | F10: 6 | G10: 6 | H10: 6 | I10: 6
B11: Subcooling | C11: K | D11: 5 | E11: 5 | F11: 5 | G11: 5 | H11: 5 | I11: 5
B13: CoP | D13: 6.4 | E13: 8 | F13: 9.6* | G13: 7.2 | H13: 8.9* | I13: 10.7*
B14: COPcarnot | D14: =(D19+273)/((D19+273)-(D20+273)) -> 14.190476 | E14: =(E19+273)/((E19+273)-(E20+273)) -> 23.464567 | F14: =(F19+273)/((F19+273)-(F20+273)) -> 59.6
F15: * Ambient temp > sink temp. HP operation replaced with heat exchanger
B17: Sink demand | C17: kW
B18: Compressor Power 1-2 | C18: kW
B19: Condenser temp | C19: ºC | D19: 25 | E19: 25 | F19: 25 | G19: 15 | H19: 15 | I19: 15
B20: Evaporator temp | C20: ºC | D20: 4 | E20: 12.3 | F20: 20 | G20: =D20 -> 4 | H20: =E20 -> 12.3 | I20: =F20 -> 20
B22: h1 | C22: kJ/kg | D22: 523.4 | E22: 524.9 | F22: 525.6 | G22: 523.4 | H22: 524.9 | I22: Air temperature higher than condenser temperature
B23: h2,act | C23: kJ/kg | D23: 553.9 | E23: 542.3 | F23: 532.1 | G23: 539.6 | H23: 528.6
B24: h2 | C24: kJ/kg
B25: h3 | C25: kJ/kg | D25: 236.1 | E25: 236.1 | F25: 236.1 | G25: 217.1 | H25: =G25 -> 217.1
B26: h4 | C26: kJ/kg | D26: 236.1 | E26: 236.1 | F26: 236.1 | G26: 217.7 | H26: =G26 -> 217.7
B27: s1 | C27: J/kg.K | D27: 2166.6 | E27: 2138.2 | F27: 2112.3 | G27: 2166.6 | H27: 2138.2
B28: s2,act | C28: J/kg.K | D28: 2185.4 | E28: 2149.2 | F28: 2116.5 | G28: 2177.2 | H28: 2140.7
B29: s2 | C29: J/kg.K
B30: s3 | C30: J/kg.K | D30: 1124.3 | E30: 1124.3 | F30: 1124.3 | G30: 1062.1 | H30: 1062.1
B31: s4 | C31: J/kg.K | D31: 1129.9 | E31: 1126.7 | F31: 1125.1 | G31: 1063.8 | H31: 1062.5
B33: Refrigerant mass flow | C33: kg/s | D33: =D17/(D23-D25) -> 0 | E33: =E17/(E23-E25) -> 0 | F33: =F17/(F23-F25) -> 0
B36: Exergy Destruction over 4-week (672 h) period
B37: Expansion Valve | C37: kWh | D37: =Winter!C21 -> 104.87274 | E37: =Spring_autumn!C21 -> 0 | G37: =Winter!G21 -> 274.78859
B38: Compressor | C38: kWh | D38: =Winter!D21 -> 352.07276 | E38: =Spring_autumn!D21 -> 0 | G38: =Winter!H21 -> 1713.3877 | P38: ›
B39: Condenser | C39: kWh | D39: =Winter!E21 -> 100.05895 | E39: =Spring_autumn!E21 -> -17.751386 | G39: =Winter!I21 -> 758.36262
B40: Evaporator | C40: kWh | D40: 0 | E40: 0 | G40: 0 | H40: Air term ignored
B41: Total | C41: kWh | D41: =SUM(D37:D39) -> 557.00444 | E41: =SUM(E37:E40) -> -17.751386 | G41: =SUM(G37:G40) -> 2746.5389
C43: Winter | E43: Spring/autumn
C44: Hot | D44: Cold | E44: Hot | F44: Cold
B45: =B37 -> Expansion Valve | C45: =Winter!C22 -> 0.18827989 | D45: =Winter!G22 -> 0.10004904 | E45: =Spring_autumn!C22 -> 0 | F45: =Spring_autumn!G22 -> 0.10004904
B46: =B38 -> Compressor | C46: =Winter!D22 -> 0.6320825 | D46: =Winter!H22 -> 0.62383521 | E46: =Spring_autumn!D22 -> 0 | F46: =Spring_autumn!H22 -> 0.62383521
B47: =B39 -> Condenser | C47: =Winter!E22 -> 0.17963761 | D47: =Winter!I22 -> 0.27611574 | E47: =Spring_autumn!E22 -> 0 | F47: =Spring_autumn!I22 -> 0.27611574
C48: =SUM(C45:C47) -> 1 | D48: =SUM(D45:D47) -> 1 | E48: =SUM(E45:E47) -> 0 | F48: =SUM(F45:F47) -> 1

Sheet Refrig Mass Flow & Cond kW
C5: Winter | G5: Spring/Autumn | K5: Summer
C6: Hot Sink ASHP | E6: Cold Sink ASHP | G6: Hot Sink ASHP | I6: Cold Sink ASHP | K6: Hot Sink ASHP | M6: Cold Sink ASHP
B7: Rating Condition | C7: ='Large ASHP'!$D$8 -> A7W20 | E7: ='Large ASHP'!$G$8 -> A7W10 | G7: ='Large ASHP'!$E$8 -> A15.3W20 | I7: ='Large ASHP'!$H$8 -> A15.3W10* | K7: ='Large ASHP'!$F$8 -> A23W20* | M7: ='Large ASHP'!$I$8 -> A23W10*
A8: h2 | B8: kJ/kg | D8: ='Large ASHP'!$D$23 -> 553.9 | F8: ='Large ASHP'!$G$23 -> 539.6 | H8: ='Large ASHP'!$E$23 -> 542.3
A9: h3 | B9: kJ/kg | D9: ='Large ASHP'!$D$25 -> 236.1 | F9: ='Large ASHP'!$G$25 -> 217.1 | H9: ='Large ASHP'!$E$25 -> 236.1
C11: Qcond, h | D11: mrefrig, hot | E11: Qcond, c | F11: mrefrig, cold | G11: Qcond, h | H11: mrefrig, hot | I11: Qcond, c | J11: mrefrig, cold | K11: Qcond, h | L11: mrefrig, hot | M11: Qcond, c | N11: mrefrig, cold
B13: Total (kWh/kgs) | C13: =C687 -> 21800.468 | D13: =D687 -> 68.598074 | E13: =E687 -> 190948.76 | F13: =F687 -> 592.08918 | G13: =G687 -> 0 | H13: =H687 -> 0 | I13: =I687 -> 112313.77 | J13: =J687 -> 0 | ... N13: =N687 -> 0
B14: Hours | C14: kW | D14: kg/s | E14: =C14 -> kW | F14: =D14 -> kg/s | G14: kW | H14: kg/s | I14: =G14 -> kW | J14: =H14 -> kg/s | K14: kW | L14: kg/s | M14: =K14 -> kW | N14: =L14 -> kg/s
B15: 1 | C15: 0 | D15: =C15/($D$8-$D$9) -> 0 | E15: 0.99979543 | F15: =E15/($F$8-$F$9) -> 0.0031001409 | G15: 0 | H15: =G15/($H$8-$H$9) -> 0 | I15: 0.99979543 | K15: 0 | M15: 0.99979543
B16: 2 | C16: 0 | D16: =C16/($D$8-$D$9) -> 0 | E16: 0.99949926 | F16: =E16/($F$8-$F$9) -> 0.0030992225 | G16: 0 | H16: =G16/($H$8-$H$9) -> 0 | I16: 0.99949926 | K16: 0 | M16: 0.99949926
B17: 3 | C17: 0 | D17: =C17/($D$8-$D$9) -> 0 | E17: 0.99911152 | F17: =E17/($F$8-$F$9) -> 0.0030980202 | G17: 0 | H17: =G17/($H$8-$H$9) -> 0 | I17: 0.99911152 | K17: 0 | M17: 0.99911152
B18: 4 | C18: 0 | D18: =C18/($D$8-$D$9) -> 0 | E18: 0.99863228 | F18: =E18/($F$8-$F$9) -> 0.0030965342 | G18: 0 | H18: =G18/($H$8-$H$9) -> 0 | I18: 0.99863228 | K18: 0 | M18: 0.99863228
B19: 5 | C19: 0 | D19: =C19/($D$8-$D$9) -> 0 | E19: 0.99806159 | F19: =E19/($F$8-$F$9) -> 0.0030947646 | G19: 0 | H19: =G19/($H$8-$H$9) -> 0 | I19: 0.99806159 | K19: 0 | M19: 0.99806159
B20: 6 | C20: 0 | D20: =C20/($D$8-$D$9) -> 0 | E20: 0.99739952 | F20: =E20/($F$8-$F$9) -> 0.0030927117 | G20: 0 | H20: =G20/($H$8-$H$9) -> 0 | I20: 0.99739952 | K20: 0 | M20: 0.99674086
B21: 7 | C21: 0 | D21: =C21/($D$8-$D$9) -> 0 | E21: 1.2060399 | F21: =E21/($F$8-$F$9) -> 0.0037396587 | G21: 0 | H21: =G21/($H$8-$H$9) -> 0 | I21: 1.1882371 | K21: 0 | M21: 1.0255882
B22: 8 | C22: 0 | D22: =C22/($D$8-$D$9) -> 0 | E22: 1.5310026 | F22: =E22/($F$8-$F$9) -> 0.004747295 | G22: 0 | H22: =G22/($H$8-$H$9) -> 0 | I22: 1.4767509 | K22: 0 | M22: 1.0899291
B23: 9 | C23: 0 | D23: =C23/($D$8-$D$9) -> 0 | E23: 1.9276242 | F23: =E23/($F$8-$F$9) -> 0.0059771293 | G23: 0 | H23: =G23/($H$8-$H$9) -> 0 | I23: 1.7778545 | K23: 0 | M23: 1.0575388
B24: 10 | C24: 0 | D24: =C24/($D$8-$D$9) -> 0 | E24: 2.1486317 | F24: =E24/($F$8-$F$9) -> 0.0066624239 | G24: 0 | H24: =G24/($H$8-$H$9) -> 0 | I24: 1.8771628 | K24: 0 | M24: 0.86266422
B25: 11 | C25: 0 | D25: =C25/($D$8-$D$9) -> 0 | E25: 2.2934308 | F25: =E25/($F$8-$F$9) -> 0.0071114133 | G25: 0 | H25: =G25/($H$8-$H$9) -> 0 | I25: 1.8670023 | K25: 0 | M25: 0.52475908
B26: 12 | C26: 0 | D26: =C26/($D$8-$D$9) -> 0 | E26: 2.3410149 | F26: =E26/($F$8-$F$9) -> 0.0072589611 | G26: 0 | H26: =G26/($H$8-$H$9) -> 0 | I26: 1.7247813 | K26: 0 | M26: 0.01968111
... B686: 672 | C686: 0 | D686: =C686/($D$8-$D$9) -> 0 | E686: 0 | F686: =E686/($F$8-$F$9) -> 0 | G686: 0 | H686: =G686/($H$8-$H$9) -> 0 | I686: 0 | K686: 0 | M686: 0
B687: Total | C687: =SUM(C15:C686) -> 21800.468 | D687: =SUM(D15:D686) -> 68.598074 | E687: =SUM(E15:E686) -> 190948.76 | F687: =SUM(F15:F686) -> 592.08918 | G687: =SUM(G15:G686) -> 0 | H687: =SUM(H15:H686) -> 0 | I687: =SUM(I15:I686) -> 112313.77 | J687: =SUM(J15:J686) -> 0 | ... M687: =SUM(M15:M686) -> 23697.022

Sheet Winter
B6: T0 | C6: ='Large ASHP'!$D$4 -> 273 | D6: K
C7: Winter
C8: Hot Sink ASHP | G8: Cold Sink ASHP
B9: Rating Condition | C9: ='Large ASHP'!$D$8 -> A7W20 | G9: ='Large ASHP'!$G$8 -> A7W10
A10: Condenser Temp | B10: ºC | C10: ='Large ASHP'!D19 -> 25 | G10: ='Large ASHP'!G19 -> 15
A11: Evaporator Temp | B11: ºC | C11: ='Large ASHP'!D20 -> 4 | G11: ='Large ASHP'!G20 -> 4
A12: h1 | B12: kJ/kg | C12: ='Large ASHP'!D22 -> 523.4 | G12: ='Large ASHP'!G22 -> 523.4
A13: h2,act | B13: kJ/kg | C13: ='Large ASHP'!D23 -> 553.9 | G13: ='Large ASHP'!G23 -> 539.6
A14: h3 | B14: kJ/kg | C14: ='Large ASHP'!D25 -> 236.1 | G14: ='Large ASHP'!G25 -> 217.1
A15: h4 | B15: kJ/kg | C15: ='Large ASHP'!D26 -> 236.1 | G15: ='Large ASHP'!G26 -> 217.7
A16: s1 | B16: J/kg.K | C16: ='Large ASHP'!D27 -> 2166.6 | G16: ='Large ASHP'!G27 -> 2166.6
A17: s2,act | B17: J/kg.K | C17: ='Large ASHP'!D28 -> 2185.4 | G17: ='Large ASHP'!G28 -> 2177.2
A18: s3 | B18: J/kg.K | C18: ='Large ASHP'!D30 -> 1124.3 | G18: ='Large ASHP'!G30 -> 1062.1
A19: s4 | B19: J/kg.K | C19: ='Large ASHP'!D31 -> 1129.9 | G19: ='Large ASHP'!G31 -> 1063.8
C20: Expansion Valve | D20: Compressor | E20: Condenser | F20: Total | G20: =C20 -> Expansion Valve | H20: =D20 -> Compressor | I20: =E20 -> Condenser | J20: =F20 -> Total | K20: Total
A21: Total Exergy Destruction | B21: kWh | C21: =C696 -> 104.87274 | D21: =D696 -> 352.07276 | E21: =E696 -> 100.05895 | F21: =SUM(C21:E21) -> 557.00444 | G21: =G696 -> 274.78859 | H21: =H696 -> 1713.3877 | I21: =I696 -> 758.36262 | J21: =SUM(G21:I21) -> 2746.5389 | K21: =J21+F21 -> 3303.5433 | L21: kWh
C22: =C21/$F$21 -> 0.18827989 | D22: =D21/$F$21 -> 0.6320825 | E22: =E21/$F$21 -> 0.17963761 | F22: =F21/$F$21 -> 1 | G22: =G21/$J$21 -> 0.10004904 | H22: =H21/$J$21 -> 0.62383521 | I22: =I21/$J$21 -> 0.27611574 | J22: =J21/$J$21 -> 1
B23: Hours
B24: 1 | C24: ='Refrig Mass Flow & Cond kW'!D15*$C$6*(($C$19-$C$18)/1000) -> 0 | D24: ='Refrig Mass Flow & Cond kW'!D15*Winter!$C$6*((Winter!$C$17-Winter!$C$16)/1000) -> 0 | E24: ='Refrig Mass Flow & Cond kW'!D15*(($C$13-$C$14)-$C$6*($C$17-$C$18)/1000)-'Refrig Mass Flow & Cond kW'!C15*(1-$C$6/($C$10+273)) -> 0 | G24: ='Refrig Mass Flow & Cond kW'!F15*$C$6*($G$19-$G$18)/1000 -> 0.0014387754 | H24: ='Refrig Mass Flow & Cond kW'!F15*$C$6*($G$17-$G$16)/1000 -> 0.0089711876 | I24: ='Refrig Mass Flow & Cond kW'!F15*(($G$13-$G$14)-$C$6*($G$17-$G$18)/1000)-'Refrig Mass Flow & Cond kW'!E15*(1-$C$6/($G$10+273)) -> 0.0039707379
B25: 2 | C25: ='Refrig Mass Flow & Cond kW'!D16*$C$6*(($C$19-$C$18)/1000) -> 0 | D25: ='Refrig Mass Flow & Cond kW'!D16*Winter!$C$6*((Winter!$C$17-Winter!$C$16)/1000) -> 0 | E25: ='Refrig Mass Flow & Cond kW'!D16*(($C$13-$C$14)-$C$6*($C$17-$C$18)/1000)-'Refrig Mass Flow & Cond kW'!C16*(1-$C$6/($C$10+273)) -> 0 | G25: ='Refrig Mass Flow & Cond kW'!F16*$C$6*($G$19-$G$18)/1000 -> 0.0014383492 | H25: ='Refrig Mass Flow & Cond kW'!F16*$C$6*($G$17-$G$16)/1000 -> 0.0089685301 | I25: ='Refrig Mass Flow & Cond kW'!F16*(($G$13-$G$14)-$C$6*($G$17-$G$18)/1000)-'Refrig Mass Flow & Cond kW'!E16*(1-$C$6/($G$10+273)) -> 0.0039695617
B26: 3 | C26: ='Refrig Mass Flow & Cond kW'!D17*$C$6*(($C$19-$C$18)/1000) -> 0 | D26: ='Refrig Mass Flow & Cond kW'!D17*Winter!$C$6*((Winter!$C$17-Winter!$C$16)/1000) -> 0 | E26: ='Refrig Mass Flow & Cond kW'!D17*(($C$13-$C$14)-$C$6*($C$17-$C$18)/1000)-'Refrig Mass Flow & Cond kW'!C17*(1-$C$6/($C$10+273)) -> 0 | G26: ='Refrig Mass Flow & Cond kW'!F17*$C$6*($G$19-$G$18)/1000 -> 0.0014377912 | H26: ='Refrig Mass Flow & Cond kW'!F17*$C$6*($G$17-$G$16)/1000 -> 0.0089650509 | I26: ='Refrig Mass Flow & Cond kW'!F17*(($G$13-$G$14)-$C$6*($G$17-$G$18)/1000)-'Refrig Mass Flow & Cond kW'!E17*(1-$C$6/($G$10+273)) -> 0.0039680218
B27: 4 | C27: ='Refrig Mass Flow & Cond kW'!D18*$C$6*(($C$19-$C$18)/1000) -> 0 | D27: ='Refrig Mass Flow & Cond kW'!D18*Winter!$C$6*((Winter!$C$17-Winter!$C$16)/1000) -> 0 | E27: ='Refrig Mass Flow & Cond kW'!D18*(($C$13-$C$14)-$C$6*($C$17-$C$18)/1000)-'Refrig Mass Flow & Cond kW'!C18*(1-$C$6/($C$10+273)) -> 0 | G27: ='Refrig Mass Flow & Cond kW'!F18*$C$6*($G$19-$G$18)/1000 -> 0.0014371015 | H27: ='Refrig Mass Flow & Cond kW'!F18*$C$6*($G$17-$G$16)/1000 -> 0.0089607507 | I27: ='Refrig Mass Flow & Cond kW'!F18*(($G$13-$G$14)-$C$6*($G$17-$G$18)/1000)-'Refrig Mass Flow & Cond kW'!E18*(1-$C$6/($G$10+273)) -> 0.0039661184
B28: 5 | C28: ='Refrig Mass Flow & Cond kW'!D19*$C$6*(($C$19-$C$18)/1000) -> 0 | D28: ='Refrig Mass Flow & Cond kW'!D19*Winter!$C$6*((Winter!$C$17-Winter!$C$16)/1000) -> 0 | E28: ='Refrig Mass Flow & Cond kW'!D19*(($C$13-$C$14)-$C$6*($C$17-$C$18)/1000)-'Refrig Mass Flow & Cond kW'!C19*(1-$C$6/($C$10+273)) -> 0 | G28: ='Refrig Mass Flow & Cond kW'!F19*$C$6*($G$19-$G$18)/1000 -> 0.0014362803 | H28: ='Refrig Mass Flow & Cond kW'!F19*$C$6*($G$17-$G$16)/1000 -> 0.0089556299 | I28: ='Refrig Mass Flow & Cond kW'!F19*(($G$13-$G$14)-$C$6*($G$17-$G$18)/1000)-'Refrig Mass Flow & Cond kW'!E19*(1-$C$6/($G$10+273)) -> 0.0039638519
B29: 6 | C29: ='Refrig Mass Flow & Cond kW'!D20*$C$6*(($C$19-$C$18)/1000) -> 0 | D29: ='Refrig Mass Flow & Cond kW'!D20*Winter!$C$6*((Winter!$C$17-Winter!$C$16)/1000) -> 0 | E29: ='Refrig Mass Flow & Cond kW'!D20*(($C$13-$C$14)-$C$6*($C$17-$C$18)/1000)-'Refrig Mass Flow & Cond kW'!C20*(1-$C$6/($C$10+273)) -> 0 | G29: ='Refrig Mass Flow & Cond kW'!F20*$C$6*($G$19-$G$18)/1000 -> 0.0014353275 | H29: ='Refrig Mass Flow & Cond kW'!F20*$C$6*($G$17-$G$16)/1000 -> 0.0089496891 | I29: ='Refrig Mass Flow & Cond kW'!F20*(($G$13-$G$14)-$C$6*($G$17-$G$18)/1000)-'Refrig Mass Flow & Cond kW'!E20*(1-$C$6/($G$10+273)) -> 0.0039612224
B30: 7 | C30: ='Refrig Mass Flow & Cond kW'!D21*$C$6*(($C$19-$C$18)/1000) -> 0 | D30: ='Refrig Mass Flow & Cond kW'!D21*Winter!$C$6*((Winter!$C$17-Winter!$C$16)/1000) -> 0 | E30: ='Refrig Mass Flow & Cond kW'!D21*(($C$13-$C$14)-$C$6*($C$17-$C$18)/1000)-'Refrig Mass Flow & Cond kW'!C21*(1-$C$6/($C$10+273)) -> 0 | G30: ='Refrig Mass Flow & Cond kW'!F21*$C$6*($G$19-$G$18)/1000 -> 0.0017355756 | H30: ='Refrig Mass Flow & Cond kW'!F21*$C$6*($G$17-$G$16)/1000 -> 0.010821824 | I30: ='Refrig Mass Flow & Cond kW'!F21*(($G$13-$G$14)-$C$6*($G$17-$G$18)/1000)-'Refrig Mass Flow & Cond kW'!E21*(1-$C$6/($G$10+273)) -> 0.0047898484
B31: 8 | C31: ='Refrig Mass Flow & Cond kW'!D22*$C$6*(($C$19-$C$18)/1000) -> 0 | D31: ='Refrig Mass Flow & Cond kW'!D22*Winter!$C$6*((Winter!$C$17-Winter!$C$16)/1000) -> 0 | E31: ='Refrig Mass Flow & Cond kW'!D22*(($C$13-$C$14)-$C$6*($C$17-$C$18)/1000)-'Refrig Mass Flow & Cond kW'!C22*(1-$C$6/($C$10+273)) -> 0 | G31: ='Refrig Mass Flow & Cond kW'!F22*$C$6*($G$19-$G$18)/1000 -> 0.0022032196 | H31: ='Refrig Mass Flow & Cond kW'!F22*$C$6*($G$17-$G$16)/1000 -> 0.013737722 | I31: ='Refrig Mass Flow & Cond kW'!F22*(($G$13-$G$14)-$C$6*($G$17-$G$18)/1000)-'Refrig Mass Flow & Cond kW'!E22*(1-$C$6/($G$10+273)) -> 0.0060804541
B32: 9 | C32: ='Refrig Mass Flow & Cond kW'!D23*$C$6*(($C$19-$C$18)/1000) -> 0 | D32: ='Refrig Mass Flow & Cond kW'!D23*Winter!$C$6*((Winter!$C$17-Winter!$C$16)/1000) -> 0 | E32: ='Refrig Mass Flow & Cond kW'!D23*(($C$13-$C$14)-$C$6*($C$17-$C$18)/1000)-'Refrig Mass Flow & Cond kW'!C23*(1-$C$6/($C$10+273)) -> 0 | G32: ='Refrig Mass Flow & Cond kW'!F23*$C$6*($G$19-$G$18)/1000 -> 0.0027739857 | H32: ='Refrig Mass Flow & Cond kW'!F23*$C$6*($G$17-$G$16)/1000 -> 0.017296617 | I32: ='Refrig Mass Flow & Cond kW'!F23*(($G$13-$G$14)-$C$6*($G$17-$G$18)/1000)-'Refrig Mass Flow & Cond kW'!E23*(1-$C$6/($G$10+273)) -> 0.0076556566
B33: 10 | C33: ='Refrig Mass Flow & Cond kW'!D24*$C$6*(($C$19-$C$18)/1000) -> 0 | D33: ='Refrig Mass Flow & Cond kW'!D24*Winter!$C$6*((Winter!$C$17-Winter!$C$16)/1000) -> 0 | E33: ='Refrig Mass Flow & Cond kW'!D24*(($C$13-$C$14)-$C$6*($C$17-$C$18)/1000)-'Refrig Mass Flow & Cond kW'!C24*(1-$C$6/($C$10+273)) -> 0 | G33: ='Refrig Mass Flow & Cond kW'!F24*$C$6*($G$19-$G$18)/1000 -> 0.0030920309 | H33: ='Refrig Mass Flow & Cond kW'!F24*$C$6*($G$17-$G$16)/1000 -> 0.019279722 | I33: ='Refrig Mass Flow & Cond kW'!F24*(($G$13-$G$14)-$C$6*($G$17-$G$18)/1000)-'Refrig Mass Flow & Cond kW'!E24*(1-$C$6/($G$10+273)) -> 0.008533399
B34: 11 | C34: ='Refrig Mass Flow & Cond kW'!D25*$C$6*(($C$19-$C$18)/1000) -> 0 | D34: ='Refrig Mass Flow & Cond kW'!D25*Winter!$C$6*((Winter!$C$17-Winter!$C$16)/1000) -> 0 | E34: ='Refrig Mass Flow & Cond kW'!D25*(($C$13-$C$14)-$C$6*($C$17-$C$18)/1000)-'Refrig Mass Flow & Cond kW'!C25*(1-$C$6/($C$10+273)) -> 0 | G34: ='Refrig Mass Flow & Cond kW'!F25*$C$6*($G$19-$G$18)/1000 -> 0.0033004069 | H34: ='Refrig Mass Flow & Cond kW'!F25*$C$6*($G$17-$G$16)/1000 -> 0.020579008 | I34: ='Refrig Mass Flow & Cond kW'!F25*(($G$13-$G$14)-$C$6*($G$17-$G$18)/1000)-'Refrig Mass Flow & Cond kW'!E25*(1-$C$6/($G$10+273)) -> 0.0091084759
B35: 12 | C35: ='Refrig Mass Flow & Cond kW'!D26*$C$6*(($C$19-$C$18)/1000) -> 0 | D35: ='Refrig Mass Flow & Cond kW'!D26*Winter!$C$6*((Winter!$C$17-Winter!$C$16)/1000) -> 0 | E35: ='Refrig Mass Flow & Cond kW'!D26*(($C$13-$C$14)-$C$6*($C$17-$C$18)/1000)-'Refrig Mass Flow & Cond kW'!C26*(1-$C$6/($C$10+273)) -> 0 | G35: ='Refrig Mass Flow & Cond kW'!F26*$C$6*($G$19-$G$18)/1000 -> 0.0033688838 | H35: ='Refrig Mass Flow & Cond kW'!F26*$C$6*($G$17-$G$16)/1000 -> 0.021005982 | I35: ='Refrig Mass Flow & Cond kW'!F26*(($G$13-$G$14)-$C$6*($G$17-$G$18)/1000)-'Refrig Mass Flow & Cond kW'!E26*(1-$C$6/($G$10+273)) -> 0.0092974588
... B695: 672 | C695: ='Refrig Mass Flow & Cond kW'!D686*$C$6*(($C$19-$C$18)/1000) -> 0 | D695: ='Refrig Mass Flow & Cond kW'!D686*Winter!$C$6*((Winter!$C$17-Winter!$C$16)/1000) -> 0 | E695: ='Refrig Mass Flow & Cond kW'!D686*(($C$13-$C$14)-$C$6*($C$17-$C$18)/1000)-'Refrig Mass Flow & Cond kW'!C686*(1-$C$6/($C$10+273)) -> 0 | G695: ='Refrig Mass Flow & Cond kW'!F686*$C$6*($G$19-$G$18)/1000 -> 0 | H695: ='Refrig Mass Flow & Cond kW'!F686*$C$6*($G$17-$G$16)/1000 -> 0 | I695: ='Refrig Mass Flow & Cond kW'!F686*(($G$13-$G$14)-$C$6*($G$17-$G$18)/1000)-'Refrig Mass Flow & Cond kW'!E686*(1-$C$6/($G$10+273)) -> 0
B696: Total | C696: =SUM(C24:C695) -> 104.87274 | D696: =SUM(D24:D695) -> 352.07276 | E696: =SUM(E24:E695) -> 100.05895 | F696: =SUM(F24:F695) -> 0 | G696: =SUM(G24:G695) -> 274.78859 | H696: =SUM(H24:H695) -> 1713.3877 | I696: =SUM(I24:I695) -> 758.36262 | J696: =SUM(J24:J695) -> 0

Sheet Spring_autumn
B6: T0 | C6: ='Large ASHP'!$D$4 -> 273 | D6: K
C7: spring/autumn
C8: Hot Sink ASHP | G8: Cold Sink ASHP
B9: Rating Condition | C9: ='Large ASHP'!E8 -> A15.3W20 | G9: A15.3W10
A10: Condenser Temp | B10: ºC | C10: ='Large ASHP'!D19 -> 25 | G10: ='Large ASHP'!G19 -> 15
A11: Evaporator Temp | B11: ºC | C11: ='Large ASHP'!D20 -> 4 | G11: ='Large ASHP'!G20 -> 4
A12: h1 | B12: kJ/kg | C12: ='Large ASHP'!E22 -> 524.9 | G12: ='Large ASHP'!G22 -> 523.4
A13: h2,act | B13: kJ/kg | C13: ='Large ASHP'!E23 -> 542.3 | G13: ='Large ASHP'!G23 -> 539.6
A14: h3 | B14: kJ/kg | C14: ='Large ASHP'!E25 -> 236.1 | G14: ='Large ASHP'!G25 -> 217.1
A15: h4 | B15: kJ/kg | C15: ='Large ASHP'!E26 -> 236.1 | G15: ='Large ASHP'!G26 -> 217.7
A16: s1 | B16: J/kg.K | C16: ='Large ASHP'!E27 -> 2138.2 | G16: ='Large ASHP'!G27 -> 2166.6
A17: s2,act | B17: J/kg.K | C17: ='Large ASHP'!E28 -> 2149.2 | G17: ='Large ASHP'!G28 -> 2177.2
A18: s3 | B18: J/kg.K | C18: ='Large ASHP'!E30 -> 1124.3 | G18: ='Large ASHP'!G30 -> 1062.1
A19: s4 | B19: J/kg.K | C19: ='Large ASHP'!E31 -> 1126.7 | G19: ='Large ASHP'!G31 -> 1063.8
C20: Expansion Valve | D20: Compressor | E20: Condenser | F20: Total | G20: =C20 -> Expansion Valve | H20: =D20 -> Compressor | I20: =E20 -> Condenser | J20: =F20 -> Total | K20: Total
A21: Total Exergy Destruction | B21: kWh | C21: =C696 -> 0 | D21: =D696 -> 0 | E21: =E696 -> -17.751386 | F21: =SUM(C21:E21) -> -17.751386 | G21: =G696 -> 274.78859 | H21: =H696 -> 1713.3877 | I21: =I696 -> 758.36262 | J21: =SUM(G21:I21) -> 2746.5389 | K21: =J21+F21 -> 2728.7875 | L21: kWh
G22: =G21/$J$21 -> 0.10004904 | H22: =H21/$J$21 -> 0.62383521 | I22: =I21/$J$21 -> 0.27611574 | J22: =J21/$J$21 -> 1
B23: Hours
B24: 1 | C24: ='Refrig Mass Flow & Cond kW'!G15*$C$6*(($C$19-$C$18)/1000) -> 0 | D24: ='Refrig Mass Flow & Cond kW'!G15*Spring_autumn!$C$6*((Spring_autumn!$C$17-Spring_autumn!$C$16)/1000) -> 0 | E24: ='Refrig Mass Flow & Cond kW'!D15*(($C$13-$C$14)-$C$6*($C$17-$C$18)/1000)-'Refrig Mass Flow & Cond kW'!C15*(1-$C$6/($C$10+273)) -> 0 | G24: ='Refrig Mass Flow & Cond kW'!F15*$C$6*($G$19-$G$18)/1000 -> 0.0014387754 | H24: ='Refrig Mass Flow & Cond kW'!F15*$C$6*($G$17-$G$16)/1000 -> 0.0089711876 | I24: ='Refrig Mass Flow & Cond kW'!F15*(($G$13-$G$14)-$C$6*($G$17-$G$18)/1000)-'Refrig Mass Flow & Cond kW'!E15*(1-$C$6/($G$10+273)) -> 0.0039707379
B25: 2 | C25: ='Refrig Mass Flow & Cond kW'!G16*$C$6*(($C$19-$C$18)/1000) -> 0 | D25: ='Refrig Mass Flow & Cond kW'!G16*Spring_autumn!$C$6*((Spring_autumn!$C$17-Spring_autumn!$C$16)/1000) -> 0 | E25: ='Refrig Mass Flow & Cond kW'!D16*(($C$13-$C$14)-$C$6*($C$17-$C$18)/1000)-'Refrig Mass Flow & Cond kW'!C16*(1-$C$6/($C$10+273)) -> 0 | G25: ='Refrig Mass Flow & Cond kW'!F16*$C$6*($G$19-$G$18)/1000 -> 0.0014383492 | H25: ='Refrig Mass Flow & Cond kW'!F16*$C$6*($G$17-$G$16)/1000 -> 0.0089685301 | I25: ='Refrig Mass Flow & Cond kW'!F16*(($G$13-$G$14)-$C$6*($G$17-$G$18)/1000)-'Refrig Mass Flow & Cond kW'!E16*(1-$C$6/($G$10+273)) -> 0.0039695617
B26: 3 | C26: ='Refrig Mass Flow & Cond kW'!G17*$C$6*(($C$19-$C$18)/1000) -> 0 | D26: ='Refrig Mass Flow & Cond kW'!G17*Spring_autumn!$C$6*((Spring_autumn!$C$17-Spring_autumn!$C$16)/1000) -> 0 | E26: ='Refrig Mass Flow & Cond kW'!D17*(($C$13-$C$14)-$C$6*($C$17-$C$18)/1000)-'Refrig Mass Flow & Cond kW'!C17*(1-$C$6/($C$10+273)) -> 0 | G26: ='Refrig Mass Flow & Cond kW'!F17*$C$6*($G$19-$G$18)/1000 -> 0.0014377912 | H26: ='Refrig Mass Flow & Cond kW'!F17*$C$6*($G$17-$G$16)/1000 -> 0.0089650509 | I26: ='Refrig Mass Flow & Cond kW'!F17*(($G$13-$G$14)-$C$6*($G$17-$G$18)/1000)-'Refrig Mass Flow & Cond kW'!E17*(1-$C$6/($G$10+273)) -> 0.0039680218
B27: 4 | C27: ='Refrig Mass Flow & Cond kW'!G18*$C$6*(($C$19-$C$18)/1000) -> 0 | D27: ='Refrig Mass Flow & Cond kW'!G18*Spring_autumn!$C$6*((Spring_autumn!$C$17-Spring_autumn!$C$16)/1000) -> 0 | E27: ='Refrig Mass Flow & Cond kW'!D18*(($C$13-$C$14)-$C$6*($C$17-$C$18)/1000)-'Refrig Mass Flow & Cond kW'!C18*(1-$C$6/($C$10+273)) -> 0 | G27: ='Refrig Mass Flow & Cond kW'!F18*$C$6*($G$19-$G$18)/1000 -> 0.0014371015 | H27: ='Refrig Mass Flow & Cond kW'!F18*$C$6*($G$17-$G$16)/1000 -> 0.0089607507 | I27: ='Refrig Mass Flow & Cond kW'!F18*(($G$13-$G$14)-$C$6*($G$17-$G$18)/1000)-'Refrig Mass Flow & Cond kW'!E18*(1-$C$6/($G$10+273)) -> 0.0039661184
B28: 5 | C28: ='Refrig Mass Flow & Cond kW'!G19*$C$6*(($C$19-$C$18)/1000) -> 0 | D28: ='Refrig Mass Flow & Cond kW'!G19*Spring_autumn!$C$6*((Spring_autumn!$C$17-Spring_autumn!$C$16)/1000) -> 0 | E28: ='Refrig Mass Flow & Cond kW'!D19*(($C$13-$C$14)-$C$6*($C$17-$C$18)/1000)-'Refrig Mass Flow & Cond kW'!C19*(1-$C$6/($C$10+273)) -> 0 | G28: ='Refrig Mass Flow & Cond kW'!F19*$C$6*($G$19-$G$18)/1000 -> 0.0014362803 | H28: ='Refrig Mass Flow & Cond kW'!F19*$C$6*($G$17-$G$16)/1000 -> 0.0089556299 | I28: ='Refrig Mass Flow & Cond kW'!F19*(($G$13-$G$14)-$C$6*($G$17-$G$18)/1000)-'Refrig Mass Flow & Cond kW'!E19*(1-$C$6/($G$10+273)) -> 0.0039638519
B29: 6 | C29: ='Refrig Mass Flow & Cond kW'!G20*$C$6*(($C$19-$C$18)/1000) -> 0 | D29: ='Refrig Mass Flow & Cond kW'!G20*Spring_autumn!$C$6*((Spring_autumn!$C$17-Spring_autumn!$C$16)/1000) -> 0 | E29: ='Refrig Mass Flow & Cond kW'!D20*(($C$13-$C$14)-$C$6*($C$17-$C$18)/1000)-'Refrig Mass Flow & Cond kW'!C20*(1-$C$6/($C$10+273)) -> 0 | G29: ='Refrig Mass Flow & Cond kW'!F20*$C$6*($G$19-$G$18)/1000 -> 0.0014353275 | H29: ='Refrig Mass Flow & Cond kW'!F20*$C$6*($G$17-$G$16)/1000 -> 0.0089496891 | I29: ='Refrig Mass Flow & Cond kW'!F20*(($G$13-$G$14)-$C$6*($G$17-$G$18)/1000)-'Refrig Mass Flow & Cond kW'!E20*(1-$C$6/($G$10+273)) -> 0.0039612224
B30: 7 | C30: ='Refrig Mass Flow & Cond kW'!G21*$C$6*(($C$19-$C$18)/1000) -> 0 | D30: ='Refrig Mass Flow & Cond kW'!G21*Spring_autumn!$C$6*((Spring_autumn!$C$17-Spring_autumn!$C$16)/1000) -> 0 | E30: ='Refrig Mass Flow & Cond kW'!D21*(($C$13-$C$14)-$C$6*($C$17-$C$18)/1000)-'Refrig Mass Flow & Cond kW'!C21*(1-$C$6/($C$10+273)) -> 0 | G30: ='Refrig Mass Flow & Cond kW'!F21*$C$6*($G$19-$G$18)/1000 -> 0.0017355756 | H30: ='Refrig Mass Flow & Cond kW'!F21*$C$6*($G$17-$G$16)/1000 -> 0.010821824 | I30: ='Refrig Mass Flow & Cond kW'!F21*(($G$13-$G$14)-$C$6*($G$17-$G$18)/1000)-'Refrig Mass Flow & Cond kW'!E21*(1-$C$6/($G$10+273)) -> 0.0047898484
B31: 8 | C31: ='Refrig Mass Flow & Cond kW'!G22*$C$6*(($C$19-$C$18)/1000) -> 0 | D31: ='Refrig Mass Flow & Cond kW'!G22*Spring_autumn!$C$6*((Spring_autumn!$C$17-Spring_autumn!$C$16)/1000) -> 0 | E31: ='Refrig Mass Flow & Cond kW'!D22*(($C$13-$C$14)-$C$6*($C$17-$C$18)/1000)-'Refrig Mass Flow & Cond kW'!C22*(1-$C$6/($C$10+273)) -> 0 | G31: ='Refrig Mass Flow & Cond kW'!F22*$C$6*($G$19-$G$18)/1000 -> 0.0022032196 | H31: ='Refrig Mass Flow & Cond kW'!F22*$C$6*($G$17-$G$16)/1000 -> 0.013737722 | I31: ='Refrig Mass Flow & Cond kW'!F22*(($G$13-$G$14)-$C$6*($G$17-$G$18)/1000)-'Refrig Mass Flow & Cond kW'!E22*(1-$C$6/($G$10+273)) -> 0.0060804541
B32: 9 | C32: ='Refrig Mass Flow & Cond kW'!G23*$C$6*(($C$19-$C$18)/1000) -> 0 | D32: ='Refrig Mass Flow & Cond kW'!G23*Spring_autumn!$C$6*((Spring_autumn!$C$17-Spring_autumn!$C$16)/1000) -> 0 | E32: ='Refrig Mass Flow & Cond kW'!D23*(($C$13-$C$14)-$C$6*($C$17-$C$18)/1000)-'Refrig Mass Flow & Cond kW'!C23*(1-$C$6/($C$10+273)) -> 0 | G32: ='Refrig Mass Flow & Cond kW'!F23*$C$6*($G$19-$G$18)/1000 -> 0.0027739857 | H32: ='Refrig Mass Flow & Cond kW'!F23*$C$6*($G$17-$G$16)/1000 -> 0.017296617 | I32: ='Refrig Mass Flow & Cond kW'!F23*(($G$13-$G$14)-$C$6*($G$17-$G$18)/1000)-'Refrig Mass Flow & Cond kW'!E23*(1-$C$6/($G$10+273)) -> 0.0076556566
B33: 10 | C33: ='Refrig Mass Flow & Cond kW'!G24*$C$6*(($C$19-$C$18)/1000) -> 0 | D33: ='Refrig Mass Flow & Cond kW'!G24*Spring_autumn!$C$6*((Spring_autumn!$C$17-Spring_autumn!$C$16)/1000) -> 0 | E33: ='Refrig Mass Flow & Cond kW'!D24*(($C$13-$C$14)-$C$6*($C$17-$C$18)/1000)-'Refrig Mass Flow & Cond kW'!C24*(1-$C$6/($C$10+273)) -> 0 | G33: ='Refrig Mass Flow & Cond kW'!F24*$C$6*($G$19-$G$18)/1000 -> 0.0030920309 | H33: ='Refrig Mass Flow & Cond kW'!F24*$C$6*($G$17-$G$16)/1000 -> 0.019279722 | I33: ='Refrig Mass Flow & Cond kW'!F24*(($G$13-$G$14)-$C$6*($G$17-$G$18)/1000)-'Refrig Mass Flow & Cond kW'!E24*(1-$C$6/($G$10+273)) -> 0.008533399
B34: 11 | C34: ='Refrig Mass Flow & Cond kW'!G25*$C$6*(($C$19-$C$18)/1000) -> 0 | D34: ='Refrig Mass Flow & Cond kW'!G25*Spring_autumn!$C$6*((Spring_autumn!$C$17-Spring_autumn!$C$16)/1000) -> 0 | E34: ='Refrig Mass Flow & Cond kW'!D25*(($C$13-$C$14)-$C$6*($C$17-$C$18)/1000)-'Refrig Mass Flow & Cond kW'!C25*(1-$C$6/($C$10+273)) -> 0 | G34: ='Refrig Mass Flow & Cond kW'!F25*$C$6*($G$19-$G$18)/1000 -> 0.0033004069 | H34: ='Refrig Mass Flow & Cond kW'!F25*$C$6*($G$17-$G$16)/1000 -> 0.020579008 | I34: ='Refrig Mass Flow & Cond kW'!F25*(($G$13-$G$14)-$C$6*($G$17-$G$18)/1000)-'Refrig Mass Flow & Cond kW'!E25*(1-$C$6/($G$10+273)) -> 0.0091084759
B35: 12 | C35: ='Refrig Mass Flow & Cond kW'!G26*$C$6*(($C$19-$C$18)/1000) -> 0 | D35: ='Refrig Mass Flow & Cond kW'!G26*Spring_autumn!$C$6*((Spring_autumn!$C$17-Spring_autumn!$C$16)/1000) -> 0 | E35: ='Refrig Mass Flow & Cond kW'!D26*(($C$13-$C$14)-$C$6*($C$17-$C$18)/1000)-'Refrig Mass Flow & Cond kW'!C26*(1-$C$6/($C$10+273)) -> 0 | G35: ='Refrig Mass Flow & Cond kW'!F26*$C$6*($G$19-$G$18)/1000 -> 0.0033688838 | H35: ='Refrig Mass Flow & Cond kW'!F26*$C$6*($G$17-$G$16)/1000 -> 0.021005982 | I35: ='Refrig Mass Flow & Cond kW'!F26*(($G$13-$G$14)-$C$6*($G$17-$G$18)/1000)-'Refrig Mass Flow & Cond kW'!E26*(1-$C$6/($G$10+273)) -> 0.0092974588
... B695: 672 | C695: ='Refrig Mass Flow & Cond kW'!G686*$C$6*(($C$19-$C$18)/1000) -> 0 | D695: ='Refrig Mass Flow & Cond kW'!G686*Spring_autumn!$C$6*((Spring_autumn!$C$17-Spring_autumn!$C$16)/1000) -> 0 | E695: ='Refrig Mass Flow & Cond kW'!D686*(($C$13-$C$14)-$C$6*($C$17-$C$18)/1000)-'Refrig Mass Flow & Cond kW'!C686*(1-$C$6/($C$10+273)) -> 0 | G695: ='Refrig Mass Flow & Cond kW'!F686*$C$6*($G$19-$G$18)/1000 -> 0 | H695: ='Refrig Mass Flow & Cond kW'!F686*$C$6*($G$17-$G$16)/1000 -> 0 | I695: ='Refrig Mass Flow & Cond kW'!F686*(($G$13-$G$14)-$C$6*($G$17-$G$18)/1000)-'Refrig Mass Flow & Cond kW'!E686*(1-$C$6/($G$10+273)) -> 0
B696: Total | C696: =SUM(C24:C695) -> 0 | D696: =SUM(D24:D695) -> 0 | E696: =SUM(E24:E695) -> -17.751386 | F696: =SUM(F24:F695) -> 0 | G696: =SUM(G24:G695) -> 274.78859 | H696: =SUM(H24:H695) -> 1713.3877 | I696: =SUM(I24:I695) -> 758.36262 | J696: =SUM(J24:J695) -> 0
