Workbook

Sheet Dashboard
C2: Hot Sink | E2: Cold Sink
C3: Qcond, hot | D3: Edes cond, hot | E3: Qcond, cold | F3: Edes cond, cold
C4: kWh | D4: kWh | E4: kWh | F4: kWh
B5: Winter | C5: =Winter!D18 -> 2286227 | D5: =Winter!F18 -> 184618.54 | E5: =Winter!J18 -> 339293.7 | F5: =Winter!L18 -> 21976.822
B6: Spring/autumn | C6: =Spring_Autumn!D18 -> 2182261.2 | D6: =Spring_Autumn!F18 -> 176223.04 | E6: =Spring_Autumn!J18 -> 640290.52 | F6: =Spring_Autumn!L18 -> 41473.067
B7: Summer | C7: =Summer!D18 -> 1999013.7 | D7: =Summer!F18 -> 161425.35 | E7: =Summer!J18 -> 1028261 | F7: =Summer!L18 -> 66602.792
B20: <1946 | C20: 1946 to 1980 | D20: 1980 to 2000 | E20: Post 2000
B21: 37.8 | C21: 39.7 | D21: 15.6 | E21: 6.9 | F21: =SUM(B21:E21) -> 100
C22: =B21+C21 -> 77.5 | D22: =D21+C22 -> 93.1 | E22: =E21+D22 -> 100

Sheet Winter
N1: ºC | O1: K
A2: T0 | B2: K | C2: 273 | M2: T2/T1 | N2: =C8/C6 -> 1.4 | O2: =D6/D8 -> 0.97342193
A3: cp water | B3: kJ/kg.K | C3: 4.18 | M3: LN | N3: =LN(N2) -> 0.33647224 | O3: =LN(O2) -> -0.026937656
A4: Tcond.sat | B4: ºC | C4: 30 | M4: T0 | N4: =N3*$C$2 -> 91.856921 | O4: =O3*$C$2 -> -7.35398
A5: T evap.sat | B5: ºC | C5: 5 | M5: T2-T1 | N5: =C8-C6 -> 8 | O5: =D6-D8 -> -8
A6: Thot sink | B6: ºC | C6: 20 | D6: =C6+$C$2 -> 293 | E6: K | O6: =O5-O4 -> -0.64601999
A7: Tcold sink | B7: ºC | C7: 10 | D7: =C7+$C$2 -> 283 | E7: K | F7: Approach Temp | N7: =E20*C3 -> 0 | O7: =O6*N7 -> 0
A8: Tcond.hot, out | B8: ºC | C8: =C4-F8 -> 28 | D8: =C8+$C$2 -> 301 | E8: K | F8: 2 | G8: K
A9: Thp.hot, out | B9: ºC | C9: =C5+F9 -> 10 | D9: =C9+$C$2 -> 283 | E9: K | F9: 5 | G9: K
A10: Tcond.cold, out | B10: ºC | C10: =C8 -> 28 | D10: =C10+273 -> 301 | E10: K | F10: 5 | G10: K
A11: Thp.cold, out | B11: ºC | C11: =C5+F11 -> 7 | D11: =C11+273 -> 280 | E11: K | F11: 2 | G11: K
D13: Winter
D14: Hot Sink | J14: Cold Sink
D15: Condenser | G15: HP Evaporator | J15: Condenser | M15: HP Evaporator | P15: total Ex dest
D16: Qcond, hot | E16: ṁcond, hot | F16: Edest cond, hot | G16: Qhp, hot | H16: ṁhp, hot | I16: Edest hp, hot | J16: Qcond, cold | K16: ṁcond, cold | L16: Edest cond, cold | M16: Qhp, cold | N16: ṁhp, cold | O16: Edest hp, hot
D17: kW | E17: kg/s | F17: kW | G17: kW | H17: kg/s | I17: kW | J17: kW | K17: kg/s | L17: kW | M17: kW | N17: kg/s | O17: kW
C18: Total | D18: =SUM(D20:D691) -> 2286227 | F18: =SUM(F20:F691) -> 184618.54 | J18: =SUM(J20:J691) -> 339293.7 | L18: =SUM(L20:L691) -> 21976.822 | M18: =M692 -> 0 | O18: =O692 -> 0 | P18: =O18+L18+I18+F18 -> 206595.36
C19: Hours | G19: =F18/D18 -> 0.080752498 | M19: =L18/J18 -> 0.064772266
B20: =D20*0.0125 -> 31.55625 | C20: 1 | D20: 2524.5 | F20: =D20*(1-($C$2/($D$8-$D$6)*LN($D$8/$D$6))) -> 203.85968 | J20: 0 | L20: =J20*(1-$C$2/($D$10-$D$9)*LN($D$10/$D$9)) -> 0
C21: 2 | D21: 2376 | F21: =D21*(1-($C$2/($D$8-$D$6)*LN($D$8/$D$6))) -> 191.86794 | J21: 0 | L21: =J21*(1-$C$2/($D$10-$D$9)*LN($D$10/$D$9)) -> 0
C22: 3 | D22: 2524.5 | F22: =D22*(1-($C$2/($D$8-$D$6)*LN($D$8/$D$6))) -> 203.85968 | J22: 0 | L22: =J22*(1-$C$2/($D$10-$D$9)*LN($D$10/$D$9)) -> 0
C23: 4 | D23: 2673 | F23: =D23*(1-($C$2/($D$8-$D$6)*LN($D$8/$D$6))) -> 215.85143 | J23: 0 | L23: =J23*(1-$C$2/($D$10-$D$9)*LN($D$10/$D$9)) -> 0
C24: 5 | D24: 3044.25 | F24: =D24*(1-($C$2/($D$8-$D$6)*LN($D$8/$D$6))) -> 245.83079 | J24: 0 | L24: =J24*(1-$C$2/($D$10-$D$9)*LN($D$10/$D$9)) -> 0
C25: 6 | D25: 3267 | F25: =D25*(1-($C$2/($D$8-$D$6)*LN($D$8/$D$6))) -> 263.81841 | J25: 0 | L25: =J25*(1-$C$2/($D$10-$D$9)*LN($D$10/$D$9)) -> 0
C26: 7 | D26: 3489.75 | F26: =D26*(1-($C$2/($D$8-$D$6)*LN($D$8/$D$6))) -> 281.80603 | J26: 0 | L26: =J26*(1-$C$2/($D$10-$D$9)*LN($D$10/$D$9)) -> 0
C27: 8 | D27: 3712.5 | F27: =D27*(1-($C$2/($D$8-$D$6)*LN($D$8/$D$6))) -> 299.79365 | J27: 0 | L27: =J27*(1-$C$2/($D$10-$D$9)*LN($D$10/$D$9)) -> 0
C28: 9 | D28: 3732.6611 | F28: =D28*(1-($C$2/($D$8-$D$6)*LN($D$8/$D$6))) -> 301.42171 | J28: 202.58889 | L28: =J28*(1-$C$2/($D$10-$D$9)*LN($D$10/$D$9)) -> 13.122142
C29: 10 | D29: 3726.13 | F29: =D29*(1-($C$2/($D$8-$D$6)*LN($D$8/$D$6))) -> 300.89431 | J29: 431.86998 | L29: =J29*(1-$C$2/($D$10-$D$9)*LN($D$10/$D$9)) -> 27.973197
C30: 11 | D30: 3719.6339 | F30: =D30*(1-($C$2/($D$8-$D$6)*LN($D$8/$D$6))) -> 300.36973 | J30: 661.11615 | L30: =J30*(1-$C$2/($D$10-$D$9)*LN($D$10/$D$9)) -> 42.821991
C31: 12 | D31: 3713.1725 | F31: =D31*(1-($C$2/($D$8-$D$6)*LN($D$8/$D$6))) -> 299.84795 | J31: 890.32751 | L31: =J31*(1-$C$2/($D$10-$D$9)*LN($D$10/$D$9)) -> 57.66853
C32: 13 | D32: 3706.7458 | F32: =D32*(1-($C$2/($D$8-$D$6)*LN($D$8/$D$6))) -> 299.32899 | J32: 1119.5042 | L32: =J32*(1-$C$2/($D$10-$D$9)*LN($D$10/$D$9)) -> 72.512822
... C691: 672 | D691: 3267 | F691: =D691*(1-($C$2/($D$8-$D$6)*LN($D$8/$D$6))) -> 263.81841 | J691: 0 | L691: =J691*(1-$C$2/($D$10-$D$9)*LN($D$10/$D$9)) -> 0

Sheet Spring_Autumn
A2: T0 | B2: K | C2: =Winter!C2 -> 273
A3: cp water | B3: kJ/kg.K | C3: =Winter!C3 -> 4.18
A4: Tcond.sat | B4: ºC | C4: =Winter!C4 -> 30
A5: T evap.sat | B5: ºC | C5: =Winter!C5 -> 5
A6: Thot sink | B6: ºC | C6: =Winter!C6 -> 20 | D6: =C6+$C$2 -> 293 | E6: K
A7: Tcold sink | B7: ºC | C7: =Winter!C7 -> 10 | D7: =C7+$C$2 -> 283 | E7: K | F7: Approach Temp
A8: Tcond.hot, out | B8: ºC | C8: =Winter!C8 -> 28 | D8: =C8+$C$2 -> 301 | E8: K | F8: =Winter!F8 -> 2 | G8: K
A9: Thp.hot, out | B9: ºC | C9: =Winter!C9 -> 10 | D9: =C9+$C$2 -> 283 | E9: K | F9: 5 | G9: K
A10: Tcond.cold, out | B10: ºC | C10: =Winter!C10 -> 28 | D10: =C10+273 -> 301 | E10: K | F10: 5 | G10: K
A11: Thp.cold, out | B11: ºC | C11: =Winter!C11 -> 7 | D11: =C11+273 -> 280 | E11: K | F11: 2 | G11: K
D13: Spring/Autumn
D14: Hot Sink | J14: Cold Sink
D15: Condenser | G15: HP Evaporator | J15: Condenser | M15: HP Evaporator
D16: Qcond, hot | E16: ṁcond, hot | F16: Edest cond, hot | G16: Qhp, hot | H16: ṁhp, hot | I16: Edest hp, hot | J16: Qcond, cold | K16: ṁcond, cold | L16: Edest cond, cold | M16: Qhp, cold | N16: ṁhp, cold | O16: Edest hp, cold
D17: kW | E17: kg/s | F17: kW | G17: kW | H17: kg/s | I17: kW | J17: kW | K17: kg/s | L17: kW | M17: kW | N17: kg/s | O17: kW
C18: Total | D18: =SUM(D20:D691) -> 2182261.2 | E18: =SUM(E20:E691) -> 0 | F18: =SUM(F20:F691) -> 176223.04 | G18: =SUM(G20:G691) -> 0 | H18: =SUM(H20:H691) -> 0 | I18: =SUM(I20:I691) -> 0 | J18: =SUM(J20:J691) -> 640290.52 | K18: =SUM(K20:K691) -> 0 | ... O18: =SUM(O20:O691) -> 0 | P18: =O18+L18+I18+F18 -> 217696.11
C19: Hours | G19: =F18/D18 -> 0.080752498 | M19: =L18/J18 -> 0.064772266
C20: 1 | D20: 2713.95 | F20: =D20*(1-($C$2/($D$8-$D$6)*LN($D$8/$D$6))) -> 219.15824 | J20: 0 | L20: =J20*(1-$C$2/($D$10-$D$9)*LN($D$10/$D$9)) -> 0
C21: 2 | D21: 2554.3059 | F21: =D21*(1-($C$2/($D$8-$D$6)*LN($D$8/$D$6))) -> 206.26658 | J21: 0 | L21: =J21*(1-$C$2/($D$10-$D$9)*LN($D$10/$D$9)) -> 0
C22: 3 | D22: 2713.95 | F22: =D22*(1-($C$2/($D$8-$D$6)*LN($D$8/$D$6))) -> 219.15824 | J22: 0 | L22: =J22*(1-$C$2/($D$10-$D$9)*LN($D$10/$D$9)) -> 0
C23: 4 | D23: 2873.5941 | F23: =D23*(1-($C$2/($D$8-$D$6)*LN($D$8/$D$6))) -> 232.0499 | J23: 0 | L23: =J23*(1-$C$2/($D$10-$D$9)*LN($D$10/$D$9)) -> 0
C24: 5 | D24: 3272.7044 | F24: =D24*(1-($C$2/($D$8-$D$6)*LN($D$8/$D$6))) -> 264.27905 | J24: 0 | L24: =J24*(1-$C$2/($D$10-$D$9)*LN($D$10/$D$9)) -> 0
C25: 6 | D25: 3512.1706 | F25: =D25*(1-($C$2/($D$8-$D$6)*LN($D$8/$D$6))) -> 283.61655 | J25: 0 | L25: =J25*(1-$C$2/($D$10-$D$9)*LN($D$10/$D$9)) -> 0
C26: 7 | D26: 3718.4927 | F26: =D26*(1-($C$2/($D$8-$D$6)*LN($D$8/$D$6))) -> 300.27758 | J26: 33.144016 | L26: =J26*(1-$C$2/($D$10-$D$9)*LN($D$10/$D$9)) -> 2.146813
C27: 8 | D27: 3717.5067 | F27: =D27*(1-($C$2/($D$8-$D$6)*LN($D$8/$D$6))) -> 300.19795 | J27: 273.59623 | L27: =J27*(1-$C$2/($D$10-$D$9)*LN($D$10/$D$9)) -> 17.721448
C28: 9 | D28: 3712.4356 | F28: =D28*(1-($C$2/($D$8-$D$6)*LN($D$8/$D$6))) -> 299.78845 | J28: 518.13353 | L28: =J28*(1-$C$2/($D$10-$D$9)*LN($D$10/$D$9)) -> 33.560683
C29: 10 | D29: 3705.1105 | F29: =D29*(1-($C$2/($D$8-$D$6)*LN($D$8/$D$6))) -> 299.19693 | J29: 764.92471 | L29: =J29*(1-$C$2/($D$10-$D$9)*LN($D$10/$D$9)) -> 49.545907
C30: 11 | D30: 3697.8219 | F30: =D30*(1-($C$2/($D$8-$D$6)*LN($D$8/$D$6))) -> 298.60835 | J30: 1011.6796 | L30: =J30*(1-$C$2/($D$10-$D$9)*LN($D$10/$D$9)) -> 65.528778
C31: 12 | D31: 3690.5694 | F31: =D31*(1-($C$2/($D$8-$D$6)*LN($D$8/$D$6))) -> 298.0227 | J31: 1258.3982 | L31: =J31*(1-$C$2/($D$10-$D$9)*LN($D$10/$D$9)) -> 81.509305
... C691: 672 | D691: 3512.1706 | F691: =D691*(1-($C$2/($D$8-$D$6)*LN($D$8/$D$6))) -> 283.61655 | J691: 0 | L691: =J691*(1-$C$2/($D$10-$D$9)*LN($D$10/$D$9)) -> 0

Sheet Summer
A2: T0 | B2: K | C2: =Winter!C2 -> 273
A3: cp water | B3: kJ/kg.K | C3: =Winter!C3 -> 4.18
A4: Tcond.sat | B4: ºC | C4: =Winter!C4 -> 30
A5: T evap.sat | B5: ºC | C5: =Winter!C5 -> 5
A6: Thot sink | B6: ºC | C6: =Winter!C6 -> 20 | D6: =C6+$C$2 -> 293 | E6: K
A7: Tcold sink | B7: ºC | C7: =Winter!C7 -> 10 | D7: =C7+$C$2 -> 283 | E7: K | F7: Approach Temp
A8: Tcond.hot, out | B8: ºC | C8: =Winter!C8 -> 28 | D8: =C8+$C$2 -> 301 | E8: K | F8: =Winter!F8 -> 2 | G8: K
A9: Thp.hot, out | B9: ºC | C9: =Winter!C9 -> 10 | D9: =C9+$C$2 -> 283 | E9: K | F9: =Winter!F9 -> 5 | G9: K
A10: Tcond.cold, out | B10: ºC | C10: =Winter!C10 -> 28 | D10: =C10+273 -> 301 | E10: K | F10: =Winter!F10 -> 5 | G10: K
A11: Thp.cold, out | B11: ºC | C11: =Winter!C11 -> 7 | D11: =C11+273 -> 280 | E11: K | F11: =Winter!F11 -> 2 | G11: K
D13: Summer
D14: Hot Sink | J14: Cold Sink
D15: Condenser | G15: HP Evaporator | J15: Condenser | M15: HP Evaporator
D16: Qcond, hot | E16: ṁcond, hot | F16: Edest cond, hot | G16: Qhp, hot | H16: ṁhp, hot | I16: Edest hp, hot | J16: Qcond, cold | K16: ṁcond, cold | L16: Edest cond, cold | M16: Qhp, cold | N16: ṁhp, cold | O16: Edest hp, hot
D17: kW | E17: kg/s | F17: kW | G17: kW | H17: kg/s | I17: kW | J17: kW | K17: kg/s | L17: kW | M17: kW | N17: kg/s | O17: kW
C18: Total | D18: =SUM(D21:D692) -> 1999013.7 | E18: =SUM(E21:E692) -> 0 | F18: =SUM(F21:F692) -> 161425.35 | G18: =SUM(G21:G692) -> 16 | H18: =SUM(H21:H692) -> 0 | I18: =SUM(I21:I692) -> 0 | J18: =SUM(J21:J692) -> 1028261 | K18: =SUM(K21:K692) -> 0 | ... O18: =SUM(O21:O692) -> 0 | P18: =O18+L18+I18+F18 -> 228028.14
F19: =F18/P18 -> 0.70791855 | L19: =L18/P18 -> 0.29208145
C20: Hours
C21: 1 | D21: 2910.796 | F21: =D21*(1-($C$2/($D$8-$D$6)*LN($D$8/$D$6))) -> 235.05405 | G21: =LN(D8/D6) -> 0.026937656 | J21: 0 | L21: =J21*(1-$C$2/($D$10-$D$9)*LN($D$10/$D$9)) -> 0 | M21: =LN(C8/C7) -> 1.0296194
C22: 2 | D22: 2739.5727 | F22: =D22*(1-($C$2/($D$8-$D$6)*LN($D$8/$D$6))) -> 221.22734 | G22: =C8-C6 -> 8 | J22: 0 | L22: =J22*(1-$C$2/($D$10-$D$9)*LN($D$10/$D$9)) -> 0 | M22: =C10-C7 -> 18
C23: 3 | D23: 2910.796 | F23: =D23*(1-($C$2/($D$8-$D$6)*LN($D$8/$D$6))) -> 235.05405 | G23: =G22-G21 -> 7.9730623 | J23: 0 | L23: =J23*(1-$C$2/($D$10-$D$9)*LN($D$10/$D$9)) -> 0 | M23: =M22-M21 -> 16.970381
C24: 4 | D24: 3082.0192 | F24: =D24*(1-($C$2/($D$8-$D$6)*LN($D$8/$D$6))) -> 248.88075 | J24: 0 | L24: =J24*(1-$C$2/($D$10-$D$9)*LN($D$10/$D$9)) -> 0
C25: 5 | D25: 3510.0775 | F25: =D25*(1-($C$2/($D$8-$D$6)*LN($D$8/$D$6))) -> 283.44753 | J25: 0 | L25: =J25*(1-$C$2/($D$10-$D$9)*LN($D$10/$D$9)) -> 0
C26: 6 | D26: 3720.8569 | F26: =D26*(1-($C$2/($D$8-$D$6)*LN($D$8/$D$6))) -> 300.46849 | J26: 46.05555 | L26: =J26*(1-$C$2/($D$10-$D$9)*LN($D$10/$D$9)) -> 2.9831223
C27: 7 | D27: 3713.486 | F27: =D27*(1-($C$2/($D$8-$D$6)*LN($D$8/$D$6))) -> 299.87327 | J27: 310.26134 | L27: =J27*(1-$C$2/($D$10-$D$9)*LN($D$10/$D$9)) -> 20.09633
C28: 8 | D28: 3706.1516 | F28: =D28*(1-($C$2/($D$8-$D$6)*LN($D$8/$D$6))) -> 299.281 | J28: 574.43064 | L28: =J28*(1-$C$2/($D$10-$D$9)*LN($D$10/$D$9)) -> 37.207174
C29: 9 | D29: 3698.8536 | F29: =D29*(1-($C$2/($D$8-$D$6)*LN($D$8/$D$6))) -> 298.69167 | J29: 838.56359 | L29: =J29*(1-$C$2/($D$10-$D$9)*LN($D$10/$D$9)) -> 54.315664
C30: 10 | D30: 3691.5919 | F30: =D30*(1-($C$2/($D$8-$D$6)*LN($D$8/$D$6))) -> 298.10526 | J30: 1102.6603 | L30: =J30*(1-$C$2/($D$10-$D$9)*LN($D$10/$D$9)) -> 71.421806
C31: 11 | D31: 3684.3662 | F31: =D31*(1-($C$2/($D$8-$D$6)*LN($D$8/$D$6))) -> 297.52178 | J31: 1366.7209 | L31: =J31*(1-$C$2/($D$10-$D$9)*LN($D$10/$D$9)) -> 88.525609
C32: 12 | D32: 3677.1765 | F32: =D32*(1-($C$2/($D$8-$D$6)*LN($D$8/$D$6))) -> 296.94119 | J32: 1630.7455 | L32: =J32*(1-$C$2/($D$10-$D$9)*LN($D$10/$D$9)) -> 105.62708
C33: 13 | D33: 3670.0228 | F33: =D33*(1-($C$2/($D$8-$D$6)*LN($D$8/$D$6))) -> 296.36351 | J33: 1894.7342 | L33: =J33*(1-$C$2/($D$10-$D$9)*LN($D$10/$D$9)) -> 122.72623
C34: 14 | D34: 3662.9047 | F34: =D34*(1-($C$2/($D$8-$D$6)*LN($D$8/$D$6))) -> 295.78871 | J34: 2158.6872 | L34: =J34*(1-$C$2/($D$10-$D$9)*LN($D$10/$D$9)) -> 139.82306
C35: 15 | D35: 3655.8223 | F35: =D35*(1-($C$2/($D$8-$D$6)*LN($D$8/$D$6))) -> 295.21679 | J35: 1994.5463 | L35: =J35*(1-$C$2/($D$10-$D$9)*LN($D$10/$D$9)) -> 129.19128
... C692: 672 | D692: 3049.7384 | F692: =D692*(1-($C$2/($D$8-$D$6)*LN($D$8/$D$6))) -> 246.274 | J692: 717.17398 | L692: =J692*(1-$C$2/($D$10-$D$9)*LN($D$10/$D$9)) -> 46.452983
