Workbook

Sheet Properties
A3: T0 | B3: K | C3: 273
A4: Tcond, h | B4: ºC | C4: 30 | D4: =C4+273 -> 303
C6: Hot Sink | E6: Cold Sink
C7: =B4 -> ºC | D7: K | E7: =B4 -> ºC | F7: K
A8: Tin | C8: 20 | D8: =C8+$C$3 -> 293 | E8: 10 | F8: =E8+$C$3 -> 283
A9: Tout | C9: 28 | D9: =C9+$C$3 -> 301 | E9: 25 | F9: =E9+$C$3 -> 298
A10: ED | B10: kW | D10: =$C$3*(((1/(D9-D8))*LN(D9/D8))-1/$D$4) -> 0.018257403 | E10: Qcond,h | F10: =$C$3*(((1/(F9-F8))*LN(F9/F8))-1/$D$4) -> 0.038977818 | G10: Qcond,c
C12: Exergy Destruction Summary
C13: Hot Sink | D13: Cold Sink | E13: Total
C14: ED, h | D14: ED, c | E14: ED
A15: Winter | C15: =Winter!E6 -> 41741 | D15: =Winter!H6 -> 13225 | E15: =Winter!I6 -> 54966
A16: Spring/autumn | C16: ='Spring Autumn'!E6 -> 39842 | D16: ='Spring Autumn'!H6 -> 24957 | E16: ='Spring Autumn'!I6 -> 64799
A17: Summer | C17: =Summer!E6 -> 36497 | D17: =Summer!H6 -> 40079 | E17: =Summer!I6 -> 76576

Sheet Winter
C2: Winter
C3: Hot Sink | F3: Cold Sink
C4: Condenser Duty | D4: Factor | E4: Exergy Destruction | F4: Condenser Duty | G4: =D4 -> Factor | H4: =E4 -> Exergy Destruction | I4: Total Exergy Destruction
C5: Qcond, h | D5: =Properties!D10 -> 0.018257403 | E5: ED, h | F5: Qcond, c | G5: =Properties!F10 -> 0.038977818 | H5: ED, c | I5: ED
B6: Total | C6: =SUM(C8:C679) -> 2286227 | E6: =ROUND(SUM(E8:E679),0) -> 41741 | F6: =SUM(F8:F679) -> 339293.7 | H6: =ROUND(SUM(H8:H679),0) -> 13225 | I6: =H6+E6 -> 54966
B7: Hours | C7: kWh | E7: kWh | F7: kWh | H7: kW
B8: 1 | C8: 2524.5 | E8: =C8*$D$5 -> 46.090813 | F8: 0 | H8: =$G$5*F8 -> 0
B9: 2 | C9: 2376 | E9: =C9*$D$5 -> 43.379589 | F9: 0 | H9: =$G$5*F9 -> 0
B10: 3 | C10: 2524.5 | E10: =C10*$D$5 -> 46.090813 | F10: 0 | H10: =$G$5*F10 -> 0
B11: 4 | C11: 2673 | E11: =C11*$D$5 -> 48.802038 | F11: 0 | H11: =$G$5*F11 -> 0
B12: 5 | C12: 3044.25 | E12: =C12*$D$5 -> 55.580099 | F12: 0 | H12: =$G$5*F12 -> 0
B13: 6 | C13: 3267 | E13: =C13*$D$5 -> 59.646935 | F13: 0 | H13: =$G$5*F13 -> 0
B14: 7 | C14: 3489.75 | E14: =C14*$D$5 -> 63.713772 | F14: 0 | H14: =$G$5*F14 -> 0
B15: 8 | C15: 3712.5 | E15: =C15*$D$5 -> 67.780608 | F15: 0 | H15: =$G$5*F15 -> 0
B16: 9 | C16: 3732.6611 | E16: =C16*$D$5 -> 68.148697 | F16: 202.58889 | H16: =$G$5*F16 -> 7.8964731
B17: 10 | C17: 3726.13 | E17: =C17*$D$5 -> 68.029457 | F17: 431.86998 | H17: =$G$5*F17 -> 16.83335
B18: 11 | C18: 3719.6339 | E18: =C18*$D$5 -> 67.910854 | F18: 661.11615 | H18: =$G$5*F18 -> 25.768865
B19: 12 | C19: 3713.1725 | E19: =C19*$D$5 -> 67.792886 | F19: 890.32751 | H19: =$G$5*F19 -> 34.703024
... B679: 672 | C679: 3267 | E679: =C679*$D$5 -> 59.646935 | F679: 0 | H679: =$G$5*F679 -> 0

Sheet Spring Autumn
C2: Spring/Autumn
C3: Hot Sink | F3: Cold Sink
C4: Condenser Duty | D4: Factor | E4: Exergy Destruction | F4: Condenser Duty | G4: =D4 -> Factor | H4: =E4 -> Exergy Destruction | I4: Total Exergy Destruction
C5: Qcond, h | D5: =Properties!D10 -> 0.018257403 | E5: ED, h | F5: Qcond, c | G5: =Properties!F10 -> 0.038977818 | H5: ED, c | I5: ED
B6: Total | C6: =SUM(C8:C679) -> 2182261.2 | E6: =ROUND(SUM(E8:E679),0) -> 39842 | F6: =SUM(F8:F679) -> 640290.52 | H6: =ROUND(SUM(H8:H679),0) -> 24957 | I6: =H6+E6 -> 64799
B7: Hours | C7: kWh | E7: kWh | F7: kWh | H7: kWh | I7: kWh
B8: 1 | C8: 2713.95 | E8: =$D$5*C8 -> 49.549678 | F8: 0 | H8: =$G$5*F8 -> 0
B9: 2 | C9: 2554.3059 | E9: =$D$5*C9 -> 46.634991 | F9: 0 | H9: =$G$5*F9 -> 0
B10: 3 | C10: 2713.95 | E10: =$D$5*C10 -> 49.549678 | F10: 0 | H10: =$G$5*F10 -> 0
B11: 4 | C11: 2873.5941 | E11: =$D$5*C11 -> 52.464365 | F11: 0 | H11: =$G$5*F11 -> 0
B12: 5 | C12: 3272.7044 | E12: =$D$5*C12 -> 59.751082 | F12: 0 | H12: =$G$5*F12 -> 0
B13: 6 | C13: 3512.1706 | E13: =$D$5*C13 -> 64.123113 | F13: 0 | H13: =$G$5*F13 -> 0
B14: 7 | C14: 3718.4927 | E14: =$D$5*C14 -> 67.89002 | F14: 33.144016 | H14: =$G$5*F14 -> 1.2918814
B15: 8 | C15: 3717.5067 | E15: =$D$5*C15 -> 67.872017 | F15: 273.59623 | H15: =$G$5*F15 -> 10.664184
B16: 9 | C16: 3712.4356 | E16: =$D$5*C16 -> 67.779431 | F16: 518.13353 | H16: =$G$5*F16 -> 20.195715
B17: 10 | C17: 3705.1105 | E17: =$D$5*C17 -> 67.645696 | F17: 764.92471 | H17: =$G$5*F17 -> 29.815096
B18: 11 | C18: 3697.8219 | E18: =$D$5*C18 -> 67.512623 | F18: 1011.6796 | H18: =$G$5*F18 -> 39.433063
B19: 12 | C19: 3690.5694 | E19: =$D$5*C19 -> 67.380212 | F19: 1258.3982 | H19: =$G$5*F19 -> 49.049618
... B679: 672 | C679: 3512.1706 | E679: =$D$5*C679 -> 64.123113 | F679: 0 | H679: =$G$5*F679 -> 0

Sheet Summer
C2: Summer
C3: Hot Sink | F3: Cold Sink
C4: Condenser Duty | D4: Factor | E4: Exergy Destruction | F4: Condenser Duty | G4: =D4 -> Factor | H4: =E4 -> Exergy Destruction | I4: Total Exergy Destruction
C5: Qcond, h | D5: =Properties!D10 -> 0.018257403 | E5: ED, h | F5: Qcond, c | G5: =Properties!F10 -> 0.038977818 | H5: ED, c | I5: ED
B6: Total | C6: =SUM(C8:C679) -> 1999013.7 | E6: =ROUND(SUM(E8:E679),0) -> 36497 | F6: =SUM(F8:F679) -> 1028261 | H6: =ROUND(SUM(H8:H679),0) -> 40079 | I6: =H6+E6 -> 76576
B7: Hours | C7: kWh | E7: kWh | F7: kWh | H7: kWh | I7: kWh
B8: 1 | C8: 2910.796 | E8: =$D$5*C8 -> 53.143574 | F8: 0 | H8: =$G$5*F8 -> 0
B9: 2 | C9: 2739.5727 | E9: =$D$5*C9 -> 50.017482 | F9: 0 | H9: =$G$5*F9 -> 0
B10: 3 | C10: 2910.796 | E10: =$D$5*C10 -> 53.143574 | F10: 0 | H10: =$G$5*F10 -> 0
B11: 4 | C11: 3082.0192 | E11: =$D$5*C11 -> 56.269667 | F11: 0 | H11: =$G$5*F11 -> 0
B12: 5 | C12: 3510.0775 | E12: =$D$5*C12 -> 64.084899 | F12: 0 | H12: =$G$5*F12 -> 0
B13: 6 | C13: 3720.8569 | E13: =$D$5*C13 -> 67.933183 | F13: 46.05555 | H13: =$G$5*F13 -> 1.7951449
B14: 7 | C14: 3713.486 | E14: =$D$5*C14 -> 67.79861 | F14: 310.26134 | H14: =$G$5*F14 -> 12.09331
B15: 8 | C15: 3706.1516 | E15: =$D$5*C15 -> 67.664704 | F15: 574.43064 | H15: =$G$5*F15 -> 22.390053
B16: 9 | C16: 3698.8536 | E16: =$D$5*C16 -> 67.531461 | F16: 838.56359 | H16: =$G$5*F16 -> 32.685379
B17: 10 | C17: 3691.5919 | E17: =$D$5*C17 -> 67.39888 | F17: 1102.6603 | H17: =$G$5*F17 -> 42.979293
B18: 11 | C18: 3684.3662 | E18: =$D$5*C18 -> 67.266958 | F18: 1366.7209 | H18: =$G$5*F18 -> 53.271799
B19: 12 | C19: 3677.1765 | E19: =$D$5*C19 -> 67.135693 | F19: 1630.7455 | H19: =$G$5*F19 -> 63.562902
... B679: 672 | C679: 3049.7384 | E679: =$D$5*C679 -> 55.680303 | F679: 717.17398 | H679: =$G$5*F679 -> 27.953877
